type,strike,delta,entry_date,expiry_date,entry_price,exit_date,exit_price,exit_reason,Total_Returns
CE,24350.0,0.2537947755726856,2025-05-08 13:40:00,2025-05-08,22.95,2025-05-08 14:15:00,7.3,Exit for Delta Adjustment,15.649999999999999
CE,24450.0,0.01736689386775377,2025-05-08 10:15:00,2025-05-08,7.3,2025-05-08 15:20:00,0.1,Final Expiry Exit,7.2
PE,24350.0,0.0,2025-05-08 10:15:00,2025-05-08,9.75,2025-05-08 15:20:00,59.9,Final Expiry Exit,-50.15
PE,24450.0,-0.06431265648530202,2025-05-15 10:15:00,2025-05-15,50.5,2025-05-15 13:10:00,6.85,Exit for Delta Adjustment,43.65
CE,24700.0,0.755714416280229,2025-05-15 10:15:00,2025-05-15,36.3,2025-05-15 13:15:00,229.5,Exit Max Delta Leg,-193.2
CE,24900.0,0.7147922217122844,2025-05-15 13:15:00,2025-05-15,79.35,2025-05-15 13:50:00,191.4,Exit Max Delta Leg,-112.05000000000001
PE,24700.0,-0.0912573697879186,2025-05-15 10:40:00,2025-05-15,86.4,2025-05-15 15:20:00,0.25,Final Expiry Exit,86.15
PE,24750.0,-0.11484848194249098,2025-05-15 13:10:00,2025-05-15,68.85,2025-05-15 15:20:00,0.25,Final Expiry Exit,68.6
CE,25200.0,0.20610585173040957,2025-05-15 13:50:00,2025-05-15,13.2,2025-05-15 15:20:00,0.05,Final Expiry Exit,13.149999999999999
PE,24550.0,-0.7385457418965444,2025-05-22 10:15:00,2025-05-22,25.95,2025-05-22 14:25:00,81.85,Exit Max Delta Leg,-55.89999999999999
CE,24550.0,0.6599623670108736,2025-05-22 12:50:00,2025-05-22,22.35,2025-05-22 14:50:00,39.75,Exit for Delta Adjustment,-17.4
CE,24700.0,0.1087209390344206,2025-05-22 10:15:00,2025-05-22,26.95,2025-05-22 15:20:00,0.15,Final Expiry Exit,26.8
PE,24400.0,-0.046161301537963245,2025-05-22 14:25:00,2025-05-22,6.8,2025-05-22 15:20:00,0.15,Final Expiry Exit,6.6499999999999995
PE,24400.0,-0.06255963749645735,2025-05-22 14:50:00,2025-05-22,2.0,2025-05-22 15:20:00,0.15,Final Expiry Exit,1.85
CE,24900.0,0.11394791010055855,2025-05-29 10:15:00,2025-05-29,26.25,2025-05-29 12:40:00,9.75,Exit for Delta Adjustment,16.5
CE,24700.0,0.8262667176478995,2025-05-29 12:40:00,2025-05-29,29.4,2025-05-29 13:00:00,79.3,Exit Max Delta Leg,-49.9
PE,24750.0,-0.6052835797689708,2025-05-29 10:15:00,2025-05-29,26.35,2025-05-29 15:20:00,0.2,Final Expiry Exit,26.150000000000002
CE,24800.0,0.20381118305363916,2025-05-29 10:45:00,2025-05-29,30.95,2025-05-29 15:20:00,31.7,Final Expiry Exit,-0.75
CE,24750.0,0.4014723967153317,2025-05-29 14:05:00,2025-05-29,17.7,2025-05-29 15:20:00,80.75,Final Expiry Exit,-63.05
PE,24650.0,-0.10700737757047857,2025-06-05 10:15:00,2025-06-05,16.5,2025-06-05 12:15:00,9.3,Exit for Delta Adjustment,7.199999999999999
PE,24800.0,-0.5661585254204796,2025-06-05 12:10:00,2025-06-05,51.6,2025-06-05 13:25:00,66.55,Exit for Delta Adjustment,-14.949999999999996
CE,24900.0,0.10684419517393334,2025-06-05 13:25:00,2025-06-05,11.6,2025-06-05 13:35:00,6.8,Exit for Delta Adjustment,4.8
PE,24800.0,-0.7255125890835474,2025-06-05 12:15:00,2025-06-05,39.7,2025-06-05 14:05:00,111.55,Exit Max Delta Leg,-71.85
CE,24800.0,0.1693798391074125,2025-06-05 10:15:00,2025-06-05,17.0,2025-06-05 15:20:00,0.25,Final Expiry Exit,16.75
CE,24750.0,0.30755971931468307,2025-06-05 13:35:00,2025-06-05,29.85,2025-06-05 15:20:00,2.2,Final Expiry Exit,27.650000000000002
PE,24700.0,-0.47693955842209557,2025-06-05 14:05:00,2025-06-05,30.8,2025-06-05 15:20:00,0.25,Final Expiry Exit,30.55
CE,25150.0,0.05640463521799508,2025-06-12 10:15:00,2025-06-12,26.5,2025-06-12 13:40:00,3.35,Exit for Delta Adjustment,23.15
PE,25000.0,-0.7016651503577802,2025-06-12 10:15:00,2025-06-12,20.9,2025-06-12 13:45:00,115.8,Exit Max Delta Leg,-94.9
PE,24950.0,-0.7949081263148854,2025-06-12 13:45:00,2025-06-12,75.3,2025-06-12 14:10:00,133.05,Exit Max Delta Leg,-57.750000000000014
CE,25000.0,0.08775820087290465,2025-06-12 13:30:00,2025-06-12,27.9,2025-06-12 15:20:00,0.15,Final Expiry Exit,27.75
CE,24950.0,0.13573376236425622,2025-06-12 13:40:00,2025-06-12,23.75,2025-06-12 15:20:00,0.1,Final Expiry Exit,23.65
PE,24750.0,-0.22349196323716086,2025-06-12 14:10:00,2025-06-12,11.75,2025-06-12 15:20:00,0.1,Final Expiry Exit,11.65
CE,24900.0,0.15309332699349465,2025-06-19 10:15:00,2025-06-19,11.9,2025-06-19 15:20:00,0.1,Final Expiry Exit,11.8
PE,24800.0,-0.4755747065014542,2025-06-19 10:15:00,2025-06-19,17.55,2025-06-19 15:20:00,2.4,Final Expiry Exit,15.15
CE,24850.0,0.3224813795079596,2025-06-19 10:35:00,2025-06-19,15.35,2025-06-19 15:20:00,0.15,Final Expiry Exit,15.2
CE,25500.0,0.5069980291272271,2025-06-26 10:15:00,2025-06-26,26.5,2025-06-26 15:20:00,46.35,Final Expiry Exit,-19.85
PE,25300.0,-0.11046321966150557,2025-06-26 10:15:00,2025-06-26,33.9,2025-06-26 15:20:00,0.25,Final Expiry Exit,33.65
PE,25450.0,-0.39653480946572156,2025-06-26 14:00:00,2025-06-26,28.05,2025-06-26 15:20:00,0.3,Final Expiry Exit,27.75
CE,25500.0,0.7198194726961057,2025-07-03 12:20:00,2025-07-03,20.85,2025-07-03 13:40:00,92.7,Exit Max Delta Leg,-71.85
PE,25500.0,-0.6682439374965229,2025-07-03 10:15:00,2025-07-03,29.4,2025-07-03 14:30:00,68.15,Exit for Delta Adjustment,-38.75000000000001
PE,25450.0,-0.7282296156179617,2025-07-03 13:40:00,2025-07-03,8.75,2025-07-03 14:40:00,60.2,Exit Max Delta Leg,-51.45
CE,25600.0,0.032464517879337795,2025-07-03 10:15:00,2025-07-03,21.8,2025-07-03 15:20:00,0.1,Final Expiry Exit,21.7
CE,25450.0,0.24890319144598155,2025-07-03 14:30:00,2025-07-03,24.1,2025-07-03 15:20:00,0.1,Final Expiry Exit,24.0
PE,25350.0,-0.28136770932531935,2025-07-03 14:40:00,2025-07-03,8.5,2025-07-03 15:20:00,0.1,Final Expiry Exit,8.4
CE,25500.0,0.25879983031224435,2025-07-10 10:15:00,2025-07-10,20.6,2025-07-10 15:20:00,0.1,Final Expiry Exit,20.5
PE,25350.0,-0.307376652064284,2025-07-10 10:15:00,2025-07-10,25.2,2025-07-10 15:20:00,0.15,Final Expiry Exit,25.05
PE,25200.0,-0.876638619296069,2025-07-17 11:40:00,2025-07-17,22.9,2025-07-17 14:30:00,68.3,Exit Max Delta Leg,-45.4
CE,25200.0,0.10275506412778956,2025-07-17 10:15:00,2025-07-17,24.15,2025-07-17 15:20:00,0.15,Final Expiry Exit,24.0
PE,25100.0,-0.22490335191358196,2025-07-17 10:15:00,2025-07-17,17.05,2025-07-17 15:20:00,0.2,Final Expiry Exit,16.85
CE,25200.0,0.1221482877857924,2025-07-17 14:30:00,2025-07-17,2.5,2025-07-17 15:20:00,0.15,Final Expiry Exit,2.35
CE,25200.0,0.10762681408538421,2025-07-24 10:15:00,2025-07-24,16.8,2025-07-24 12:05:00,6.6,Exit for Delta Adjustment,10.200000000000001
CE,25050.0,0.7768243947490805,2025-07-24 12:05:00,2025-07-24,34.6,2025-07-24 13:50:00,59.05,Exit Max Delta Leg,-24.449999999999996
PE,25100.0,-0.7597879311566762,2025-07-24 10:15:00,2025-07-24,10.15,2025-07-24 14:00:00,36.2,Exit Max Delta Leg,-26.050000000000004
CE,25150.0,0.09579076238704393,2025-07-24 11:35:00,2025-07-24,15.0,2025-07-24 15:20:00,0.1,Final Expiry Exit,14.9
CE,25150.0,0.09579076238704393,2025-07-24 13:50:00,2025-07-24,8.3,2025-07-24 15:20:00,0.1,Final Expiry Exit,8.200000000000001
PE,25000.0,-0.19158152477408785,2025-07-24 14:00:00,2025-07-24,4.0,2025-07-24 15:20:00,0.1,Final Expiry Exit,3.9
PE,24600.0,-0.08715124199617807,2025-07-31 10:15:00,2025-07-31,23.1,2025-07-31 11:35:00,6.3,Exit for Delta Adjustment,16.8
CE,24750.0,0.7712722769877187,2025-07-31 10:15:00,2025-07-31,16.6,2025-07-31 12:20:00,111.5,Exit Max Delta Leg,-94.9
CE,24850.0,0.7042117279316834,2025-07-31 12:20:00,2025-07-31,45.2,2025-07-31 13:20:00,84.5,Exit Max Delta Leg,-39.3
PE,24750.0,-0.09950581076811132,2025-07-31 11:05:00,2025-07-31,45.0,2025-07-31 15:20:00,0.6,Final Expiry Exit,44.4
PE,24750.0,-0.09950581076811132,2025-07-31 11:35:00,2025-07-31,27.3,2025-07-31 15:20:00,0.6,Final Expiry Exit,26.7
CE,25000.0,0.19901162153622265,2025-07-31 13:20:00,2025-07-31,15.55,2025-07-31 15:20:00,0.1,Final Expiry Exit,15.450000000000001
PE,24450.0,-0.784938060161108,2025-08-07 10:15:00,2025-08-07,25.45,2025-08-07 13:25:00,99.05,Exit Max Delta Leg,-73.6
CE,24500.0,0.3124932508567294,2025-08-07 10:30:00,2025-08-07,20.85,2025-08-07 14:20:00,13.2,Exit for Delta Adjustment,7.650000000000002
PE,24250.0,-0.007678798278745649,2025-08-07 13:25:00,2025-08-07,5.25,2025-08-07 14:55:00,0.3,Exit for Delta Adjustment,4.95
CE,24550.0,0.3941438336415267,2025-08-07 10:15:00,2025-08-07,16.65,2025-08-07 15:20:00,38.3,Final Expiry Exit,-21.65
PE,24350.0,-0.016104520172351176,2025-08-07 14:20:00,2025-08-07,2.55,2025-08-07 15:20:00,0.15,Final Expiry Exit,2.4
PE,24500.0,-0.3780393134691755,2025-08-07 14:55:00,2025-08-07,6.5,2025-08-07 15:20:00,0.1,Final Expiry Exit,6.4
CE,24700.0,0.28438687069759694,2025-08-14 10:15:00,2025-08-14,21.35,2025-08-14 15:20:00,0.1,Final Expiry Exit,21.25
PE,24550.0,-0.2522976266942587,2025-08-14 10:15:00,2025-08-14,18.4,2025-08-14 15:20:00,0.1,Final Expiry Exit,18.299999999999997
CE,25200.0,0.22196554858066975,2025-08-21 10:15:00,2025-08-21,11.8,2025-08-21 15:20:00,0.1,Final Expiry Exit,11.700000000000001
PE,25050.0,-0.22576119873500067,2025-08-21 10:15:00,2025-08-21,13.75,2025-08-21 15:20:00,0.15,Final Expiry Exit,13.6
PE,24650.0,-0.730709628865338,2025-08-28 11:00:00,2025-08-28,34.9,2025-08-28 12:25:00,79.25,Exit Max Delta Leg,-44.35
CE,24650.0,0.02834351627103679,2025-08-28 10:15:00,2025-08-28,15.6,2025-08-28 15:20:00,0.15,Final Expiry Exit,15.45
PE,24550.0,0.0,2025-08-28 10:15:00,2025-08-28,26.8,2025-08-28 15:20:00,55.5,Final Expiry Exit,-28.7
CE,24700.0,0.01873382901773355,2025-08-28 12:25:00,2025-08-28,6.25,2025-08-28 15:20:00,0.2,Final Expiry Exit,6.05
CE,23700.0,0.2851429690521192,2025-02-06 10:15:00,2025-02-06,20.65,2025-02-06 15:20:00,0.1,Final Expiry Exit,20.549999999999997
PE,23550.0,-0.26587786643562694,2025-02-06 10:15:00,2025-02-06,21.8,2025-02-06 15:20:00,0.1,Final Expiry Exit,21.7
CE,23250.0,0.06922498347717516,2025-02-13 10:15:00,2025-02-13,36.65,2025-02-13 15:20:00,0.1,Final Expiry Exit,36.55
PE,23100.0,-0.5684449832447055,2025-02-13 10:15:00,2025-02-13,38.9,2025-02-13 15:20:00,67.6,Final Expiry Exit,-28.699999999999996
CE,23100.0,0.49921999976753034,2025-02-13 13:40:00,2025-02-13,31.2,2025-02-13 15:20:00,0.15,Final Expiry Exit,31.05
CE,22950.0,0.302112057906793,2025-02-20 10:15:00,2025-02-20,26.3,2025-02-20 15:20:00,0.15,Final Expiry Exit,26.150000000000002
PE,22800.0,-0.2641774169088935,2025-02-20 10:15:00,2025-02-20,20.1,2025-02-20 15:20:00,0.1,Final Expiry Exit,20.0
CE,22600.0,0.22354761350686042,2025-02-27 10:15:00,2025-02-27,8.9,2025-02-27 15:20:00,0.05,Final Expiry Exit,8.85
PE,22500.0,-0.25335430224754574,2025-02-27 10:15:00,2025-02-27,10.85,2025-02-27 15:20:00,0.2,Final Expiry Exit,10.65
CE,22400.0,0.736038818648902,2025-03-06 10:15:00,2025-03-06,19.45,2025-03-06 12:45:00,62.2,Exit Max Delta Leg,-42.75
CE,22450.0,0.8446047157257865,2025-03-06 12:45:00,2025-03-06,31.8,2025-03-06 13:50:00,62.15,Exit Max Delta Leg,-30.349999999999998
PE,22250.0,-0.024961142100492197,2025-03-06 10:15:00,2025-03-06,22.5,2025-03-06 15:20:00,0.05,Final Expiry Exit,22.45
PE,22400.0,-0.10528064914504809,2025-03-06 11:10:00,2025-03-06,35.05,2025-03-06 15:20:00,0.1,Final Expiry Exit,34.949999999999996
CE,22600.0,0.13024179124554028,2025-03-06 13:50:00,2025-03-06,3.45,2025-03-06 15:20:00,0.05,Final Expiry Exit,3.4000000000000004
CE,22600.0,0.08702801707200203,2025-03-13 10:15:00,2025-03-13,15.4,2025-03-13 11:40:00,4.8,Exit for Delta Adjustment,10.600000000000001
CE,22550.0,0.14021250450645972,2025-03-13 11:00:00,2025-03-13,13.55,2025-03-13 11:45:00,7.45,Exit for Delta Adjustment,6.1000000000000005
PE,22500.0,-0.7154701793271796,2025-03-13 10:15:00,2025-03-13,16.0,2025-03-13 11:50:00,115.8,Exit Max Delta Leg,-99.8
CE,22450.0,0.3198192028422278,2025-03-13 11:40:00,2025-03-13,28.0,2025-03-13 15:20:00,0.15,Final Expiry Exit,27.85
CE,22500.0,0.1782087544053279,2025-03-13 11:45:00,2025-03-13,14.45,2025-03-13 15:20:00,0.05,Final Expiry Exit,14.399999999999999
PE,22400.0,-0.4980279572475557,2025-03-13 11:50:00,2025-03-13,39.45,2025-03-13 15:20:00,2.05,Final Expiry Exit,37.400000000000006
CE,23050.0,0.789538311274531,2025-03-20 10:15:00,2025-03-20,26.95,2025-03-20 12:50:00,61.85,Exit Max Delta Leg,-34.900000000000006
PE,22900.0,-0.04027423126768952,2025-03-20 10:15:00,2025-03-20,24.25,2025-03-20 13:25:00,2.5,Exit for Delta Adjustment,21.75
CE,23150.0,0.7615264754908296,2025-03-20 12:50:00,2025-03-20,9.35,2025-03-20 14:05:00,61.1,Exit Max Delta Leg,-51.75
PE,23050.0,-0.05124726144449408,2025-03-20 11:15:00,2025-03-20,31.25,2025-03-20 15:20:00,0.15,Final Expiry Exit,31.1
PE,23150.0,-0.1687137938228635,2025-03-20 13:25:00,2025-03-20,26.0,2025-03-20 15:20:00,0.1,Final Expiry Exit,25.9
CE,23250.0,0.2199610552673576,2025-03-20 14:05:00,2025-03-20,5.95,2025-03-20 15:20:00,0.1,Final Expiry Exit,5.8500000000000005
CE,23650.0,0.36416035071388886,2025-03-27 10:15:00,2025-03-27,30.85,2025-03-27 15:20:00,0.2,Final Expiry Exit,30.650000000000002
PE,23550.0,-0.3165274695493766,2025-03-27 10:15:00,2025-03-27,24.45,2025-03-27 15:20:00,0.35,Final Expiry Exit,24.099999999999998
CE,23300.0,0.5408279672372611,2025-04-03 10:15:00,2025-04-03,22.95,2025-04-03 15:20:00,0.15,Final Expiry Exit,22.8
PE,23200.0,-0.15757920946472692,2025-04-03 10:15:00,2025-04-03,12.95,2025-04-03 15:20:00,0.15,Final Expiry Exit,12.799999999999999
PE,23300.0,-0.3832487577725342,2025-04-03 10:25:00,2025-04-03,32.0,2025-04-03 15:20:00,50.8,Final Expiry Exit,-18.799999999999997
CE,22450.0,0.2760878854397728,2025-04-09 10:15:00,2025-04-09,18.4,2025-04-09 15:20:00,0.15,Final Expiry Exit,18.25
PE,22300.0,-0.2653679516121656,2025-04-09 10:15:00,2025-04-09,22.15,2025-04-09 15:20:00,0.1,Final Expiry Exit,22.049999999999997
PE,23300.0,-0.18043856467922714,2025-04-17 10:15:00,2025-04-17,31.3,2025-04-17 11:20:00,20.15,Exit for Delta Adjustment,11.150000000000002
CE,23400.0,0.737992556932054,2025-04-17 10:15:00,2025-04-17,25.95,2025-04-17 11:35:00,176.4,Exit Max Delta Leg,-150.45000000000002
CE,23500.0,0.7890965230802651,2025-04-17 11:35:00,2025-04-17,113.55,2025-04-17 12:20:00,174.7,Exit Max Delta Leg,-61.14999999999999
PE,23300.0,-0.024994516433728492,2025-04-17 10:35:00,2025-04-17,23.1,2025-04-17 13:15:00,2.4,Exit for Delta Adjustment,20.700000000000003
CE,23750.0,0.9218736204912308,2025-04-17 12:20:00,2025-04-17,13.8,2025-04-17 14:05:00,103.35,Exit Max Delta Leg,-89.55
PE,23500.0,-0.03712442781252425,2025-04-17 11:20:00,2025-04-17,101.0,2025-04-17 15:20:00,0.15,Final Expiry Exit,100.85
PE,23800.0,-0.22902749481361018,2025-04-17 13:15:00,2025-04-17,32.5,2025-04-17 15:20:00,0.2,Final Expiry Exit,32.3
CE,23900.0,0.2661519226261344,2025-04-17 14:05:00,2025-04-17,9.55,2025-04-17 15:20:00,0.15,Final Expiry Exit,9.4
PE,25450.0,-0.7724925563816702,2024-10-03 10:15:00,2024-10-03,38.35,2024-10-03 13:05:00,95.15,Exit Max Delta Leg,-56.800000000000004
CE,25600.0,0.02394078854608813,2024-10-03 10:15:00,2024-10-03,32.25,2024-10-03 13:55:00,1.55,Exit for Delta Adjustment,30.7
CE,25500.0,0.039522586178938925,2024-10-03 11:25:00,2024-10-03,30.6,2024-10-03 15:20:00,0.1,Final Expiry Exit,30.5
PE,25300.0,-0.6742497413826085,2024-10-03 13:05:00,2024-10-03,10.45,2024-10-03 15:20:00,47.35,Final Expiry Exit,-36.900000000000006
CE,25250.0,0.6347271552036696,2024-10-03 13:55:00,2024-10-03,32.1,2024-10-03 15:20:00,3.1,Final Expiry Exit,29.0
CE,25200.0,0.1455821377396152,2024-10-10 10:15:00,2024-10-10,28.1,2024-10-10 15:20:00,0.1,Final Expiry Exit,28.0
PE,25050.0,-0.4862799878717365,2024-10-10 10:15:00,2024-10-10,28.15,2024-10-10 15:20:00,51.35,Final Expiry Exit,-23.200000000000003
CE,25100.0,0.3406978501321213,2024-10-10 10:50:00,2024-10-10,23.75,2024-10-10 15:20:00,0.1,Final Expiry Exit,23.65
CE,24800.0,0.12859792209834114,2024-10-17 11:15:00,2024-10-17,30.15,2024-10-17 14:10:00,3.4,Exit for Delta Adjustment,26.75
PE,24800.0,-0.769484324842298,2024-10-17 10:15:00,2024-10-17,25.65,2024-10-17 14:30:00,41.65,Exit Max Delta Leg,-16.0
CE,24500.0,0.12743342116395262,2024-10-24 10:15:00,2024-10-24,21.7,2024-10-24 15:20:00,0.05,Final Expiry Exit,21.65
PE,24400.0,-0.48644632589526143,2024-10-24 10:15:00,2024-10-24,22.35,2024-10-24 15:20:00,0.25,Final Expiry Exit,22.1
CE,24450.0,0.3590129047313088,2024-10-24 11:10:00,2024-10-24,8.65,2024-10-24 15:20:00,0.1,Final Expiry Exit,8.55
CE,24350.0,0.06431824167093547,2024-10-31 10:15:00,2024-10-31,14.45,2024-10-31 15:20:00,0.1,Final Expiry Exit,14.35
PE,24200.0,-0.5179527427786944,2024-10-31 10:15:00,2024-10-31,15.8,2024-10-31 15:20:00,0.95,Final Expiry Exit,14.850000000000001
CE,24200.0,0.45363450110775894,2024-10-31 12:50:00,2024-10-31,19.95,2024-10-31 15:20:00,2.95,Final Expiry Exit,17.0
CE,24300.0,0.31329100823328127,2024-11-07 10:15:00,2024-11-07,28.9,2024-11-07 15:20:00,0.1,Final Expiry Exit,28.799999999999997
PE,24150.0,-0.30078319164213485,2024-11-07 10:15:00,2024-11-07,29.45,2024-11-07 15:20:00,0.1,Final Expiry Exit,29.349999999999998
CE,23700.0,0.06785697983919327,2024-11-14 10:15:00,2024-11-14,23.6,2024-11-14 11:15:00,4.05,Exit for Delta Adjustment,19.55
CE,23500.0,0.9669481886109149,2024-11-14 11:15:00,2024-11-14,28.15,2024-11-14 12:00:00,30.9,Exit Max Delta Leg,-2.75
PE,23550.0,-0.5732533398960451,2024-11-14 10:15:00,2024-11-14,26.4,2024-11-14 15:20:00,16.7,Final Expiry Exit,9.7
CE,23550.0,0.3655548738387907,2024-11-14 11:05:00,2024-11-14,20.95,2024-11-14 15:20:00,0.15,Final Expiry Exit,20.8
CE,23600.0,0.2076984660572544,2024-11-14 12:00:00,2024-11-14,8.55,2024-11-14 15:20:00,0.2,Final Expiry Exit,8.350000000000001
CE,23350.0,0.5491153873212357,2024-11-21 10:15:00,2024-11-21,17.05,2024-11-21 15:20:00,0.3,Final Expiry Exit,16.75
PE,23250.0,-0.1066809141960896,2024-11-21 10:15:00,2024-11-21,21.4,2024-11-21 15:20:00,0.05,Final Expiry Exit,21.349999999999998
PE,23350.0,-0.44243447312514605,2024-11-21 12:00:00,2024-11-21,27.55,2024-11-21 15:20:00,1.25,Final Expiry Exit,26.3
CE,24400.0,0.13535831562520861,2024-11-28 10:15:00,2024-11-28,32.35,2024-11-28 10:40:00,16.05,Exit for Delta Adjustment,16.3
PE,24250.0,-0.7256172002854363,2024-11-28 10:15:00,2024-11-28,26.7,2024-11-28 10:50:00,220.3,Exit Max Delta Leg,-193.60000000000002
PE,24100.0,-0.8464706858066877,2024-11-28 10:50:00,2024-11-28,118.05,2024-11-28 14:20:00,189.4,Exit Max Delta Leg,-71.35000000000001
CE,24300.0,0.025634733622406217,2024-11-28 10:35:00,2024-11-28,41.65,2024-11-28 15:20:00,0.2,Final Expiry Exit,41.449999999999996
CE,24200.0,0.05607374512617207,2024-11-28 10:40:00,2024-11-28,62.15,2024-11-28 15:20:00,0.15,Final Expiry Exit,62.0
PE,23700.0,-0.08170847874857828,2024-11-28 14:20:00,2024-11-28,4.55,2024-11-28 15:20:00,0.1,Final Expiry Exit,4.45
CE,24600.0,0.71813847169584,2024-12-05 10:15:00,2024-12-05,50.25,2024-12-05 14:15:00,180.15,Exit Max Delta Leg,-129.9
PE,24250.0,-0.035706496232490094,2024-12-05 10:15:00,2024-12-05,76.45,2024-12-05 15:20:00,0.3,Final Expiry Exit,76.15
PE,24550.0,-0.186320879399342,2024-12-05 12:20:00,2024-12-05,99.75,2024-12-05 15:20:00,0.3,Final Expiry Exit,99.45
CE,24900.0,0.22202737563183209,2024-12-05 14:15:00,2024-12-05,17.0,2024-12-05 15:20:00,0.25,Final Expiry Exit,16.75
CE,24700.0,0.0702306598902365,2024-12-12 10:15:00,2024-12-12,20.9,2024-12-12 15:20:00,0.15,Final Expiry Exit,20.75
PE,24550.0,-0.5016656544218865,2024-12-12 10:15:00,2024-12-12,26.8,2024-12-12 15:20:00,0.55,Final Expiry Exit,26.25
CE,24550.0,0.43143499453165,2024-12-12 13:35:00,2024-12-12,15.6,2024-12-12 15:20:00,0.45,Final Expiry Exit,15.15
CE,24000.0,0.2889076011162055,2024-12-19 10:15:00,2024-12-19,22.05,2024-12-19 15:20:00,0.1,Final Expiry Exit,21.95
PE,23850.0,-0.2808174880805195,2024-12-19 10:15:00,2024-12-19,24.7,2024-12-19 15:20:00,0.1,Final Expiry Exit,24.599999999999998
CE,23750.0,0.5528958451114663,2024-12-26 13:35:00,2024-12-26,15.0,2024-12-26 13:45:00,21.05,Exit for Delta Adjustment,-6.050000000000001
CE,23800.0,0.24840885831209397,2024-12-26 10:15:00,2024-12-26,25.7,2024-12-26 15:20:00,0.05,Final Expiry Exit,25.65
PE,23700.0,-0.26333085339936685,2024-12-26 10:15:00,2024-12-26,34.4,2024-12-26 15:20:00,0.1,Final Expiry Exit,34.3
PE,23700.0,-0.10702686710551484,2025-01-02 10:15:00,2025-01-02,47.65,2025-01-02 12:35:00,14.7,Exit for Delta Adjustment,32.95
CE,23950.0,0.7723583651285083,2025-01-02 10:15:00,2025-01-02,51.25,2025-01-02 13:10:00,163.3,Exit Max Delta Leg,-112.05000000000001
CE,24150.0,0.8222478395192383,2025-01-02 13:10:00,2025-01-02,28.45,2025-01-02 14:50:00,51.2,Exit Max Delta Leg,-22.750000000000004
PE,23900.0,-0.018281689792851868,2025-01-02 11:30:00,2025-01-02,54.1,2025-01-02 15:20:00,0.1,Final Expiry Exit,54.0
PE,24000.0,-0.03312122753643289,2025-01-02 12:35:00,2025-01-02,70.65,2025-01-02 15:20:00,0.15,Final Expiry Exit,70.5
CE,24300.0,0.05140291732928476,2025-01-02 14:50:00,2025-01-02,0.95,2025-01-02 15:20:00,0.1,Final Expiry Exit,0.85
PE,23600.0,-0.8579198257257714,2025-01-09 10:15:00,2025-01-09,26.15,2025-01-09 14:35:00,81.0,Exit Max Delta Leg,-54.85
CE,23700.0,0.020595511204841526,2025-01-09 10:15:00,2025-01-09,20.6,2025-01-09 15:20:00,0.1,Final Expiry Exit,20.5
CE,23550.0,0.20857664674904214,2025-01-09 10:50:00,2025-01-09,40.05,2025-01-09 15:20:00,0.05,Final Expiry Exit,40.0
PE,23500.0,-0.22917215795388365,2025-01-09 14:35:00,2025-01-09,6.45,2025-01-09 15:20:00,0.1,Final Expiry Exit,6.3500000000000005
CE,23350.0,0.3322297910745641,2025-01-16 10:15:00,2025-01-16,16.85,2025-01-16 15:20:00,0.15,Final Expiry Exit,16.700000000000003
PE,23250.0,-0.23719604491988033,2025-01-16 10:15:00,2025-01-16,13.0,2025-01-16 15:20:00,0.05,Final Expiry Exit,12.95
CE,23300.0,0.22878698981730194,2025-01-23 10:15:00,2025-01-23,13.6,2025-01-23 15:20:00,0.05,Final Expiry Exit,13.549999999999999
PE,23150.0,-0.22802237295850486,2025-01-23 10:15:00,2025-01-23,13.1,2025-01-23 15:20:00,0.05,Final Expiry Exit,13.049999999999999
CE,23400.0,0.03175824433917168,2025-01-30 10:15:00,2025-01-30,40.5,2025-01-30 15:20:00,0.1,Final Expiry Exit,40.4
PE,23150.0,-0.49448204401616064,2025-01-30 10:15:00,2025-01-30,54.15,2025-01-30 15:20:00,0.2,Final Expiry Exit,53.949999999999996
CE,23150.0,0.46272379967698896,2025-01-30 14:35:00,2025-01-30,23.9,2025-01-30 15:20:00,93.65,Final Expiry Exit,-69.75
CE,23450.0,0.35050102762583196,2024-06-13 10:15:00,2024-06-13,24.1,2024-06-13 15:20:00,0.1,Final Expiry Exit,24.0
PE,23350.0,-0.3130058521603933,2024-06-13 10:15:00,2024-06-13,25.25,2024-06-13 15:20:00,0.1,Final Expiry Exit,25.15
CE,23550.0,0.7500438494226757,2024-06-20 10:15:00,2024-06-20,29.9,2024-06-20 13:25:00,74.65,Exit Max Delta Leg,-44.75000000000001
PE,23400.0,-0.04932534427191792,2024-06-20 10:15:00,2024-06-20,36.8,2024-06-20 15:20:00,0.05,Final Expiry Exit,36.75
PE,23500.0,-0.13543407159089355,2024-06-20 11:05:00,2024-06-20,28.35,2024-06-20 15:20:00,0.1,Final Expiry Exit,28.25
CE,23700.0,0.18475941586281147,2024-06-20 13:25:00,2024-06-20,11.75,2024-06-20 15:20:00,0.05,Final Expiry Exit,11.7
CE,23900.0,0.629630449608076,2024-06-27 10:45:00,2024-06-27,47.6,2024-06-27 11:45:00,91.2,Exit for Delta Adjustment,-43.6
CE,24050.0,0.35418470403345226,2024-06-27 10:15:00,2024-06-27,28.85,2024-06-27 15:20:00,3.7,Final Expiry Exit,25.150000000000002
PE,23850.0,-0.035540763175218835,2024-06-27 10:15:00,2024-06-27,25.45,2024-06-27 15:20:00,0.15,Final Expiry Exit,25.3
PE,24000.0,-0.31864394085823344,2024-06-27 14:55:00,2024-06-27,22.05,2024-06-27 15:20:00,0.2,Final Expiry Exit,21.85
CE,24450.0,0.270770622774957,2024-07-04 10:15:00,2024-07-04,17.35,2024-07-04 15:20:00,0.05,Final Expiry Exit,17.3
PE,24300.0,-0.23364212714625876,2024-07-04 10:15:00,2024-07-04,16.2,2024-07-04 15:20:00,0.6,Final Expiry Exit,15.6
CE,24350.0,0.25429293280831144,2024-07-11 10:15:00,2024-07-11,16.35,2024-07-11 15:20:00,0.1,Final Expiry Exit,16.25
PE,24200.0,-0.2504709370900804,2024-07-11 10:15:00,2024-07-11,17.6,2024-07-11 15:20:00,0.1,Final Expiry Exit,17.5
CE,24700.0,0.11269146251100298,2024-07-18 10:15:00,2024-07-18,26.25,2024-07-18 11:15:00,7.05,Exit for Delta Adjustment,19.2
CE,24550.0,0.6545341017440992,2024-07-18 11:15:00,2024-07-18,41.85,2024-07-18 12:15:00,95.4,Exit for Delta Adjustment,-53.550000000000004
CE,24650.0,0.643651179425015,2024-07-18 11:00:00,2024-07-18,24.75,2024-07-18 13:15:00,114.1,Exit for Delta Adjustment,-89.35
PE,24500.0,-0.028410109476723545,2024-07-18 13:15:00,2024-07-18,6.65,2024-07-18 14:05:00,1.75,Exit for Delta Adjustment,4.9
PE,24600.0,-0.06134020982620088,2024-07-18 10:15:00,2024-07-18,20.95,2024-07-18 15:20:00,0.15,Final Expiry Exit,20.8
CE,24800.0,0.5087628590127518,2024-07-18 12:15:00,2024-07-18,4.7,2024-07-18 15:20:00,8.7,Final Expiry Exit,-3.999999999999999
PE,24800.0,-0.4474226491865509,2024-07-18 14:05:00,2024-07-18,30.85,2024-07-18 15:20:00,0.35,Final Expiry Exit,30.5
PE,24350.0,-0.13964806323174567,2024-07-25 11:50:00,2024-07-25,34.3,2024-07-25 14:05:00,4.55,Exit for Delta Adjustment,29.749999999999996
CE,24350.0,0.9248719485311243,2024-07-25 10:15:00,2024-07-25,23.7,2024-07-25 14:35:00,58.9,Exit Max Delta Leg,-35.2
CE,25100.0,0.1340393969796183,2024-08-01 10:15:00,2024-08-01,14.1,2024-08-01 15:20:00,0.05,Final Expiry Exit,14.049999999999999
PE,25000.0,-0.4875050008730458,2024-08-01 10:15:00,2024-08-01,27.3,2024-08-01 15:20:00,0.1,Final Expiry Exit,27.2
CE,25050.0,0.3534656038934275,2024-08-01 11:45:00,2024-08-01,11.85,2024-08-01 15:20:00,0.05,Final Expiry Exit,11.799999999999999
PE,24250.0,-0.7238470712511286,2024-08-08 12:15:00,2024-08-08,60.7,2024-08-08 13:30:00,172.7,Exit Max Delta Leg,-111.99999999999999
CE,24300.0,0.13360876041446723,2024-08-08 10:15:00,2024-08-08,39.2,2024-08-08 15:20:00,0.1,Final Expiry Exit,39.1
PE,24050.0,-0.36294419416882023,2024-08-08 10:15:00,2024-08-08,53.9,2024-08-08 15:20:00,0.1,Final Expiry Exit,53.8
CE,24250.0,0.229335433754353,2024-08-08 13:30:00,2024-08-08,17.6,2024-08-08 15:20:00,0.1,Final Expiry Exit,17.5
CE,24200.0,0.344491164262639,2024-08-14 10:15:00,2024-08-14,24.75,2024-08-14 15:20:00,0.05,Final Expiry Exit,24.7
PE,24100.0,-0.32318200020607224,2024-08-14 10:15:00,2024-08-14,26.25,2024-08-14 15:20:00,0.2,Final Expiry Exit,26.05
CE,24850.0,0.3430986206604789,2024-08-22 10:15:00,2024-08-22,17.6,2024-08-22 15:20:00,0.15,Final Expiry Exit,17.450000000000003
PE,24750.0,-0.25129777359826017,2024-08-22 10:15:00,2024-08-22,15.5,2024-08-22 15:20:00,0.1,Final Expiry Exit,15.4
PE,25100.0,-0.6583748692577547,2024-08-29 12:35:00,2024-08-29,16.1,2024-08-29 14:05:00,124.65,Exit for Delta Adjustment,-108.55000000000001
CE,25050.0,0.7034673119296211,2024-08-29 14:05:00,2024-08-29,40.05,2024-08-29 14:55:00,95.05,Exit Max Delta Leg,-55.0
CE,25150.0,0.3964404778018752,2024-08-29 10:15:00,2024-08-29,30.35,2024-08-29 15:20:00,2.45,Final Expiry Exit,27.900000000000002
PE,25050.0,-0.25815397158251463,2024-08-29 10:15:00,2024-08-29,27.2,2024-08-29 15:20:00,0.25,Final Expiry Exit,26.95
PE,25000.0,-0.13828650621936056,2024-08-29 14:55:00,2024-08-29,7.8,2024-08-29 15:20:00,0.15,Final Expiry Exit,7.6499999999999995
CE,25250.0,0.05814209270080534,2024-09-05 10:15:00,2024-09-05,25.3,2024-09-05 15:20:00,0.1,Final Expiry Exit,25.2
PE,25150.0,-0.5169012077984126,2024-09-05 10:15:00,2024-09-05,26.35,2024-09-05 15:20:00,3.85,Final Expiry Exit,22.5
CE,25150.0,0.4587591150976073,2024-09-05 14:30:00,2024-09-05,11.55,2024-09-05 15:20:00,0.35,Final Expiry Exit,11.200000000000001
CE,25100.0,0.7879515099942076,2024-09-12 10:15:00,2024-09-12,25.8,2024-09-12 14:10:00,122.75,Exit Max Delta Leg,-96.95
PE,25150.0,-0.04926349922732382,2024-09-12 14:05:00,2024-09-12,55.2,2024-09-12 14:50:00,2.05,Exit for Delta Adjustment,53.150000000000006
PE,24950.0,-0.01062288292630155,2024-09-12 10:15:00,2024-09-12,36.6,2024-09-12 15:20:00,0.1,Final Expiry Exit,36.5
CE,25250.0,0.0,2024-09-12 14:10:00,2024-09-12,16.95,2024-09-12 15:20:00,141.55,Final Expiry Exit,-124.60000000000001
PE,25450.0,-0.8116120198152028,2024-09-19 10:15:00,2024-09-19,19.65,2024-09-19 13:50:00,77.3,Exit Max Delta Leg,-57.65
CE,25600.0,0.037755841106352946,2024-09-19 10:15:00,2024-09-19,18.8,2024-09-19 15:20:00,0.1,Final Expiry Exit,18.7
CE,25450.0,0.17499640615677697,2024-09-19 11:30:00,2024-09-19,41.85,2024-09-19 15:20:00,0.15,Final Expiry Exit,41.7
PE,25300.0,-0.2127522472631299,2024-09-19 13:50:00,2024-09-19,7.3,2024-09-19 15:20:00,0.1,Final Expiry Exit,7.2
CE,26150.0,0.5822426680740921,2024-09-26 10:15:00,2024-09-26,29.05,2024-09-26 15:20:00,69.7,Final Expiry Exit,-40.650000000000006
PE,26000.0,-0.1202223727760694,2024-09-26 10:15:00,2024-09-26,35.05,2024-09-26 15:20:00,0.25,Final Expiry Exit,34.8
PE,26150.0,-0.4620202952980227,2024-09-26 14:40:00,2024-09-26,38.55,2024-09-26 15:20:00,0.25,Final Expiry Exit,38.3
CE,21900.0,0.31342070155969914,2024-02-01 10:15:00,2024-02-01,51.25,2024-02-01 15:20:00,0.05,Final Expiry Exit,51.2
PE,21650.0,-0.29229398802047174,2024-02-01 10:15:00,2024-02-01,42.45,2024-02-01 15:20:00,0.1,Final Expiry Exit,42.35
CE,22000.0,0.06581189807372052,2024-02-08 10:15:00,2024-02-08,22.5,2024-02-08 11:05:00,4.6,Exit for Delta Adjustment,17.9
CE,21850.0,0.18557254731643602,2024-02-08 11:00:00,2024-02-08,32.15,2024-02-08 11:10:00,14.1,Exit for Delta Adjustment,18.049999999999997
CE,21750.0,0.4593568900598914,2024-02-08 11:10:00,2024-02-08,35.9,2024-02-08 11:15:00,39.1,Exit for Delta Adjustment,-3.200000000000003
CE,21800.0,0.3168695398133553,2024-02-08 11:05:00,2024-02-08,32.15,2024-02-08 11:25:00,23.1,Exit for Delta Adjustment,9.049999999999997
CE,21800.0,0.3637749597563967,2024-02-08 11:15:00,2024-02-08,24.95,2024-02-08 11:30:00,25.6,Exit for Delta Adjustment,-0.6500000000000021
PE,21850.0,-0.7143498110971009,2024-02-08 10:15:00,2024-02-08,20.6,2024-02-08 11:35:00,140.5,Exit Max Delta Leg,-119.9
CE,21800.0,0.6176350253833138,2024-02-08 11:25:00,2024-02-08,23.1,2024-02-08 13:15:00,20.7,Exit for Delta Adjustment,2.400000000000002
PE,21800.0,-0.7760133358189012,2024-02-08 11:35:00,2024-02-08,98.95,2024-02-08 14:35:00,106.0,Exit Max Delta Leg,-7.049999999999997
CE,21800.0,0.0651824292017569,2024-02-08 11:30:00,2024-02-08,25.6,2024-02-08 15:20:00,0.1,Final Expiry Exit,25.5
PE,21700.0,-0.4454800040138326,2024-02-08 13:15:00,2024-02-08,4.4,2024-02-08 15:20:00,0.25,Final Expiry Exit,4.15
CE,21750.0,0.3802975748120757,2024-02-08 14:35:00,2024-02-08,5.15,2024-02-08 15:20:00,0.15,Final Expiry Exit,5.0
CE,21950.0,0.5196462687276325,2024-02-15 10:15:00,2024-02-15,33.2,2024-02-15 15:20:00,0.2,Final Expiry Exit,33.0
PE,21800.0,-0.057999151158341415,2024-02-15 10:15:00,2024-02-15,23.7,2024-02-15 15:20:00,0.15,Final Expiry Exit,23.55
PE,21950.0,-0.4616471175692911,2024-02-15 14:00:00,2024-02-15,32.35,2024-02-15 15:20:00,39.0,Final Expiry Exit,-6.649999999999999
CE,22000.0,0.8728159704196439,2024-02-22 10:15:00,2024-02-22,33.55,2024-02-22 14:00:00,90.55,Exit Max Delta Leg,-57.0
PE,21850.0,-0.028202468416771462,2024-02-22 10:15:00,2024-02-22,40.0,2024-02-22 15:20:00,0.1,Final Expiry Exit,39.9
PE,22000.0,-0.17601859295457156,2024-02-22 13:40:00,2024-02-22,44.2,2024-02-22 15:20:00,0.1,Final Expiry Exit,44.1
CE,22150.0,0.20422106137134302,2024-02-22 14:00:00,2024-02-22,12.35,2024-02-22 15:20:00,72.55,Final Expiry Exit,-60.199999999999996
CE,22000.0,0.2895643068309163,2024-02-29 10:15:00,2024-02-29,32.55,2024-02-29 15:20:00,1.95,Final Expiry Exit,30.599999999999998
PE,21750.0,-0.2654480429220626,2024-02-29 10:15:00,2024-02-29,39.1,2024-02-29 15:20:00,0.15,Final Expiry Exit,38.95
CE,22500.0,0.5388603837096357,2024-03-07 10:45:00,2024-03-07,16.25,2024-03-07 11:05:00,42.45,Exit for Delta Adjustment,-26.200000000000003
CE,22550.0,0.32808867798728286,2024-03-07 10:15:00,2024-03-07,17.15,2024-03-07 15:20:00,0.1,Final Expiry Exit,17.049999999999997
PE,22450.0,-0.24424879364044783,2024-03-07 10:15:00,2024-03-07,21.2,2024-03-07 15:20:00,0.15,Final Expiry Exit,21.05
PE,22350.0,-0.08383988434683504,2024-03-07 11:05:00,2024-03-07,4.3,2024-03-07 15:20:00,0.1,Final Expiry Exit,4.2
PE,21950.0,-0.05247756805145068,2024-03-14 10:15:00,2024-03-14,24.7,2024-03-14 11:45:00,3.05,Exit for Delta Adjustment,21.65
PE,22100.0,-0.22323796419109831,2024-03-14 11:45:00,2024-03-14,15.0,2024-03-14 12:00:00,13.1,Exit for Delta Adjustment,1.9000000000000004
CE,22100.0,0.7298504911547001,2024-03-14 10:15:00,2024-03-14,22.85,2024-03-14 12:25:00,127.0,Exit Max Delta Leg,-104.15
PE,22150.0,-0.7059487237642174,2024-03-14 11:35:00,2024-03-14,37.9,2024-03-14 13:45:00,44.2,Exit Max Delta Leg,-6.300000000000004
PE,22150.0,-0.7059487237642174,2024-03-14 12:00:00,2024-03-14,25.05,2024-03-14 15:20:00,3.4,Final Expiry Exit,21.650000000000002
CE,22200.0,0.13117285211867208,2024-03-14 12:25:00,2024-03-14,49.85,2024-03-14 15:20:00,0.1,Final Expiry Exit,49.75
CE,22100.0,0.5747758716455453,2024-03-14 13:45:00,2024-03-14,43.6,2024-03-14 15:20:00,47.0,Final Expiry Exit,-3.3999999999999986
CE,22150.0,0.04504376393835919,2024-03-21 10:15:00,2024-03-21,12.0,2024-03-21 12:15:00,2.15,Exit for Delta Adjustment,9.85
CE,22000.0,0.512148655106475,2024-03-21 12:05:00,2024-03-21,26.5,2024-03-21 12:40:00,25.25,Exit for Delta Adjustment,1.25
PE,22000.0,-0.19960627118905033,2024-03-21 10:15:00,2024-03-21,19.0,2024-03-21 14:45:00,3.85,Exit for Delta Adjustment,15.15
CE,22000.0,0.0,2024-03-21 12:15:00,2024-03-21,16.9,2024-03-21 15:20:00,12.5,Final Expiry Exit,4.399999999999999
PE,21950.0,-0.03473286400400063,2024-03-21 13:05:00,2024-03-21,6.9,2024-03-21 15:20:00,0.05,Final Expiry Exit,6.8500000000000005
PE,22250.0,-0.040877198180914,2024-03-28 10:15:00,2024-03-28,21.95,2024-03-28 14:10:00,1.9,Exit for Delta Adjustment,20.05
PE,22400.0,-0.16517150431120237,2024-03-28 12:40:00,2024-03-28,31.35,2024-03-28 14:15:00,6.25,Exit for Delta Adjustment,25.1
PE,22450.0,-0.2856204071072387,2024-03-28 14:10:00,2024-03-28,19.05,2024-03-28 14:20:00,10.95,Exit for Delta Adjustment,8.100000000000001
PE,22450.0,-0.2777143053146436,2024-03-28 14:15:00,2024-03-28,11.75,2024-03-28 14:30:00,11.05,Exit for Delta Adjustment,0.6999999999999993
PE,22450.0,-0.26386042881576777,2024-03-28 14:20:00,2024-03-28,10.95,2024-03-28 14:35:00,9.0,Exit for Delta Adjustment,1.9499999999999993
CE,22400.0,0.7351432709518698,2024-03-28 10:15:00,2024-03-28,20.35,2024-03-28 14:40:00,129.15,Exit Max Delta Leg,-108.80000000000001
PE,22450.0,-0.2019761636617593,2024-03-28 14:30:00,2024-03-28,11.05,2024-03-28 15:20:00,137.1,Final Expiry Exit,-126.05
PE,22450.0,-0.2019761636617593,2024-03-28 14:35:00,2024-03-28,9.0,2024-03-28 15:20:00,137.1,Final Expiry Exit,-128.1
CE,22500.0,0.4039523273235186,2024-03-28 14:40:00,2024-03-28,41.6,2024-03-28 15:20:00,0.3,Final Expiry Exit,41.300000000000004
CE,22450.0,0.7126658825799532,2024-04-04 10:15:00,2024-04-04,25.7,2024-04-04 13:25:00,96.3,Exit Max Delta Leg,-70.6
PE,22300.0,-0.04037446268907999,2024-04-04 10:15:00,2024-04-04,42.1,2024-04-04 15:20:00,0.05,Final Expiry Exit,42.050000000000004
PE,22450.0,-0.215262091301408,2024-04-04 12:45:00,2024-04-04,34.1,2024-04-04 15:20:00,0.15,Final Expiry Exit,33.95
CE,22600.0,0.255636553990488,2024-04-04 13:25:00,2024-04-04,11.85,2024-04-04 15:20:00,0.1,Final Expiry Exit,11.75
CE,22750.0,0.35852624579439485,2024-04-10 10:15:00,2024-04-10,23.8,2024-04-10 15:20:00,3.1,Final Expiry Exit,20.7
PE,22650.0,-0.2722716562615188,2024-04-10 10:15:00,2024-04-10,17.85,2024-04-10 15:20:00,0.2,Final Expiry Exit,17.650000000000002
CE,22250.0,0.863796754361005,2024-04-18 10:15:00,2024-04-18,14.6,2024-04-18 12:20:00,79.45,Exit Max Delta Leg,-64.85000000000001
PE,22300.0,-0.7026171116096691,2024-04-18 11:10:00,2024-04-18,57.85,2024-04-18 13:30:00,217.3,Exit Max Delta Leg,-159.45000000000002
PE,22100.0,-0.7526004307055474,2024-04-18 10:15:00,2024-04-18,25.8,2024-04-18 14:55:00,71.95,Exit Max Delta Leg,-46.150000000000006
CE,22350.0,0.6881982996242166,2024-04-25 10:55:00,2024-04-25,59.8,2024-04-25 11:10:00,120.8,Exit for Delta Adjustment,-61.0
CE,22550.0,0.4397617015040052,2024-04-25 10:15:00,2024-04-25,29.35,2024-04-25 13:50:00,55.35,Exit for Delta Adjustment,-26.0
PE,22350.0,-0.05605570969661357,2024-04-25 13:50:00,2024-04-25,10.65,2024-04-25 14:25:00,3.65,Exit for Delta Adjustment,7.0
PE,22400.0,-0.08140845098704774,2024-04-25 10:15:00,2024-04-25,27.8,2024-04-25 15:20:00,0.25,Final Expiry Exit,27.55
CE,22600.0,0.4669861752174793,2024-04-25 11:10:00,2024-04-25,12.4,2024-04-25 15:20:00,0.25,Final Expiry Exit,12.15
PE,22550.0,-0.3855777242304316,2024-04-25 14:25:00,2024-04-25,19.45,2024-04-25 15:20:00,1.15,Final Expiry Exit,18.3
CE,22750.0,0.28837280572817114,2024-05-02 10:15:00,2024-05-02,27.4,2024-05-02 15:20:00,0.15,Final Expiry Exit,27.25
PE,22600.0,-0.2883719323651766,2024-05-02 10:15:00,2024-05-02,20.95,2024-05-02 15:20:00,0.15,Final Expiry Exit,20.8
PE,22100.0,-0.8889975141529716,2024-05-09 10:15:00,2024-05-09,33.35,2024-05-09 14:40:00,90.65,Exit Max Delta Leg,-57.300000000000004
CE,22250.0,0.01447824683316645,2024-05-09 10:15:00,2024-05-09,29.5,2024-05-09 15:20:00,0.05,Final Expiry Exit,29.45
CE,22100.0,0.07693657079457551,2024-05-09 12:50:00,2024-05-09,41.85,2024-05-09 15:20:00,0.15,Final Expiry Exit,41.7
PE,21950.0,-0.09141481762774196,2024-05-09 14:40:00,2024-05-09,3.7,2024-05-09 15:20:00,0.75,Final Expiry Exit,2.95
CE,22200.0,0.5993040651926912,2024-05-16 10:50:00,2024-05-16,30.65,2024-05-16 12:10:00,70.7,Exit for Delta Adjustment,-40.050000000000004
PE,22200.0,-0.5768495736992436,2024-05-16 12:15:00,2024-05-16,25.5,2024-05-16 12:35:00,87.15,Exit for Delta Adjustment,-61.650000000000006
CE,22300.0,0.06221878663977178,2024-05-16 10:15:00,2024-05-16,28.6,2024-05-16 13:25:00,3.8,Exit for Delta Adjustment,24.8
CE,22050.0,0.0,2024-05-16 13:25:00,2024-05-16,63.8,2024-05-16 14:35:00,121.45,Exit for Delta Adjustment,-57.650000000000006
CE,22200.0,0.6877752428373176,2024-05-16 14:35:00,2024-05-16,14.95,2024-05-16 14:45:00,62.25,Exit for Delta Adjustment,-47.3
CE,22250.0,0.7813569294425798,2024-05-16 12:35:00,2024-05-16,20.75,2024-05-16 14:55:00,88.5,Exit Max Delta Leg,-67.75
PE,22150.0,-0.051455848226722785,2024-05-16 10:15:00,2024-05-16,36.6,2024-05-16 15:20:00,0.15,Final Expiry Exit,36.45
PE,22200.0,-0.09141068105345151,2024-05-16 14:45:00,2024-05-16,14.0,2024-05-16 15:20:00,0.15,Final Expiry Exit,13.85
CE,22400.0,0.1428665292801743,2024-05-16 14:55:00,2024-05-16,6.2,2024-05-16 15:20:00,5.95,Final Expiry Exit,0.25
CE,22800.0,0.9134609041022468,2024-05-23 10:15:00,2024-05-23,27.15,2024-05-23 14:05:00,79.65,Exit Max Delta Leg,-52.50000000000001
PE,22600.0,-0.03566636039450586,2024-05-23 10:15:00,2024-05-23,31.4,2024-05-23 15:20:00,0.05,Final Expiry Exit,31.349999999999998
PE,22800.0,-0.24586699967530218,2024-05-23 12:40:00,2024-05-23,50.4,2024-05-23 15:20:00,0.1,Final Expiry Exit,50.3
CE,22950.0,0.28153336006980806,2024-05-23 14:05:00,2024-05-23,10.2,2024-05-23 15:20:00,22.25,Final Expiry Exit,-12.05
CE,19550.0,0.4702366814907639,2023-10-05 10:15:00,2023-10-05,22.25,2023-10-05 10:55:00,25.95,Exit for Delta Adjustment,-3.6999999999999993
PE,19500.0,-0.14038552683830596,2023-10-05 10:15:00,2023-10-05,13.35,2023-10-05 11:05:00,4.75,Exit for Delta Adjustment,8.6
CE,19550.0,0.6244691497687102,2023-10-05 10:30:00,2023-10-05,12.1,2023-10-05 15:20:00,0.0,Final Expiry Exit,12.1
PE,19500.0,-0.14038552683830596,2023-10-05 10:55:00,2023-10-05,7.0,2023-10-05 15:20:00,0.1,Final Expiry Exit,6.9
PE,19550.0,-0.4840836229304042,2023-10-05 11:05:00,2023-10-05,12.05,2023-10-05 15:20:00,0.0,Final Expiry Exit,12.05
CE,19850.0,0.22865587797430148,2023-10-12 10:15:00,2023-10-12,8.95,2023-10-12 15:20:00,0.1,Final Expiry Exit,8.85
PE,19750.0,-0.29493938713603474,2023-10-12 10:15:00,2023-10-12,17.25,2023-10-12 15:20:00,0.1,Final Expiry Exit,17.15
CE,19600.0,0.7021217920592624,2023-10-19 10:15:00,2023-10-19,24.45,2023-10-19 12:10:00,83.5,Exit Max Delta Leg,-59.05
PE,19550.0,-0.06997743008398631,2023-10-19 10:15:00,2023-10-19,16.25,2023-10-19 15:20:00,0.1,Final Expiry Exit,16.15
PE,19650.0,-0.3996943707088908,2023-10-19 11:30:00,2023-10-19,21.5,2023-10-19 15:20:00,21.9,Final Expiry Exit,-0.3999999999999986
CE,19650.0,0.4696718007928771,2023-10-19 12:10:00,2023-10-19,41.25,2023-10-19 15:20:00,0.05,Final Expiry Exit,41.2
CE,18950.0,0.36282935253014736,2023-10-26 10:15:00,2023-10-26,21.4,2023-10-26 15:20:00,0.15,Final Expiry Exit,21.25
PE,18850.0,-0.28532409781106005,2023-10-26 10:15:00,2023-10-26,22.0,2023-10-26 15:20:00,0.2,Final Expiry Exit,21.8
CE,19100.0,0.8992742431430396,2023-11-02 11:45:00,2023-11-02,11.0,2023-11-02 13:55:00,27.65,Exit Max Delta Leg,-16.65
CE,19150.0,0.2594067228210326,2023-11-02 10:15:00,2023-11-02,11.35,2023-11-02 15:20:00,0.15,Final Expiry Exit,11.2
PE,19100.0,-0.21959558513393834,2023-11-02 10:15:00,2023-11-02,21.75,2023-11-02 15:20:00,0.15,Final Expiry Exit,21.6
CE,19500.0,0.02696565827419332,2023-11-09 10:15:00,2023-11-09,7.75,2023-11-09 15:20:00,0.1,Final Expiry Exit,7.65
PE,19400.0,-0.5667565188431911,2023-11-09 10:15:00,2023-11-09,11.0,2023-11-09 15:20:00,3.95,Final Expiry Exit,7.05
CE,19400.0,0.5397908605689978,2023-11-09 14:25:00,2023-11-09,12.8,2023-11-09 15:20:00,0.35,Final Expiry Exit,12.450000000000001
PE,19700.0,-0.11245923302508148,2023-11-16 10:15:00,2023-11-16,14.8,2023-11-16 11:15:00,4.6,Exit for Delta Adjustment,10.200000000000001
CE,19750.0,0.7138634174536751,2023-11-16 10:15:00,2023-11-16,16.25,2023-11-16 12:15:00,70.35,Exit Max Delta Leg,-54.099999999999994
CE,19750.0,0.8341872569020088,2023-11-16 12:15:00,2023-11-16,70.35,2023-11-16 14:20:00,89.95,Exit Max Delta Leg,-19.60000000000001
PE,19750.0,-0.04491342146589406,2023-11-16 11:05:00,2023-11-16,14.7,2023-11-16 15:20:00,2.55,Final Expiry Exit,12.149999999999999
PE,19800.0,-0.13650478932929927,2023-11-16 11:15:00,2023-11-16,22.0,2023-11-16 15:20:00,39.8,Final Expiry Exit,-17.799999999999997
CE,19900.0,0.18141821079519332,2023-11-16 14:20:00,2023-11-16,0.9,2023-11-16 15:20:00,0.1,Final Expiry Exit,0.8
CE,19900.0,0.0794355551809266,2023-11-23 10:15:00,2023-11-23,7.7,2023-11-23 15:20:00,0.1,Final Expiry Exit,7.6000000000000005
PE,19800.0,-0.49009839753885437,2023-11-23 10:15:00,2023-11-23,13.9,2023-11-23 15:20:00,0.7,Final Expiry Exit,13.200000000000001
CE,19800.0,0.41066284235792777,2023-11-23 12:05:00,2023-11-23,17.8,2023-11-23 15:20:00,1.25,Final Expiry Exit,16.55
CE,20100.0,0.526253909016853,2023-11-30 10:15:00,2023-11-30,14.4,2023-11-30 15:20:00,32.9,Final Expiry Exit,-18.5
PE,20000.0,-0.05543895704529608,2023-11-30 10:15:00,2023-11-30,25.75,2023-11-30 15:20:00,0.05,Final Expiry Exit,25.7
PE,20100.0,-0.47081495197155687,2023-11-30 13:45:00,2023-11-30,13.4,2023-11-30 15:20:00,0.15,Final Expiry Exit,13.25
CE,20900.0,0.8289704260610975,2023-12-07 10:15:00,2023-12-07,12.4,2023-12-07 11:10:00,38.6,Exit Max Delta Leg,-26.200000000000003
PE,20850.0,-0.11752162346260492,2023-12-07 10:15:00,2023-12-07,18.3,2023-12-07 15:20:00,0.1,Final Expiry Exit,18.2
PE,20900.0,-0.30776955257975147,2023-12-07 10:45:00,2023-12-07,26.7,2023-12-07 15:20:00,0.2,Final Expiry Exit,26.5
CE,20950.0,0.4252911760423564,2023-12-07 11:10:00,2023-12-07,17.0,2023-12-07 15:20:00,0.05,Final Expiry Exit,16.95
CE,21200.0,0.521197039356869,2023-12-14 10:15:00,2023-12-14,14.55,2023-12-14 15:20:00,0.15,Final Expiry Exit,14.4
PE,21100.0,-0.06097575456450599,2023-12-14 10:15:00,2023-12-14,12.3,2023-12-14 15:20:00,0.1,Final Expiry Exit,12.200000000000001
PE,21200.0,-0.460221284792363,2023-12-14 13:25:00,2023-12-14,20.5,2023-12-14 15:20:00,22.95,Final Expiry Exit,-2.4499999999999993
CE,21200.0,0.7008810654619789,2023-12-21 10:15:00,2023-12-21,18.4,2023-12-21 12:45:00,72.6,Exit Max Delta Leg,-54.199999999999996
PE,21050.0,-0.058113112511409944,2023-12-21 10:15:00,2023-12-21,21.1,2023-12-21 15:20:00,0.05,Final Expiry Exit,21.05
PE,21200.0,-0.2839152340209641,2023-12-21 12:30:00,2023-12-21,25.25,2023-12-21 15:20:00,0.2,Final Expiry Exit,25.05
CE,21300.0,0.342028346532374,2023-12-21 12:45:00,2023-12-21,23.0,2023-12-21 15:20:00,0.15,Final Expiry Exit,22.85
CE,21800.0,0.24271701396008644,2023-12-28 10:15:00,2023-12-28,21.15,2023-12-28 15:20:00,0.2,Final Expiry Exit,20.95
PE,21650.0,-0.35092905340986924,2023-12-28 10:15:00,2023-12-28,28.75,2023-12-28 15:20:00,0.15,Final Expiry Exit,28.6
CE,21700.0,0.21278543723227472,2024-01-04 10:15:00,2024-01-04,8.6,2024-01-04 15:20:00,0.1,Final Expiry Exit,8.5
PE,21600.0,-0.29893200834971606,2024-01-04 10:15:00,2024-01-04,15.55,2024-01-04 15:20:00,0.1,Final Expiry Exit,15.450000000000001
PE,21650.0,-0.7362692805582534,2024-01-11 10:15:00,2024-01-11,20.05,2024-01-11 14:15:00,52.55,Exit Max Delta Leg,-32.5
CE,21750.0,0.028163446582008606,2024-01-11 10:15:00,2024-01-11,9.0,2024-01-11 15:20:00,0.05,Final Expiry Exit,8.95
CE,21650.0,0.18562971096505876,2024-01-11 10:55:00,2024-01-11,19.2,2024-01-11 15:20:00,0.55,Final Expiry Exit,18.65
PE,21550.0,-0.21379315754706738,2024-01-11 14:15:00,2024-01-11,10.15,2024-01-11 15:20:00,0.1,Final Expiry Exit,10.05
PE,21400.0,-0.12416191136279148,2024-01-18 10:45:00,2024-01-18,24.1,2024-01-18 12:00:00,6.1,Exit for Delta Adjustment,18.0
CE,21450.0,0.0,2024-01-18 10:15:00,2024-01-18,26.0,2024-01-18 15:20:00,9.75,Final Expiry Exit,16.25
PE,21300.0,-0.05381691905416131,2024-01-18 10:15:00,2024-01-18,24.3,2024-01-18 15:20:00,0.1,Final Expiry Exit,24.2
CE,21700.0,0.05381691905416131,2024-01-18 12:00:00,2024-01-18,2.7,2024-01-18 15:20:00,0.1,Final Expiry Exit,2.6
CE,21450.0,0.16712832095547941,2024-01-25 10:15:00,2024-01-25,23.6,2024-01-25 15:20:00,0.2,Final Expiry Exit,23.400000000000002
PE,21300.0,-0.49902387066431014,2024-01-25 10:15:00,2024-01-25,37.7,2024-01-25 15:20:00,0.15,Final Expiry Exit,37.550000000000004
CE,21350.0,0.33189554970883073,2024-01-25 10:25:00,2024-01-25,38.55,2024-01-25 15:20:00,0.95,Final Expiry Exit,37.599999999999994
CE,18600.0,0.3132672102818561,2023-06-01 10:15:00,2023-06-01,16.75,2023-06-01 15:20:00,0.1,Final Expiry Exit,16.65
PE,18500.0,-0.24205199151081574,2023-06-01 10:15:00,2023-06-01,12.2,2023-06-01 15:20:00,13.8,Final Expiry Exit,-1.6000000000000014
CE,18700.0,0.09702192670953308,2023-06-08 12:00:00,2023-06-08,24.35,2023-06-08 14:50:00,1.9,Exit for Delta Adjustment,22.450000000000003
PE,18700.0,-0.8805583373158544,2023-06-08 10:15:00,2023-06-08,13.7,2023-06-08 14:55:00,53.15,Exit Max Delta Leg,-39.45
PE,18750.0,-0.7495656308998905,2023-06-15 10:15:00,2023-06-15,19.7,2023-06-15 14:20:00,56.3,Exit Max Delta Leg,-36.599999999999994
CE,18800.0,0.06026764649667898,2023-06-15 10:15:00,2023-06-15,16.65,2023-06-15 15:20:00,0.1,Final Expiry Exit,16.549999999999997
CE,18750.0,0.1800088344008821,2023-06-15 11:25:00,2023-06-15,21.15,2023-06-15 15:20:00,0.1,Final Expiry Exit,21.049999999999997
PE,18650.0,-0.2402764808975611,2023-06-15 14:20:00,2023-06-15,4.7,2023-06-15 15:20:00,0.15,Final Expiry Exit,4.55
CE,18800.0,0.791411667072681,2023-06-22 13:00:00,2023-06-22,21.45,2023-06-22 13:40:00,58.0,Exit Max Delta Leg,-36.55
CE,18900.0,0.05744675135712478,2023-06-22 10:15:00,2023-06-22,16.25,2023-06-22 15:20:00,0.05,Final Expiry Exit,16.2
PE,18800.0,-0.47796213662229564,2023-06-22 10:15:00,2023-06-22,12.8,2023-06-22 15:20:00,30.95,Final Expiry Exit,-18.15
CE,18800.0,0.42051538526517085,2023-06-22 14:25:00,2023-06-22,17.7,2023-06-22 15:20:00,0.1,Final Expiry Exit,17.599999999999998
PE,18850.0,-0.11109190042086126,2023-06-28 10:15:00,2023-06-28,20.0,2023-06-28 12:05:00,5.85,Exit for Delta Adjustment,14.15
CE,18950.0,0.7599421339547685,2023-06-28 10:15:00,2023-06-28,11.35,2023-06-28 13:15:00,55.05,Exit Max Delta Leg,-43.699999999999996
PE,18900.0,-0.15612603774227346,2023-06-28 11:30:00,2023-06-28,16.7,2023-06-28 15:20:00,0.1,Final Expiry Exit,16.599999999999998
PE,18950.0,-0.30192989242356905,2023-06-28 12:05:00,2023-06-28,23.5,2023-06-28 15:20:00,0.1,Final Expiry Exit,23.4
CE,19000.0,0.4580559301658425,2023-06-28 13:15:00,2023-06-28,25.35,2023-06-28 15:20:00,0.1,Final Expiry Exit,25.25
CE,19500.0,0.32178848209497185,2023-07-06 10:15:00,2023-07-06,20.85,2023-07-06 15:20:00,2.6,Final Expiry Exit,18.25
PE,19400.0,-0.3229573679011482,2023-07-06 10:15:00,2023-07-06,24.8,2023-07-06 15:20:00,0.1,Final Expiry Exit,24.7
PE,19500.0,-0.7629953766912381,2023-07-13 10:15:00,2023-07-13,16.95,2023-07-13 14:10:00,53.35,Exit Max Delta Leg,-36.400000000000006
CE,19600.0,0.04662307532473135,2023-07-13 10:15:00,2023-07-13,17.45,2023-07-13 15:20:00,0.1,Final Expiry Exit,17.349999999999998
CE,19500.0,0.2183132262642134,2023-07-13 13:55:00,2023-07-13,22.9,2023-07-13 15:20:00,0.1,Final Expiry Exit,22.799999999999997
PE,19400.0,-0.26493630158894477,2023-07-13 14:10:00,2023-07-13,5.35,2023-07-13 15:20:00,0.05,Final Expiry Exit,5.3
CE,19850.0,0.7316890321592657,2023-07-20 10:15:00,2023-07-20,19.6,2023-07-20 12:40:00,46.15,Exit Max Delta Leg,-26.549999999999997
PE,19750.0,-0.058996603203685105,2023-07-20 10:15:00,2023-07-20,26.1,2023-07-20 14:00:00,2.95,Exit for Delta Adjustment,23.150000000000002
CE,19900.0,0.7314886126711855,2023-07-20 12:40:00,2023-07-20,20.95,2023-07-20 14:30:00,79.25,Exit Max Delta Leg,-58.3
PE,19800.0,-0.04258475000439154,2023-07-20 12:00:00,2023-07-20,20.5,2023-07-20 15:20:00,0.15,Final Expiry Exit,20.35
PE,19950.0,-0.3876404517794666,2023-07-20 14:00:00,2023-07-20,40.25,2023-07-20 15:20:00,0.1,Final Expiry Exit,40.15
CE,19950.0,0.43022520178385815,2023-07-20 14:30:00,2023-07-20,36.9,2023-07-20 15:20:00,30.5,Final Expiry Exit,6.399999999999999
PE,19750.0,-0.734570742879278,2023-07-27 10:15:00,2023-07-27,20.6,2023-07-27 13:35:00,71.65,Exit Max Delta Leg,-51.050000000000004
CE,19850.0,0.07846864197707543,2023-07-27 10:15:00,2023-07-27,24.05,2023-07-27 15:20:00,0.15,Final Expiry Exit,23.900000000000002
CE,19800.0,0.14144760305716408,2023-07-27 11:25:00,2023-07-27,21.45,2023-07-27 15:20:00,0.1,Final Expiry Exit,21.349999999999998
PE,19650.0,-0.2199162450342395,2023-07-27 13:35:00,2023-07-27,15.95,2023-07-27 15:20:00,0.4,Final Expiry Exit,15.549999999999999
CE,19550.0,0.040255021429788894,2023-08-03 10:15:00,2023-08-03,16.7,2023-08-03 13:20:00,1.85,Exit for Delta Adjustment,14.85
PE,19400.0,-0.9944625972344798,2023-08-03 10:15:00,2023-08-03,21.7,2023-08-03 14:00:00,84.45,Exit Max Delta Leg,-62.75
CE,19400.0,0.15015568270096818,2023-08-03 12:45:00,2023-08-03,29.8,2023-08-03 15:20:00,0.75,Final Expiry Exit,29.05
CE,19350.0,0.33177693630482236,2023-08-03 13:20:00,2023-08-03,31.05,2023-08-03 15:20:00,32.6,Final Expiry Exit,-1.5500000000000007
PE,19300.0,-0.48193261900579054,2023-08-03 14:00:00,2023-08-03,19.1,2023-08-03 15:20:00,0.05,Final Expiry Exit,19.05
CE,19700.0,0.0874609031014757,2023-08-10 10:15:00,2023-08-10,15.75,2023-08-10 15:20:00,0.1,Final Expiry Exit,15.65
PE,19550.0,-0.5228855469177047,2023-08-10 10:15:00,2023-08-10,17.8,2023-08-10 15:20:00,12.6,Final Expiry Exit,5.200000000000001
CE,19550.0,0.43542464381622903,2023-08-10 10:30:00,2023-08-10,32.9,2023-08-10 15:20:00,0.05,Final Expiry Exit,32.85
CE,19450.0,0.09951964043371436,2023-08-17 10:15:00,2023-08-17,19.1,2023-08-17 15:20:00,0.05,Final Expiry Exit,19.05
PE,19350.0,-0.5077838876918634,2023-08-17 10:15:00,2023-08-17,18.1,2023-08-17 15:20:00,0.15,Final Expiry Exit,17.950000000000003
CE,19350.0,0.4082642472581491,2023-08-17 12:40:00,2023-08-17,26.55,2023-08-17 15:20:00,16.9,Final Expiry Exit,9.650000000000002
CE,19600.0,0.11638284047718772,2023-08-24 10:15:00,2023-08-24,13.5,2023-08-24 11:00:00,4.65,Exit for Delta Adjustment,8.85
PE,19550.0,-0.7053822872180086,2023-08-24 10:15:00,2023-08-24,23.1,2023-08-24 11:10:00,84.35,Exit Max Delta Leg,-61.24999999999999
PE,19500.0,-0.7649303672206995,2023-08-24 11:10:00,2023-08-24,45.6,2023-08-24 13:10:00,75.65,Exit Max Delta Leg,-30.050000000000004
CE,19600.0,0.03311344262129989,2023-08-24 10:30:00,2023-08-24,8.4,2023-08-24 15:20:00,0.05,Final Expiry Exit,8.35
CE,19500.0,0.15256896238083933,2023-08-24 11:00:00,2023-08-24,25.25,2023-08-24 15:20:00,0.1,Final Expiry Exit,25.15
PE,19350.0,-0.18568240500213923,2023-08-24 13:10:00,2023-08-24,2.9,2023-08-24 15:20:00,0.05,Final Expiry Exit,2.85
PE,19300.0,-0.8040548083705799,2023-08-31 10:15:00,2023-08-31,17.3,2023-08-31 14:45:00,40.5,Exit Max Delta Leg,-23.2
CE,19400.0,0.015641401347979027,2023-08-31 10:15:00,2023-08-31,10.55,2023-08-31 15:20:00,0.1,Final Expiry Exit,10.450000000000001
CE,19300.0,0.14104657161090423,2023-08-31 12:25:00,2023-08-31,17.65,2023-08-31 15:20:00,0.15,Final Expiry Exit,17.5
PE,19200.0,-0.15668797295888326,2023-08-31 14:45:00,2023-08-31,0.6,2023-08-31 15:20:00,0.1,Final Expiry Exit,0.5
PE,19550.0,-0.04151766008773757,2023-09-07 10:15:00,2023-09-07,11.25,2023-09-07 14:05:00,1.15,Exit for Delta Adjustment,10.1
PE,19650.0,-0.267309861997615,2023-09-07 13:45:00,2023-09-07,10.45,2023-09-07 14:10:00,5.25,Exit for Delta Adjustment,5.199999999999999
PE,19650.0,-0.25166671335746965,2023-09-07 14:05:00,2023-09-07,5.3,2023-09-07 14:15:00,5.25,Exit for Delta Adjustment,0.04999999999999982
CE,19650.0,0.8024656698767125,2023-09-07 10:15:00,2023-09-07,4.6,2023-09-07 14:20:00,38.15,Exit Max Delta Leg,-33.55
PE,19650.0,-0.0701527407104695,2023-09-07 14:10:00,2023-09-07,5.25,2023-09-07 14:40:00,1.65,Exit for Delta Adjustment,3.6
PE,19650.0,-0.053058369301939856,2023-09-07 14:15:00,2023-09-07,5.25,2023-09-07 14:45:00,1.1,Exit for Delta Adjustment,4.15
CE,19700.0,0.6335819154685196,2023-09-07 14:20:00,2023-09-07,8.8,2023-09-07 15:20:00,27.2,Final Expiry Exit,-18.4
PE,19700.0,-0.2225763234039983,2023-09-07 14:40:00,2023-09-07,7.7,2023-09-07 15:20:00,0.1,Final Expiry Exit,7.6000000000000005
PE,19700.0,-0.4110055920645213,2023-09-07 14:45:00,2023-09-07,4.9,2023-09-07 15:20:00,0.1,Final Expiry Exit,4.800000000000001
CE,20150.0,0.3590314397864359,2023-09-14 10:15:00,2023-09-14,17.0,2023-09-14 15:20:00,0.1,Final Expiry Exit,16.9
PE,20050.0,-0.27976967535564545,2023-09-14 10:15:00,2023-09-14,22.4,2023-09-14 15:20:00,0.05,Final Expiry Exit,22.349999999999998
CE,19800.0,0.2792037029775199,2023-09-21 10:15:00,2023-09-21,10.4,2023-09-21 15:20:00,0.1,Final Expiry Exit,10.3
PE,19700.0,-0.284822350125983,2023-09-21 10:15:00,2023-09-21,20.35,2023-09-21 15:20:00,0.0,Final Expiry Exit,20.35
CE,19800.0,0.0502759299791058,2023-09-28 10:15:00,2023-09-28,11.5,2023-09-28 12:40:00,2.45,Exit for Delta Adjustment,9.05
PE,19650.0,-0.7004199483381888,2023-09-28 10:15:00,2023-09-28,13.4,2023-09-28 13:10:00,68.2,Exit Max Delta Leg,-54.800000000000004
PE,19600.0,-0.7618883407083785,2023-09-28 13:10:00,2023-09-28,29.8,2023-09-28 14:05:00,60.95,Exit Max Delta Leg,-31.150000000000002
CE,19650.0,0.07511924538230429,2023-09-28 11:30:00,2023-09-28,21.55,2023-09-28 15:20:00,0.15,Final Expiry Exit,21.400000000000002
CE,19650.0,0.07511924538230429,2023-09-28 12:40:00,2023-09-28,10.95,2023-09-28 15:20:00,0.15,Final Expiry Exit,10.799999999999999
PE,19500.0,-0.15023849076460857,2023-09-28 14:05:00,2023-09-28,6.65,2023-09-28 15:20:00,0.15,Final Expiry Exit,6.5
CE,17650.0,0.3389593868098335,2023-02-02 10:15:00,2023-02-02,33.55,2023-02-02 15:20:00,0.15,Final Expiry Exit,33.4
PE,17500.0,-0.3174630843066657,2023-02-02 10:15:00,2023-02-02,38.45,2023-02-02 15:20:00,0.15,Final Expiry Exit,38.300000000000004
CE,17900.0,0.5598462494340475,2023-02-09 10:15:00,2023-02-09,20.9,2023-02-09 15:20:00,0.2,Final Expiry Exit,20.7
PE,17800.0,-0.06291044306316931,2023-02-09 10:15:00,2023-02-09,17.75,2023-02-09 15:20:00,0.1,Final Expiry Exit,17.65
PE,17900.0,-0.4969358063708782,2023-02-09 14:05:00,2023-02-09,18.35,2023-02-09 15:20:00,10.15,Final Expiry Exit,8.200000000000001
CE,18150.0,0.04622064659851006,2023-02-16 10:15:00,2023-02-16,15.95,2023-02-16 15:20:00,0.1,Final Expiry Exit,15.85
PE,18050.0,-0.5149753296981341,2023-02-16 10:15:00,2023-02-16,13.2,2023-02-16 15:20:00,12.7,Final Expiry Exit,0.5
CE,18050.0,0.46875468309962404,2023-02-16 14:30:00,2023-02-16,16.7,2023-02-16 15:20:00,0.1,Final Expiry Exit,16.599999999999998
CE,17650.0,0.09387084411959923,2023-02-23 10:15:00,2023-02-23,16.8,2023-02-23 15:20:00,0.1,Final Expiry Exit,16.7
PE,17550.0,-0.5366518917066838,2023-02-23 10:15:00,2023-02-23,24.85,2023-02-23 15:20:00,38.35,Final Expiry Exit,-13.5
CE,17550.0,0.4427810475870846,2023-02-23 12:35:00,2023-02-23,26.3,2023-02-23 15:20:00,0.15,Final Expiry Exit,26.150000000000002
CE,17400.0,0.3054831499029209,2023-03-02 10:15:00,2023-03-02,18.6,2023-03-02 15:20:00,0.05,Final Expiry Exit,18.55
PE,17300.0,-0.2710146281944745,2023-03-02 10:15:00,2023-03-02,14.0,2023-03-02 15:20:00,0.1,Final Expiry Exit,13.9
PE,17650.0,-0.5984133194875275,2023-03-09 10:15:00,2023-03-09,21.25,2023-03-09 13:40:00,27.55,Exit for Delta Adjustment,-6.300000000000001
PE,17650.0,-0.8704030812096604,2023-03-09 10:30:00,2023-03-09,12.0,2023-03-09 14:35:00,43.65,Exit Max Delta Leg,-31.65
CE,17700.0,0.03148339424177133,2023-03-09 10:15:00,2023-03-09,18.0,2023-03-09 15:20:00,0.1,Final Expiry Exit,17.9
CE,17650.0,0.12433280599974827,2023-03-09 13:40:00,2023-03-09,11.6,2023-03-09 15:20:00,0.1,Final Expiry Exit,11.5
PE,17550.0,-0.1558162002415196,2023-03-09 14:35:00,2023-03-09,1.3,2023-03-09 15:20:00,0.15,Final Expiry Exit,1.1500000000000001
CE,16950.0,0.710563089919088,2023-03-16 10:15:00,2023-03-16,25.2,2023-03-16 10:55:00,97.85,Exit Max Delta Leg,-72.64999999999999
PE,16800.0,-0.06805297628802669,2023-03-16 10:15:00,2023-03-16,21.65,2023-03-16 15:20:00,0.05,Final Expiry Exit,21.599999999999998
PE,17000.0,-0.41717523840545856,2023-03-16 10:40:00,2023-03-16,53.25,2023-03-16 15:20:00,7.05,Final Expiry Exit,46.2
CE,17050.0,0.48522821469348526,2023-03-16 10:55:00,2023-03-16,35.95,2023-03-16 15:20:00,0.3,Final Expiry Exit,35.650000000000006
PE,17200.0,-0.9040797928256128,2023-03-23 12:50:00,2023-03-23,28.9,2023-03-23 14:15:00,72.85,Exit Max Delta Leg,-43.949999999999996
CE,17200.0,0.09298670777908169,2023-03-23 10:15:00,2023-03-23,16.15,2023-03-23 15:20:00,0.1,Final Expiry Exit,16.049999999999997
PE,17100.0,-0.2953281770209904,2023-03-23 10:15:00,2023-03-23,23.95,2023-03-23 15:20:00,25.35,Final Expiry Exit,-1.4000000000000021
CE,17200.0,0.2023414692419087,2023-03-23 14:15:00,2023-03-23,2.3,2023-03-23 15:20:00,0.1,Final Expiry Exit,2.1999999999999997
CE,17000.0,0.5389018130469037,2023-03-29 12:10:00,2023-03-29,15.15,2023-03-29 13:20:00,31.45,Exit for Delta Adjustment,-16.299999999999997
CE,17050.0,0.2747882276744028,2023-03-29 10:15:00,2023-03-29,25.95,2023-03-29 15:20:00,38.5,Final Expiry Exit,-12.55
PE,16950.0,-0.21812707143445015,2023-03-29 10:15:00,2023-03-29,15.45,2023-03-29 15:20:00,0.1,Final Expiry Exit,15.35
PE,16850.0,-0.05666115623995266,2023-03-29 13:20:00,2023-03-29,1.4,2023-03-29 15:20:00,0.05,Final Expiry Exit,1.3499999999999999
CE,17650.0,0.26294609124369994,2023-04-06 10:15:00,2023-04-06,13.2,2023-04-06 15:20:00,0.1,Final Expiry Exit,13.1
PE,17550.0,-0.31335445812645857,2023-04-06 10:15:00,2023-04-06,19.75,2023-04-06 15:20:00,0.1,Final Expiry Exit,19.65
CE,17750.0,0.8514392117962695,2023-04-13 11:15:00,2023-04-13,27.55,2023-04-13 14:05:00,43.5,Exit Max Delta Leg,-15.95
CE,17850.0,0.09462192979405681,2023-04-13 10:15:00,2023-04-13,11.55,2023-04-13 15:20:00,0.2,Final Expiry Exit,11.350000000000001
PE,17750.0,-0.19656113122219254,2023-04-13 10:15:00,2023-04-13,18.5,2023-04-13 15:20:00,0.05,Final Expiry Exit,18.45
CE,17850.0,0.10193920142813573,2023-04-13 14:05:00,2023-04-13,2.0,2023-04-13 15:20:00,0.2,Final Expiry Exit,1.8
CE,17700.0,0.12764547553059857,2023-04-20 10:15:00,2023-04-20,8.6,2023-04-20 15:20:00,0.05,Final Expiry Exit,8.549999999999999
PE,17600.0,-0.506972005977944,2023-04-20 10:15:00,2023-04-20,19.15,2023-04-20 15:20:00,0.1,Final Expiry Exit,19.049999999999997
CE,17600.0,0.37932653044734543,2023-04-20 10:35:00,2023-04-20,31.2,2023-04-20 15:20:00,26.95,Final Expiry Exit,4.25
CE,17850.0,0.7247234761437303,2023-04-27 10:15:00,2023-04-27,21.25,2023-04-27 13:35:00,39.85,Exit Max Delta Leg,-18.6
PE,17800.0,-0.0858848461904056,2023-04-27 10:15:00,2023-04-27,18.25,2023-04-27 15:20:00,0.1,Final Expiry Exit,18.15
PE,17800.0,-0.0858848461904056,2023-04-27 11:35:00,2023-04-27,9.4,2023-04-27 15:20:00,0.1,Final Expiry Exit,9.3
CE,17950.0,0.1717696923808112,2023-04-27 13:35:00,2023-04-27,2.15,2023-04-27 15:20:00,0.1,Final Expiry Exit,2.05
CE,18150.0,0.7156909617363639,2023-05-04 10:15:00,2023-05-04,18.75,2023-05-04 12:45:00,33.65,Exit Max Delta Leg,-14.899999999999999
PE,18100.0,-0.03099830960418655,2023-05-04 10:15:00,2023-05-04,18.05,2023-05-04 14:25:00,0.7,Exit for Delta Adjustment,17.35
CE,18200.0,0.8141908388560317,2023-05-04 12:45:00,2023-05-04,9.35,2023-05-04 14:50:00,24.8,Exit Max Delta Leg,-15.450000000000001
PE,18100.0,-0.020360749582512033,2023-05-04 11:05:00,2023-05-04,9.3,2023-05-04 15:20:00,0.1,Final Expiry Exit,9.200000000000001
PE,18200.0,-0.18445060566149096,2023-05-04 14:25:00,2023-05-04,13.8,2023-05-04 15:20:00,0.1,Final Expiry Exit,13.700000000000001
CE,18250.0,0.20481135524400298,2023-05-04 14:50:00,2023-05-04,2.35,2023-05-04 15:20:00,9.2,Final Expiry Exit,-6.85
CE,18350.0,0.37119038948954897,2023-05-11 10:15:00,2023-05-11,25.95,2023-05-11 15:20:00,0.15,Final Expiry Exit,25.8
PE,18250.0,-0.20923892223415336,2023-05-11 10:15:00,2023-05-11,9.75,2023-05-11 15:20:00,0.1,Final Expiry Exit,9.65
PE,18200.0,-0.5419742232796111,2023-05-18 10:15:00,2023-05-18,19.35,2023-05-18 12:55:00,28.9,Exit for Delta Adjustment,-9.549999999999997
PE,18200.0,-0.8863099338350545,2023-05-18 11:20:00,2023-05-18,8.0,2023-05-18 14:20:00,44.85,Exit Max Delta Leg,-36.85
CE,18250.0,0.05499512777232449,2023-05-18 10:15:00,2023-05-18,21.1,2023-05-18 15:20:00,0.1,Final Expiry Exit,21.0
CE,18200.0,0.18654437910006083,2023-05-18 12:55:00,2023-05-18,20.4,2023-05-18 15:20:00,0.1,Final Expiry Exit,20.299999999999997
PE,18100.0,-0.24153950687238532,2023-05-18 14:20:00,2023-05-18,3.0,2023-05-18 15:20:00,0.1,Final Expiry Exit,2.9
CE,18300.0,0.33166283161469357,2023-05-25 10:15:00,2023-05-25,17.3,2023-05-25 15:20:00,27.55,Final Expiry Exit,-10.25
PE,18200.0,-0.22368586733293644,2023-05-25 10:15:00,2023-05-25,11.15,2023-05-25 15:20:00,0.1,Final Expiry Exit,11.05
CE,17450.0,0.023797556100905302,2022-10-06 10:15:00,2022-10-06,20.75,2022-10-06 15:20:00,0.15,Final Expiry Exit,20.6
PE,17350.0,-0.5851167344644888,2022-10-06 10:15:00,2022-10-06,25.45,2022-10-06 15:20:00,16.25,Final Expiry Exit,9.2
CE,17350.0,0.5613191783635835,2022-10-06 14:35:00,2022-10-06,13.15,2022-10-06 15:20:00,0.15,Final Expiry Exit,13.0
CE,17100.0,0.27578492845869773,2022-10-13 10:15:00,2022-10-13,20.6,2022-10-13 15:20:00,0.1,Final Expiry Exit,20.5
PE,16950.0,-0.28487310731813664,2022-10-13 10:15:00,2022-10-13,24.35,2022-10-13 15:20:00,0.15,Final Expiry Exit,24.200000000000003
CE,17550.0,0.21849371850487515,2022-10-20 10:15:00,2022-10-20,10.85,2022-10-20 15:20:00,14.7,Final Expiry Exit,-3.8499999999999996
PE,17400.0,-0.2553446010784573,2022-10-20 10:15:00,2022-10-20,19.35,2022-10-20 15:20:00,0.15,Final Expiry Exit,19.200000000000003
CE,17800.0,0.23600701778063587,2022-10-27 10:15:00,2022-10-27,13.7,2022-10-27 15:20:00,0.15,Final Expiry Exit,13.549999999999999
PE,17650.0,-0.21790197740659362,2022-10-27 10:15:00,2022-10-27,12.6,2022-10-27 15:20:00,0.1,Final Expiry Exit,12.5
CE,18150.0,0.11539199820033164,2022-11-03 10:15:00,2022-11-03,16.2,2022-11-03 15:20:00,0.05,Final Expiry Exit,16.15
PE,18050.0,-0.49295087922607206,2022-11-03 10:15:00,2022-11-03,30.3,2022-11-03 15:20:00,0.35,Final Expiry Exit,29.95
CE,18100.0,0.3775588810257404,2022-11-03 11:50:00,2022-11-03,13.7,2022-11-03 15:20:00,0.1,Final Expiry Exit,13.6
CE,18100.0,0.10809223149611563,2022-11-10 10:15:00,2022-11-10,11.3,2022-11-10 15:20:00,0.1,Final Expiry Exit,11.200000000000001
PE,18000.0,-0.48823338281045464,2022-11-10 10:15:00,2022-11-10,22.05,2022-11-10 15:20:00,0.05,Final Expiry Exit,22.0
CE,18050.0,0.380141151314339,2022-11-10 12:25:00,2022-11-10,10.7,2022-11-10 15:20:00,0.2,Final Expiry Exit,10.5
CE,18450.0,0.1930633930602093,2022-11-17 10:15:00,2022-11-17,7.8,2022-11-17 15:20:00,0.05,Final Expiry Exit,7.75
PE,18350.0,-0.3303317054266374,2022-11-17 10:15:00,2022-11-17,18.1,2022-11-17 15:20:00,7.75,Final Expiry Exit,10.350000000000001
CE,18400.0,0.5284569041813447,2022-11-24 10:15:00,2022-11-24,8.7,2022-11-24 15:20:00,80.05,Final Expiry Exit,-71.35
PE,18300.0,-0.056048654419156886,2022-11-24 10:15:00,2022-11-24,10.05,2022-11-24 15:20:00,0.2,Final Expiry Exit,9.850000000000001
PE,18400.0,-0.4724082497621878,2022-11-24 14:15:00,2022-11-24,16.05,2022-11-24 15:20:00,0.15,Final Expiry Exit,15.9
CE,18800.0,0.6928122671770117,2022-12-01 13:55:00,2022-12-01,24.55,2022-12-01 14:30:00,49.05,Exit for Delta Adjustment,-24.499999999999996
CE,18900.0,0.13333378274244395,2022-12-01 10:15:00,2022-12-01,12.65,2022-12-01 15:20:00,0.05,Final Expiry Exit,12.6
PE,18800.0,-0.22610950979915462,2022-12-01 10:15:00,2022-12-01,15.95,2022-12-01 15:20:00,0.5,Final Expiry Exit,15.45
CE,18900.0,0.09277572705671067,2022-12-01 14:30:00,2022-12-01,3.9,2022-12-01 15:20:00,0.05,Final Expiry Exit,3.85
CE,18650.0,0.32590455983983935,2022-12-08 10:15:00,2022-12-08,19.05,2022-12-08 15:20:00,0.1,Final Expiry Exit,18.95
PE,18550.0,-0.2483745713447018,2022-12-08 10:15:00,2022-12-08,13.0,2022-12-08 15:20:00,0.1,Final Expiry Exit,12.9
PE,18500.0,-0.9037756099561711,2022-12-15 10:15:00,2022-12-15,9.1,2022-12-15 14:45:00,72.75,Exit Max Delta Leg,-63.65
CE,18600.0,0.026906289062743408,2022-12-15 10:15:00,2022-12-15,19.05,2022-12-15 15:20:00,0.1,Final Expiry Exit,18.95
CE,18500.0,0.08662554688880919,2022-12-15 14:30:00,2022-12-15,14.6,2022-12-15 15:20:00,0.05,Final Expiry Exit,14.549999999999999
PE,18350.0,-0.1135318359515526,2022-12-15 14:45:00,2022-12-15,2.75,2022-12-15 15:20:00,0.1,Final Expiry Exit,2.65
CE,18100.0,0.7518745629767755,2022-12-22 11:50:00,2022-12-22,42.1,2022-12-22 14:05:00,82.25,Exit Max Delta Leg,-40.15
CE,18250.0,0.1654361726751299,2022-12-22 10:15:00,2022-12-22,24.3,2022-12-22 15:20:00,0.1,Final Expiry Exit,24.2
PE,18100.0,-0.19013916894642657,2022-12-22 10:15:00,2022-12-22,34.15,2022-12-22 15:20:00,0.2,Final Expiry Exit,33.949999999999996
CE,18050.0,0.7382473258270951,2022-12-29 10:15:00,2022-12-29,18.5,2022-12-29 14:00:00,53.85,Exit Max Delta Leg,-35.35
PE,17950.0,-0.05129207483765233,2022-12-29 10:15:00,2022-12-29,21.35,2022-12-29 15:20:00,0.05,Final Expiry Exit,21.3
PE,18050.0,-0.24809589087601125,2022-12-29 13:15:00,2022-12-29,25.2,2022-12-29 15:20:00,0.1,Final Expiry Exit,25.099999999999998
CE,18150.0,0.29938796571366355,2022-12-29 14:00:00,2022-12-29,6.35,2022-12-29 15:20:00,39.65,Final Expiry Exit,-33.3
PE,18000.0,-0.747881511019555,2023-01-05 10:15:00,2023-01-05,20.25,2023-01-05 12:45:00,70.65,Exit Max Delta Leg,-50.400000000000006
CE,18150.0,0.06556488617216454,2023-01-05 10:15:00,2023-01-05,18.55,2023-01-05 15:20:00,0.15,Final Expiry Exit,18.400000000000002
CE,18000.0,0.2685029112854864,2023-01-05 11:55:00,2023-01-05,32.35,2023-01-05 15:20:00,2.05,Final Expiry Exit,30.3
PE,17900.0,-0.334067797457651,2023-01-05 12:45:00,2023-01-05,18.5,2023-01-05 15:20:00,0.05,Final Expiry Exit,18.45
CE,17800.0,0.6837441564660652,2023-01-12 11:55:00,2023-01-12,33.1,2023-01-12 12:55:00,69.4,Exit for Delta Adjustment,-36.300000000000004
CE,17800.0,0.7363602254140317,2023-01-12 13:30:00,2023-01-12,27.75,2023-01-12 14:20:00,55.7,Exit Max Delta Leg,-27.950000000000003
CE,17900.0,0.18805090533760477,2023-01-12 10:15:00,2023-01-12,29.9,2023-01-12 15:20:00,0.15,Final Expiry Exit,29.75
PE,17800.0,-0.2132557530099694,2023-01-12 10:15:00,2023-01-12,26.45,2023-01-12 15:20:00,0.15,Final Expiry Exit,26.3
CE,18150.0,0.21534502837446517,2023-01-19 10:15:00,2023-01-19,11.1,2023-01-19 15:20:00,0.1,Final Expiry Exit,11.0
PE,18000.0,-0.2470120991822205,2023-01-19 10:15:00,2023-01-19,16.95,2023-01-19 15:20:00,0.1,Final Expiry Exit,16.849999999999998
CE,17900.0,0.7448404624604763,2023-01-25 11:25:00,2023-01-25,28.55,2023-01-25 14:10:00,57.65,Exit Max Delta Leg,-29.099999999999998
CE,18000.0,0.028131348201919894,2023-01-25 10:15:00,2023-01-25,23.1,2023-01-25 15:20:00,0.2,Final Expiry Exit,22.900000000000002
PE,17900.0,-0.5771028518084389,2023-01-25 10:15:00,2023-01-25,23.05,2023-01-25 15:20:00,6.85,Final Expiry Exit,16.200000000000003
CE,17900.0,0.548971503606519,2023-01-25 14:45:00,2023-01-25,13.75,2023-01-25 15:20:00,0.75,Final Expiry Exit,13.0
CE,16600.0,0.5280127889813926,2022-06-02 10:15:00,2022-06-02,23.35,2022-06-02 15:20:00,28.9,Final Expiry Exit,-5.549999999999997
PE,16450.0,-0.07664110720031267,2022-06-02 10:15:00,2022-06-02,27.95,2022-06-02 15:20:00,0.1,Final Expiry Exit,27.849999999999998
PE,16600.0,-0.4513716817810799,2022-06-02 13:45:00,2022-06-02,33.95,2022-06-02 15:20:00,0.2,Final Expiry Exit,33.75
CE,16350.0,0.7331337892705703,2022-06-09 10:15:00,2022-06-09,25.2,2022-06-09 12:40:00,76.8,Exit Max Delta Leg,-51.599999999999994
PE,16250.0,-0.08309213083047273,2022-06-09 10:15:00,2022-06-09,26.15,2022-06-09 15:20:00,0.1,Final Expiry Exit,26.049999999999997
PE,16350.0,-0.2621473901008635,2022-06-09 10:30:00,2022-06-09,39.75,2022-06-09 15:20:00,0.15,Final Expiry Exit,39.6
CE,16450.0,0.34523952093133625,2022-06-09 12:40:00,2022-06-09,16.35,2022-06-09 15:20:00,23.75,Final Expiry Exit,-7.399999999999999
CE,15850.0,0.08555324325216229,2022-06-16 10:15:00,2022-06-16,19.55,2022-06-16 11:25:00,6.15,Exit for Delta Adjustment,13.4
PE,15700.0,-0.769599648469443,2022-06-16 10:15:00,2022-06-16,28.45,2022-06-16 11:50:00,120.0,Exit Max Delta Leg,-91.55
PE,15600.0,-0.8858325159859414,2022-06-16 11:50:00,2022-06-16,52.15,2022-06-16 13:05:00,118.6,Exit Max Delta Leg,-66.44999999999999
CE,15750.0,0.042971737142244566,2022-06-16 11:10:00,2022-06-16,29.85,2022-06-16 15:20:00,0.1,Final Expiry Exit,29.75
CE,15650.0,0.09245185417257795,2022-06-16 11:25:00,2022-06-16,46.55,2022-06-16 15:20:00,0.1,Final Expiry Exit,46.449999999999996
PE,15350.0,-0.1354235913148225,2022-06-16 13:05:00,2022-06-16,5.9,2022-06-16 15:20:00,1.0,Final Expiry Exit,4.9
PE,15500.0,-0.7067286288343969,2022-06-23 10:15:00,2022-06-23,19.75,2022-06-23 12:50:00,97.45,Exit Max Delta Leg,-77.7
CE,15500.0,0.6996637426375663,2022-06-23 12:25:00,2022-06-23,29.65,2022-06-23 13:45:00,62.9,Exit for Delta Adjustment,-33.25
CE,15650.0,0.14438671541723913,2022-06-23 10:15:00,2022-06-23,27.05,2022-06-23 15:20:00,0.05,Final Expiry Exit,27.0
PE,15350.0,-0.052440180199172584,2022-06-23 12:50:00,2022-06-23,22.55,2022-06-23 15:20:00,0.1,Final Expiry Exit,22.45
PE,15400.0,-0.09194653521806655,2022-06-23 13:45:00,2022-06-23,4.3,2022-06-23 15:20:00,0.05,Final Expiry Exit,4.25
CE,15800.0,0.6467757514430171,2022-06-30 12:30:00,2022-06-30,27.25,2022-06-30 13:35:00,51.6,Exit for Delta Adjustment,-24.35
CE,15900.0,0.24654067789719308,2022-06-30 10:15:00,2022-06-30,30.7,2022-06-30 15:20:00,0.05,Final Expiry Exit,30.65
PE,15750.0,-0.25464984335465946,2022-06-30 10:15:00,2022-06-30,37.25,2022-06-30 15:20:00,0.25,Final Expiry Exit,37.0
CE,16150.0,0.33954762429185453,2022-07-07 10:15:00,2022-07-07,30.2,2022-07-07 15:20:00,0.15,Final Expiry Exit,30.05
PE,16000.0,-0.2681878758016195,2022-07-07 10:15:00,2022-07-07,25.2,2022-07-07 15:20:00,0.1,Final Expiry Exit,25.099999999999998
PE,16000.0,-0.8240127645683577,2022-07-14 10:15:00,2022-07-14,30.4,2022-07-14 13:55:00,86.15,Exit Max Delta Leg,-55.75000000000001
CE,16100.0,0.023872145886041873,2022-07-14 10:15:00,2022-07-14,29.4,2022-07-14 15:20:00,0.05,Final Expiry Exit,29.349999999999998
CE,16000.0,0.14541407282914565,2022-07-14 11:20:00,2022-07-14,33.25,2022-07-14 15:20:00,0.1,Final Expiry Exit,33.15
PE,15850.0,-0.1692862187151875,2022-07-14 13:55:00,2022-07-14,7.05,2022-07-14 15:20:00,0.05,Final Expiry Exit,7.0
CE,16600.0,0.3787062084129281,2022-07-21 10:15:00,2022-07-21,23.7,2022-07-21 15:20:00,4.0,Final Expiry Exit,19.7
PE,16500.0,-0.26234159475308383,2022-07-21 10:15:00,2022-07-21,18.15,2022-07-21 15:20:00,0.1,Final Expiry Exit,18.049999999999997
CE,16850.0,0.7058800596071264,2022-07-28 10:15:00,2022-07-28,28.95,2022-07-28 11:40:00,52.8,Exit Max Delta Leg,-23.849999999999998
PE,16750.0,-0.10521122917333203,2022-07-28 10:15:00,2022-07-28,17.85,2022-07-28 15:20:00,0.05,Final Expiry Exit,17.8
PE,16800.0,-0.1893469304583259,2022-07-28 11:00:00,2022-07-28,21.55,2022-07-28 15:20:00,0.05,Final Expiry Exit,21.5
CE,16950.0,0.29455815963165793,2022-07-28 11:40:00,2022-07-28,8.4,2022-07-28 15:20:00,0.15,Final Expiry Exit,8.25
PE,17400.0,-0.7448634053144597,2022-08-04 10:15:00,2022-08-04,28.7,2022-08-04 11:30:00,121.6,Exit Max Delta Leg,-92.89999999999999
CE,17500.0,0.09828164916056609,2022-08-04 10:15:00,2022-08-04,22.2,2022-08-04 15:20:00,0.05,Final Expiry Exit,22.15
CE,17450.0,0.15795587544174416,2022-08-04 11:15:00,2022-08-04,23.65,2022-08-04 15:20:00,0.1,Final Expiry Exit,23.549999999999997
PE,17200.0,-0.25623752460231025,2022-08-04 11:30:00,2022-08-04,23.8,2022-08-04 15:20:00,0.15,Final Expiry Exit,23.650000000000002
CE,17750.0,0.2581908802816433,2022-08-11 10:15:00,2022-08-11,16.6,2022-08-11 15:20:00,0.05,Final Expiry Exit,16.55
PE,17600.0,-0.2648087952741552,2022-08-11 10:15:00,2022-08-11,20.75,2022-08-11 15:20:00,0.1,Final Expiry Exit,20.65
CE,18000.0,0.15875390371236758,2022-08-18 10:15:00,2022-08-18,17.9,2022-08-18 15:20:00,0.05,Final Expiry Exit,17.849999999999998
PE,17900.0,-0.5153917469051232,2022-08-18 10:15:00,2022-08-18,23.5,2022-08-18 15:20:00,0.05,Final Expiry Exit,23.45
CE,17950.0,0.35663784319275565,2022-08-18 10:35:00,2022-08-18,17.85,2022-08-18 15:20:00,5.85,Final Expiry Exit,12.000000000000002
CE,17700.0,0.5330580190828537,2022-08-25 11:25:00,2022-08-25,20.15,2022-08-25 12:25:00,41.85,Exit for Delta Adjustment,-21.700000000000003
PE,17550.0,-0.1330502328679355,2022-08-25 12:25:00,2022-08-25,3.1,2022-08-25 14:55:00,3.05,Exit for Delta Adjustment,0.050000000000000266
CE,17750.0,0.021917577546420687,2022-08-25 10:15:00,2022-08-25,19.0,2022-08-25 15:20:00,0.15,Final Expiry Exit,18.85
PE,17650.0,0.0,2022-08-25 10:15:00,2022-08-25,24.05,2022-08-25 15:20:00,137.6,Final Expiry Exit,-113.55
PE,17600.0,-0.7392860253410464,2022-09-01 10:15:00,2022-09-01,33.25,2022-09-01 13:55:00,108.8,Exit Max Delta Leg,-75.55
CE,17750.0,0.027680958925331022,2022-09-01 10:15:00,2022-09-01,24.25,2022-09-01 15:20:00,0.05,Final Expiry Exit,24.2
CE,17650.0,0.08808289492171156,2022-09-01 11:55:00,2022-09-01,27.2,2022-09-01 15:20:00,0.1,Final Expiry Exit,27.099999999999998
PE,17350.0,-0.11576385384704259,2022-09-01 13:55:00,2022-09-01,4.05,2022-09-01 15:20:00,0.05,Final Expiry Exit,4.0
CE,17850.0,0.2567650055675784,2022-09-08 10:15:00,2022-09-08,15.9,2022-09-08 15:20:00,0.05,Final Expiry Exit,15.85
PE,17700.0,-0.27996399098365415,2022-09-08 10:15:00,2022-09-08,24.75,2022-09-08 15:20:00,0.15,Final Expiry Exit,24.6
CE,18050.0,0.1633071294567801,2022-09-15 10:15:00,2022-09-15,28.9,2022-09-15 15:20:00,0.15,Final Expiry Exit,28.75
PE,17900.0,-0.49390057661363695,2022-09-15 10:15:00,2022-09-15,39.3,2022-09-15 15:20:00,23.65,Final Expiry Exit,15.649999999999999
CE,17950.0,0.33059344715685685,2022-09-15 10:50:00,2022-09-15,35.65,2022-09-15 15:20:00,0.15,Final Expiry Exit,35.5
CE,17550.0,0.7924225762889012,2022-09-22 12:10:00,2022-09-22,43.35,2022-09-22 13:20:00,99.5,Exit Max Delta Leg,-56.15
CE,17750.0,0.35795356714403115,2022-09-22 10:15:00,2022-09-22,22.9,2022-09-22 14:10:00,19.55,Exit for Delta Adjustment,3.349999999999998
PE,17550.0,-0.05702585899706726,2022-09-22 10:15:00,2022-09-22,25.5,2022-09-22 15:20:00,0.1,Final Expiry Exit,25.4
CE,17800.0,0.17089904557657942,2022-09-22 13:20:00,2022-09-22,2.95,2022-09-22 15:20:00,0.1,Final Expiry Exit,2.85
PE,17600.0,-0.11387318657951216,2022-09-22 14:10:00,2022-09-22,4.75,2022-09-22 15:20:00,0.3,Final Expiry Exit,4.45
PE,16900.0,-0.7010222395650306,2022-09-29 10:15:00,2022-09-29,23.35,2022-09-29 12:55:00,78.05,Exit Max Delta Leg,-54.699999999999996
CE,17050.0,0.0537806061809409,2022-09-29 10:15:00,2022-09-29,27.35,2022-09-29 15:20:00,0.1,Final Expiry Exit,27.25
CE,16950.0,0.16069995141284255,2022-09-29 11:55:00,2022-09-29,24.75,2022-09-29 15:20:00,0.1,Final Expiry Exit,24.65
PE,16750.0,-0.21448055759378346,2022-09-29 12:55:00,2022-09-29,10.55,2022-09-29 15:20:00,0.15,Final Expiry Exit,10.4
CE,17800.0,0.22201436077950842,2022-01-06 10:15:00,2022-01-06,13.7,2022-01-06 15:20:00,0.05,Final Expiry Exit,13.649999999999999
PE,17650.0,-0.2755085784394066,2022-01-06 10:15:00,2022-01-06,19.3,2022-01-06 15:20:00,0.1,Final Expiry Exit,19.2
PE,18150.0,-0.290014029940256,2022-01-13 10:15:00,2022-01-13,20.6,2022-01-13 13:25:00,11.6,Exit for Delta Adjustment,9.000000000000002
CE,18250.0,0.1534323207082648,2022-01-13 10:15:00,2022-01-13,20.15,2022-01-13 15:20:00,8.1,Final Expiry Exit,12.049999999999999
PE,18250.0,0.0,2022-01-13 12:05:00,2022-01-13,29.65,2022-01-13 15:20:00,0.6,Final Expiry Exit,29.049999999999997
PE,18100.0,-0.1534323207082648,2022-01-13 13:25:00,2022-01-13,4.55,2022-01-13 15:20:00,0.15,Final Expiry Exit,4.3999999999999995
PE,17800.0,-0.9238308640100601,2022-01-20 10:15:00,2022-01-20,16.4,2022-01-20 13:25:00,54.25,Exit Max Delta Leg,-37.85
PE,17700.0,-0.7258755251333806,2022-01-20 13:25:00,2022-01-20,6.55,2022-01-20 14:35:00,28.9,Exit Max Delta Leg,-22.349999999999998
CE,17100.0,0.05848182226430784,2022-01-27 10:15:00,2022-01-27,22.05,2022-01-27 12:15:00,3.4,Exit for Delta Adjustment,18.650000000000002
CE,16900.0,0.755100065884977,2022-01-27 12:15:00,2022-01-27,37.2,2022-01-27 13:05:00,78.85,Exit Max Delta Leg,-41.64999999999999
CE,17000.0,0.6912683871851513,2022-01-27 11:30:00,2022-01-27,27.15,2022-01-27 13:45:00,65.3,Exit for Delta Adjustment,-38.15
PE,16950.0,-0.02520347223670801,2022-01-27 10:15:00,2022-01-27,39.1,2022-01-27 14:45:00,1.1,Exit for Delta Adjustment,38.0
PE,17200.0,-0.9638945246160536,2022-01-27 14:45:00,2022-01-27,45.4,2022-01-27 14:55:00,105.6,Exit Max Delta Leg,-60.199999999999996
CE,17150.0,0.1441932984125694,2022-01-27 13:05:00,2022-01-27,3.1,2022-01-27 15:20:00,0.15,Final Expiry Exit,2.95
PE,17050.0,-0.193974126603135,2022-01-27 14:25:00,2022-01-27,8.5,2022-01-27 15:20:00,0.4,Final Expiry Exit,8.1
CE,17750.0,0.11891901924043546,2022-02-03 10:15:00,2022-02-03,22.9,2022-02-03 15:20:00,0.1,Final Expiry Exit,22.799999999999997
PE,17650.0,-0.575592586680801,2022-02-03 10:15:00,2022-02-03,21.05,2022-02-03 15:20:00,81.3,Final Expiry Exit,-60.25
CE,17650.0,0.4566735674403656,2022-02-03 12:15:00,2022-02-03,31.35,2022-02-03 15:20:00,0.05,Final Expiry Exit,31.3
CE,17600.0,0.8465947327720846,2022-02-10 10:15:00,2022-02-10,12.35,2022-02-10 14:20:00,41.5,Exit Max Delta Leg,-29.15
PE,17450.0,-0.024671087647362738,2022-02-10 10:15:00,2022-02-10,19.5,2022-02-10 15:20:00,0.1,Final Expiry Exit,19.4
PE,17600.0,-0.24516071086127228,2022-02-10 11:40:00,2022-02-10,32.65,2022-02-10 15:20:00,0.9,Final Expiry Exit,31.75
CE,17650.0,0.26983179850863503,2022-02-10 14:20:00,2022-02-10,12.8,2022-02-10 15:20:00,0.05,Final Expiry Exit,12.75
CE,17400.0,0.5449523075136107,2022-02-17 10:15:00,2022-02-17,29.55,2022-02-17 15:20:00,0.05,Final Expiry Exit,29.5
PE,17200.0,-0.07588146204263008,2022-02-17 10:15:00,2022-02-17,32.95,2022-02-17 15:20:00,0.2,Final Expiry Exit,32.75
PE,17400.0,-0.4690708454709806,2022-02-17 12:35:00,2022-02-17,35.5,2022-02-17 15:20:00,97.85,Final Expiry Exit,-62.349999999999994
PE,16600.0,-0.7880007905170542,2022-02-24 11:40:00,2022-02-24,55.3,2022-02-24 12:50:00,132.9,Exit Max Delta Leg,-77.60000000000001
CE,16650.0,0.014469339034015847,2022-02-24 10:15:00,2022-02-24,41.35,2022-02-24 15:20:00,0.1,Final Expiry Exit,41.25
PE,16400.0,0.0,2022-02-24 10:15:00,2022-02-24,41.35,2022-02-24 15:20:00,157.8,Final Expiry Exit,-116.45000000000002
CE,16600.0,0.017485601898152434,2022-02-24 12:50:00,2022-02-24,16.55,2022-02-24 15:20:00,0.1,Final Expiry Exit,16.45
CE,16750.0,0.06729583818926915,2022-03-03 10:15:00,2022-03-03,28.35,2022-03-03 15:20:00,0.1,Final Expiry Exit,28.25
PE,16550.0,-0.5115507142257848,2022-03-03 10:15:00,2022-03-03,42.45,2022-03-03 15:20:00,40.65,Final Expiry Exit,1.8000000000000043
CE,16550.0,0.44425487603651564,2022-03-03 12:35:00,2022-03-03,52.25,2022-03-03 15:20:00,0.6,Final Expiry Exit,51.65
PE,16650.0,-0.7812772828053769,2022-03-10 10:15:00,2022-03-10,33.55,2022-03-10 13:50:00,106.5,Exit Max Delta Leg,-72.95
CE,16800.0,0.03532484039616377,2022-03-10 10:15:00,2022-03-10,30.7,2022-03-10 15:20:00,0.05,Final Expiry Exit,30.65
CE,16700.0,0.10526998816400546,2022-03-10 12:45:00,2022-03-10,33.85,2022-03-10 15:20:00,0.15,Final Expiry Exit,33.7
PE,16450.0,-0.14059482856016922,2022-03-10 13:50:00,2022-03-10,12.0,2022-03-10 15:20:00,0.1,Final Expiry Exit,11.9
CE,17350.0,0.2656497747116843,2022-03-17 10:15:00,2022-03-17,19.65,2022-03-17 15:20:00,0.2,Final Expiry Exit,19.45
PE,17200.0,-0.3281263433025461,2022-03-17 10:15:00,2022-03-17,35.95,2022-03-17 15:20:00,0.05,Final Expiry Exit,35.900000000000006
CE,17350.0,0.2653079564331948,2022-03-24 10:15:00,2022-03-24,24.85,2022-03-24 15:20:00,0.1,Final Expiry Exit,24.75
PE,17150.0,-0.24681834411889247,2022-03-24 10:15:00,2022-03-24,22.15,2022-03-24 15:20:00,0.1,Final Expiry Exit,22.049999999999997
PE,17500.0,-0.7857445388653622,2022-03-31 10:15:00,2022-03-31,24.2,2022-03-31 14:10:00,54.85,Exit Max Delta Leg,-30.650000000000002
CE,17600.0,0.03892516306555113,2022-03-31 10:15:00,2022-03-31,16.25,2022-03-31 15:20:00,0.05,Final Expiry Exit,16.2
CE,17550.0,0.08588259538984605,2022-03-31 11:35:00,2022-03-31,17.5,2022-03-31 15:20:00,0.05,Final Expiry Exit,17.45
PE,17350.0,-0.12480775845539718,2022-03-31 14:10:00,2022-03-31,3.3,2022-03-31 15:20:00,0.15,Final Expiry Exit,3.15
CE,17700.0,0.8055132539450767,2022-04-07 10:30:00,2022-04-07,31.1,2022-04-07 12:00:00,61.7,Exit Max Delta Leg,-30.6
PE,17700.0,-0.8037065567155447,2022-04-07 10:15:00,2022-04-07,25.7,2022-04-07 14:25:00,43.75,Exit Max Delta Leg,-18.05
CE,17600.0,0.15637315410550018,2022-04-13 10:15:00,2022-04-13,26.75,2022-04-13 15:20:00,0.1,Final Expiry Exit,26.65
PE,17500.0,-0.5491979317672685,2022-04-13 10:15:00,2022-04-13,19.5,2022-04-13 15:20:00,22.4,Final Expiry Exit,-2.8999999999999986
CE,17500.0,0.3928247776617683,2022-04-13 12:15:00,2022-04-13,35.0,2022-04-13 15:20:00,0.15,Final Expiry Exit,34.85
PE,17200.0,-0.12996682553282363,2022-04-21 10:15:00,2022-04-21,18.15,2022-04-21 11:15:00,8.3,Exit for Delta Adjustment,9.849999999999998
CE,17300.0,0.7791661531387892,2022-04-21 10:15:00,2022-04-21,18.0,2022-04-21 12:45:00,73.65,Exit Max Delta Leg,-55.650000000000006
CE,17350.0,0.985204591453298,2022-04-21 12:45:00,2022-04-21,36.7,2022-04-21 14:30:00,57.75,Exit Max Delta Leg,-21.049999999999997
PE,17250.0,-0.03259710217522294,2022-04-21 11:05:00,2022-04-21,19.25,2022-04-21 15:20:00,0.1,Final Expiry Exit,19.15
PE,17350.0,-0.14645106372610467,2022-04-21 11:15:00,2022-04-21,45.15,2022-04-21 15:20:00,0.15,Final Expiry Exit,45.0
CE,17450.0,0.1790481659013276,2022-04-21 14:30:00,2022-04-21,3.3,2022-04-21 15:20:00,0.1,Final Expiry Exit,3.1999999999999997
CE,17150.0,0.7580162338155523,2022-04-28 10:15:00,2022-04-28,28.75,2022-04-28 12:35:00,63.6,Exit Max Delta Leg,-34.85
PE,17050.0,-0.031189924621970518,2022-04-28 10:15:00,2022-04-28,26.15,2022-04-28 13:45:00,1.45,Exit for Delta Adjustment,24.7
PE,17300.0,-0.43737472452341253,2022-04-28 13:45:00,2022-04-28,46.45,2022-04-28 14:40:00,15.0,Exit for Delta Adjustment,31.450000000000003
CE,17250.0,0.9152660451724509,2022-04-28 12:35:00,2022-04-28,12.5,2022-04-28 14:55:00,65.85,Exit Max Delta Leg,-53.349999999999994
PE,16850.0,-0.8615693978286229,2022-05-05 10:15:00,2022-05-05,24.0,2022-05-05 13:45:00,95.65,Exit Max Delta Leg,-71.65
CE,17000.0,0.02826728633929772,2022-05-05 10:15:00,2022-05-05,23.7,2022-05-05 15:20:00,0.1,Final Expiry Exit,23.599999999999998
CE,16850.0,0.12020543439209508,2022-05-05 12:00:00,2022-05-05,37.65,2022-05-05 15:20:00,0.1,Final Expiry Exit,37.55
PE,16650.0,-0.1484727207313928,2022-05-05 13:45:00,2022-05-05,4.75,2022-05-05 15:20:00,0.05,Final Expiry Exit,4.7
CE,15950.0,0.06132790156246061,2022-05-12 10:15:00,2022-05-12,37.95,2022-05-12 15:20:00,0.15,Final Expiry Exit,37.800000000000004
PE,15800.0,-0.52412526561887,2022-05-12 10:15:00,2022-05-12,37.1,2022-05-12 15:20:00,0.25,Final Expiry Exit,36.85
CE,15800.0,0.46279736405640937,2022-05-12 14:10:00,2022-05-12,31.0,2022-05-12 15:20:00,8.1,Final Expiry Exit,22.9
CE,16000.0,0.07128950391590591,2022-05-19 10:15:00,2022-05-19,30.05,2022-05-19 15:20:00,0.1,Final Expiry Exit,29.95
PE,15850.0,-0.5058547471363681,2022-05-19 10:15:00,2022-05-19,30.2,2022-05-19 15:20:00,47.75,Final Expiry Exit,-17.55
CE,15850.0,0.4345652432204622,2022-05-19 12:45:00,2022-05-19,36.6,2022-05-19 15:20:00,0.15,Final Expiry Exit,36.45
CE,15950.0,0.8982889114550854,2022-05-26 10:40:00,2022-05-26,42.0,2022-05-26 13:05:00,125.5,Exit Max Delta Leg,-83.5
PE,15950.0,-0.08831403012263356,2022-05-26 10:15:00,2022-05-26,28.65,2022-05-26 13:20:00,6.05,Exit for Delta Adjustment,22.599999999999998
PE,16150.0,-0.2637512374885446,2022-05-26 13:20:00,2022-05-26,50.45,2022-05-26 14:55:00,6.35,Exit for Delta Adjustment,44.1
CE,16100.0,0.0,2022-05-26 10:15:00,2022-05-26,22.1,2022-05-26 15:20:00,67.3,Final Expiry Exit,-45.199999999999996
PE,15950.0,-0.011600611641251207,2022-05-26 13:05:00,2022-05-26,11.9,2022-05-26 15:20:00,0.05,Final Expiry Exit,11.85
CE,17150.0,0.7374001124778511,2021-09-02 10:15:00,2021-09-02,18.35,2021-09-02 12:25:00,40.7,Exit Max Delta Leg,-22.35
CE,17200.0,0.7888316045651043,2021-09-02 12:25:00,2021-09-02,14.15,2021-09-02 14:15:00,21.0,Exit Max Delta Leg,-6.85
PE,17100.0,-0.04742451540579875,2021-09-02 10:15:00,2021-09-02,24.2,2021-09-02 15:20:00,0.15,Final Expiry Exit,24.05
PE,17100.0,-0.04742451540579875,2021-09-02 11:15:00,2021-09-02,12.1,2021-09-02 15:20:00,0.15,Final Expiry Exit,11.95
CE,17300.0,0.0948490308115975,2021-09-02 14:15:00,2021-09-02,0.95,2021-09-02 15:20:00,0.05,Final Expiry Exit,0.8999999999999999
CE,17350.0,0.5267079772029502,2021-09-09 10:15:00,2021-09-09,19.95,2021-09-09 15:20:00,19.5,Final Expiry Exit,0.4499999999999993
PE,17300.0,-0.28267768683362626,2021-09-09 10:15:00,2021-09-09,25.7,2021-09-09 15:20:00,0.1,Final Expiry Exit,25.599999999999998
PE,17300.0,-0.2440302903693239,2021-09-09 10:35:00,2021-09-09,16.85,2021-09-09 15:20:00,0.1,Final Expiry Exit,16.75
CE,17600.0,0.884478625704421,2021-09-16 10:15:00,2021-09-16,10.05,2021-09-16 14:35:00,36.3,Exit Max Delta Leg,-26.249999999999996
PE,17500.0,-0.03287918739561001,2021-09-16 10:15:00,2021-09-16,9.75,2021-09-16 15:20:00,0.1,Final Expiry Exit,9.65
PE,17600.0,-0.1785698706853983,2021-09-16 14:05:00,2021-09-16,16.5,2021-09-16 15:20:00,0.3,Final Expiry Exit,16.2
CE,17650.0,0.21144905808100833,2021-09-16 14:35:00,2021-09-16,5.2,2021-09-16 15:20:00,0.1,Final Expiry Exit,5.1000000000000005
CE,17800.0,0.5762477967821479,2021-09-23 10:15:00,2021-09-23,8.95,2021-09-23 15:20:00,23.45,Final Expiry Exit,-14.5
PE,17700.0,-0.05885114609058871,2021-09-23 10:15:00,2021-09-23,25.05,2021-09-23 15:20:00,0.15,Final Expiry Exit,24.900000000000002
PE,17800.0,-0.5173966506915592,2021-09-23 14:35:00,2021-09-23,11.25,2021-09-23 15:20:00,0.15,Final Expiry Exit,11.1
CE,17600.0,0.9348337154008856,2021-09-30 13:20:00,2021-09-30,43.25,2021-09-30 14:00:00,75.2,Exit Max Delta Leg,-31.950000000000003
CE,17750.0,0.03870785149066597,2021-09-30 10:15:00,2021-09-30,25.7,2021-09-30 14:30:00,1.3,Exit for Delta Adjustment,24.4
CE,17600.0,0.0,2021-09-30 14:30:00,2021-09-30,24.9,2021-09-30 14:55:00,45.2,Exit for Delta Adjustment,-20.300000000000004
PE,17650.0,-0.5341444118094426,2021-09-30 10:15:00,2021-09-30,26.5,2021-09-30 15:20:00,32.45,Final Expiry Exit,-5.950000000000003
CE,17700.0,0.08043809828422926,2021-09-30 14:00:00,2021-09-30,11.2,2021-09-30 15:20:00,0.1,Final Expiry Exit,11.1
CE,17650.0,0.45370631352521335,2021-09-30 14:55:00,2021-09-30,11.05,2021-09-30 15:20:00,0.1,Final Expiry Exit,10.950000000000001
CE,17850.0,0.5275646274638268,2021-10-07 10:15:00,2021-10-07,19.8,2021-10-07 15:20:00,0.1,Final Expiry Exit,19.7
PE,17750.0,-0.11584704037371613,2021-10-07 10:15:00,2021-10-07,16.6,2021-10-07 15:20:00,0.15,Final Expiry Exit,16.450000000000003
PE,17850.0,-0.4117175870901107,2021-10-07 12:35:00,2021-10-07,23.3,2021-10-07 15:20:00,57.65,Final Expiry Exit,-34.349999999999994
CE,18300.0,0.5446708220068397,2021-10-14 10:15:00,2021-10-14,19.8,2021-10-14 15:20:00,39.3,Final Expiry Exit,-19.499999999999996
PE,18200.0,-0.15682566039490942,2021-10-14 10:15:00,2021-10-14,13.65,2021-10-14 15:20:00,0.15,Final Expiry Exit,13.5
PE,18300.0,-0.3878451616119303,2021-10-14 11:05:00,2021-10-14,37.0,2021-10-14 15:20:00,0.15,Final Expiry Exit,36.85
CE,18200.0,0.09000506474069303,2021-10-21 11:00:00,2021-10-21,34.55,2021-10-21 13:55:00,3.55,Exit for Delta Adjustment,30.999999999999996
PE,18150.0,-0.8238017009666572,2021-10-21 10:15:00,2021-10-21,18.3,2021-10-21 14:00:00,57.8,Exit Max Delta Leg,-39.5
CE,18000.0,0.22764385221447836,2021-10-28 12:30:00,2021-10-28,41.25,2021-10-28 14:05:00,12.05,Exit for Delta Adjustment,29.2
CE,18150.0,0.05065324440118736,2021-10-28 10:15:00,2021-10-28,29.05,2021-10-28 15:20:00,0.15,Final Expiry Exit,28.900000000000002
PE,18000.0,0.0,2021-10-28 10:15:00,2021-10-28,19.55,2021-10-28 15:20:00,137.6,Final Expiry Exit,-118.05
PE,17750.0,-0.05065324440118736,2021-10-28 14:05:00,2021-10-28,1.35,2021-10-28 15:20:00,0.3,Final Expiry Exit,1.05
PE,17900.0,-0.7289758687622061,2021-11-03 10:15:00,2021-11-03,19.45,2021-11-03 13:05:00,80.25,Exit Max Delta Leg,-60.8
CE,18050.0,0.05154410935461822,2021-11-03 10:15:00,2021-11-03,14.65,2021-11-03 15:20:00,0.2,Final Expiry Exit,14.450000000000001
CE,17900.0,0.23126424305863474,2021-11-03 12:05:00,2021-11-03,35.35,2021-11-03 15:20:00,0.1,Final Expiry Exit,35.25
PE,17750.0,-0.282808352413253,2021-11-03 13:05:00,2021-11-03,12.6,2021-11-03 15:20:00,0.1,Final Expiry Exit,12.5
CE,17950.0,0.29293501592316384,2021-11-11 10:15:00,2021-11-11,24.0,2021-11-11 15:20:00,0.15,Final Expiry Exit,23.85
PE,17800.0,-0.27066239498558664,2021-11-11 10:15:00,2021-11-11,21.45,2021-11-11 15:20:00,0.05,Final Expiry Exit,21.4
CE,17750.0,0.6518971582799546,2021-11-18 12:20:00,2021-11-18,21.55,2021-11-18 13:25:00,43.95,Exit for Delta Adjustment,-22.400000000000002
CE,17850.0,0.15424689193818275,2021-11-18 10:15:00,2021-11-18,28.15,2021-11-18 15:20:00,0.1,Final Expiry Exit,28.049999999999997
PE,17700.0,-0.18560741901439137,2021-11-18 10:15:00,2021-11-18,16.55,2021-11-18 15:20:00,0.2,Final Expiry Exit,16.35
CE,17450.0,0.7095528742978123,2021-11-25 10:15:00,2021-11-25,25.2,2021-11-25 12:10:00,85.05,Exit Max Delta Leg,-59.849999999999994
PE,17350.0,-0.1262726515387121,2021-11-25 10:15:00,2021-11-25,36.4,2021-11-25 15:20:00,0.1,Final Expiry Exit,36.3
PE,17450.0,-0.29260391534237973,2021-11-25 11:15:00,2021-11-25,37.2,2021-11-25 15:20:00,0.1,Final Expiry Exit,37.1
CE,17550.0,0.4188765668810918,2021-11-25 12:10:00,2021-11-25,22.45,2021-11-25 15:20:00,0.2,Final Expiry Exit,22.25
CE,17350.0,0.6363060751346178,2021-12-02 10:15:00,2021-12-02,18.15,2021-12-02 15:20:00,50.45,Final Expiry Exit,-32.300000000000004
PE,17200.0,-0.03208118377725718,2021-12-02 10:15:00,2021-12-02,27.2,2021-12-02 15:20:00,0.1,Final Expiry Exit,27.099999999999998
PE,17400.0,-0.6042248913573606,2021-12-02 14:40:00,2021-12-02,49.6,2021-12-02 15:20:00,2.2,Final Expiry Exit,47.4
PE,17350.0,-0.07610522018024642,2021-12-09 10:15:00,2021-12-09,25.8,2021-12-09 12:35:00,3.5,Exit for Delta Adjustment,22.3
CE,17450.0,0.7745058520740431,2021-12-09 10:15:00,2021-12-09,29.9,2021-12-09 13:00:00,82.45,Exit Max Delta Leg,-52.550000000000004
PE,17400.0,-0.10033249206780004,2021-12-09 12:05:00,2021-12-09,21.4,2021-12-09 15:20:00,0.1,Final Expiry Exit,21.299999999999997
PE,17500.0,-0.39241623325730157,2021-12-09 12:35:00,2021-12-09,34.85,2021-12-09 15:20:00,0.2,Final Expiry Exit,34.65
CE,17500.0,0.4927487253251016,2021-12-09 13:00:00,2021-12-09,44.1,2021-12-09 15:20:00,17.05,Final Expiry Exit,27.05
CE,17350.0,0.021075522338833134,2021-12-16 10:15:00,2021-12-16,19.65,2021-12-16 15:20:00,0.2,Final Expiry Exit,19.45
PE,17200.0,-0.5541913747357856,2021-12-16 10:15:00,2021-12-16,25.25,2021-12-16 15:20:00,0.1,Final Expiry Exit,25.15
CE,17200.0,0.5331158523969525,2021-12-16 14:45:00,2021-12-16,17.75,2021-12-16 15:20:00,43.75,Final Expiry Exit,-26.0
CE,17100.0,0.5344792431336735,2021-12-23 10:15:00,2021-12-23,23.4,2021-12-23 15:20:00,0.15,Final Expiry Exit,23.25
PE,17000.0,-0.10246480548123199,2021-12-23 10:15:00,2021-12-23,19.25,2021-12-23 15:20:00,0.1,Final Expiry Exit,19.15
PE,17100.0,-0.43201443765244146,2021-12-23 13:20:00,2021-12-23,21.85,2021-12-23 15:20:00,26.35,Final Expiry Exit,-4.5
CE,17300.0,0.26933349589199296,2021-12-30 10:15:00,2021-12-30,11.7,2021-12-30 15:20:00,0.1,Final Expiry Exit,11.6
PE,17200.0,-0.2963225971318352,2021-12-30 10:15:00,2021-12-30,19.8,2021-12-30 15:20:00,1.25,Final Expiry Exit,18.55
CE,15750.0,0.24923924489763044,2021-06-10 10:15:00,2021-06-10,11.4,2021-06-10 15:20:00,0.1,Final Expiry Exit,11.3
PE,15650.0,-0.3246500773838049,2021-06-10 10:15:00,2021-06-10,22.5,2021-06-10 15:20:00,0.1,Final Expiry Exit,22.4
CE,15700.0,0.11020843176991107,2021-06-17 12:20:00,2021-06-17,28.35,2021-06-17 14:25:00,3.15,Exit for Delta Adjustment,25.200000000000003
PE,15700.0,-0.8077686239038937,2021-06-17 10:15:00,2021-06-17,24.8,2021-06-17 14:30:00,54.95,Exit Max Delta Leg,-30.150000000000002
CE,15800.0,0.5054292003096066,2021-06-24 10:15:00,2021-06-24,12.6,2021-06-24 15:20:00,0.1,Final Expiry Exit,12.5
PE,15650.0,-0.06643612236114292,2021-06-24 10:15:00,2021-06-24,17.2,2021-06-24 15:20:00,0.1,Final Expiry Exit,17.099999999999998
PE,15800.0,-0.43899307794846365,2021-06-24 14:05:00,2021-06-24,30.65,2021-06-24 15:20:00,10.0,Final Expiry Exit,20.65
CE,15750.0,0.3288181497584962,2021-07-01 10:15:00,2021-07-01,16.1,2021-07-01 15:20:00,0.15,Final Expiry Exit,15.950000000000001
PE,15650.0,-0.2050889534786559,2021-07-01 10:15:00,2021-07-01,9.4,2021-07-01 15:20:00,0.1,Final Expiry Exit,9.3
PE,15800.0,-0.7633025318175088,2021-07-08 10:15:00,2021-07-08,12.3,2021-07-08 12:55:00,48.65,Exit Max Delta Leg,-36.349999999999994
PE,15750.0,-0.7818453500324175,2021-07-08 12:55:00,2021-07-08,20.35,2021-07-08 14:05:00,51.25,Exit Max Delta Leg,-30.9
CE,15900.0,0.027415767608648924,2021-07-08 10:15:00,2021-07-08,10.0,2021-07-08 15:20:00,0.1,Final Expiry Exit,9.9
CE,15800.0,0.07533801080052722,2021-07-08 12:10:00,2021-07-08,21.9,2021-07-08 15:20:00,0.1,Final Expiry Exit,21.799999999999997
PE,15600.0,-0.10275377840917616,2021-07-08 14:05:00,2021-07-08,2.6,2021-07-08 15:20:00,0.05,Final Expiry Exit,2.5500000000000003
CE,15950.0,0.5215549901361655,2021-07-15 10:15:00,2021-07-15,5.65,2021-07-15 15:20:00,0.1,Final Expiry Exit,5.550000000000001
PE,15850.0,-0.06887473372352969,2021-07-15 10:15:00,2021-07-15,19.05,2021-07-15 15:20:00,0.05,Final Expiry Exit,19.0
PE,15950.0,-0.45268025641263576,2021-07-15 13:55:00,2021-07-15,19.65,2021-07-15 15:20:00,26.5,Final Expiry Exit,-6.850000000000001
CE,15850.0,0.16106691592573757,2021-07-22 10:15:00,2021-07-22,4.55,2021-07-22 15:20:00,0.1,Final Expiry Exit,4.45
PE,15750.0,-0.2673797435051024,2021-07-22 10:15:00,2021-07-22,12.35,2021-07-22 15:20:00,0.1,Final Expiry Exit,12.25
CE,15800.0,0.5438365352148945,2021-07-29 10:15:00,2021-07-29,15.55,2021-07-29 15:20:00,0.15,Final Expiry Exit,15.4
PE,15750.0,-0.2099291489576382,2021-07-29 10:15:00,2021-07-29,24.75,2021-07-29 15:20:00,0.15,Final Expiry Exit,24.6
PE,15750.0,-0.3339073862572563,2021-07-29 13:00:00,2021-07-29,8.25,2021-07-29 15:20:00,0.15,Final Expiry Exit,8.1
CE,16300.0,0.7435584378180273,2021-08-05 10:15:00,2021-08-05,8.5,2021-08-05 13:15:00,38.4,Exit Max Delta Leg,-29.9
PE,16200.0,-0.061911542256222425,2021-08-05 10:15:00,2021-08-05,18.95,2021-08-05 15:20:00,0.2,Final Expiry Exit,18.75
PE,16300.0,-0.3111547192400269,2021-08-05 12:50:00,2021-08-05,21.5,2021-08-05 15:20:00,3.8,Final Expiry Exit,17.7
CE,16350.0,0.37306626149624933,2021-08-05 13:15:00,2021-08-05,11.65,2021-08-05 15:20:00,0.1,Final Expiry Exit,11.55
CE,16350.0,0.5641195685093404,2021-08-12 10:15:00,2021-08-12,15.65,2021-08-12 15:20:00,15.85,Final Expiry Exit,-0.1999999999999993
PE,16300.0,-0.22618414680680216,2021-08-12 10:15:00,2021-08-12,21.4,2021-08-12 15:20:00,0.15,Final Expiry Exit,21.25
PE,16300.0,-0.33793542170253826,2021-08-12 12:30:00,2021-08-12,9.9,2021-08-12 15:20:00,0.15,Final Expiry Exit,9.75
PE,16650.0,-0.7400478833818146,2021-08-18 10:15:00,2021-08-18,16.0,2021-08-18 12:50:00,48.35,Exit Max Delta Leg,-32.35
CE,16650.0,0.05154173252724437,2021-08-18 11:50:00,2021-08-18,26.05,2021-08-18 14:30:00,1.4,Exit for Delta Adjustment,24.650000000000002
CE,16750.0,0.015294241187943572,2021-08-18 10:15:00,2021-08-18,5.55,2021-08-18 15:20:00,0.1,Final Expiry Exit,5.45
PE,16600.0,0.0,2021-08-18 12:50:00,2021-08-18,20.0,2021-08-18 15:20:00,29.85,Final Expiry Exit,-9.850000000000001
CE,16700.0,0.3408520127292133,2021-08-26 10:15:00,2021-08-26,14.35,2021-08-26 15:20:00,0.1,Final Expiry Exit,14.25
PE,16600.0,-0.22786891112712543,2021-08-26 10:15:00,2021-08-26,13.2,2021-08-26 15:20:00,0.05,Final Expiry Exit,13.149999999999999
