Date,vix,Position,Action,PE_Long_Time,PE_Short_Time,CE_Short_Time,CE_Long_Time,Index Value,PE_Long_Strike,PE_Short_Strike,CE_Short_Strike,CE_Long_Strike,ExpiryDate,DaysToExpiry,Day,PE_Long_Premium,PE_Short_Premium,CE_Short_Premium,CE_Long_Premium,PE_Long_Stoploss,PE_Short_Stoploss,CE_Short_Stoploss,CE_Long_Stoploss,PE_Short_target,CE_Short_target,PE_Long_Exit,PE_Short_Exit,CE_Short_Exit,CE_Long_Exit,Premium
2024-06-06,17.85,1,Short,09:30:00,09:30:00,09:30:00,09:30:00,22714.7,22200,22700,22700,23200,2024-06-06 00:00:00,0,Thursday,10.5,121.45,117.25,10.65,0,242.9,234.5,0,24.290000000000003,23.450000000000003,,,,,652.65
2024-06-06,,0,Long,2024-06-06 11:00:00,2024-06-06 11:00:00,2024-06-06 14:42:00,2024-06-06 14:42:00,,22200,22700,22700,23200,2024-06-06 00:00:00,0,Thursday,"[1.75, 1.75]","[24.25, 24.25]","[22.85, 22.85]","[0.25, 0.25]",0,,,0,,,Exit,Target hit,Target hit,Exit,-135.3
2024-06-13,14.08,1,Short,09:30:00,09:30:00,09:30:00,09:30:00,23418.2,22900,23400,23400,23900,2024-06-13 00:00:00,0,Thursday,1.1,51.6,66.0,0.65,0,103.2,132.0,0,10.32,13.2,,,,,347.55
2024-06-13,,0,Long,2024-06-13 14:59:00,2024-06-13 14:59:00,2024-06-13 14:11:00,2024-06-13 14:11:00,,22900,23400,23400,23900,2024-06-13 00:00:00,0,Thursday,"[0.15, 0.15]","[9.4, 9.4]","[13.2, 13.2]","[0.15, 0.15]",0,,,0,,,Exit,Target hit,Target hit,Exit,-66.89999999999999
2024-06-20,13.8,1,Short,09:30:00,09:30:00,09:30:00,09:30:00,23497.6,23000,23500,23500,24000,2024-06-20 00:00:00,0,Thursday,1.85,81.7,60.8,1.05,0,163.4,121.6,0,16.34,12.16,,,,,418.8
2024-06-20,,0,Long,2024-06-20 11:46:00,2024-06-20 11:46:00,2024-06-20 13:28:00,2024-06-20 13:28:00,,23000,23500,23500,24000,2024-06-20 00:00:00,0,Thursday,"[0.55, 0.55]","[16.0, 16.0]","[128.25, 59.25]","[0.55, 0.15]",0,,,0,,,Exit,Target hit,SL hit,Exit,-292.25
2024-06-27,14.1,1,Short,09:30:00,09:30:00,09:30:00,09:30:00,23819.7,23300,23800,23800,24300,2024-06-27 00:00:00,0,Thursday,1.1,63.4,70.15,1.0,0,126.8,140.3,0,12.68,14.03,,,,,394.35
2024-06-27,,0,Long,2024-06-27 10:28:00,2024-06-27 10:28:00,2024-06-27 10:00:00,2024-06-27 10:00:00,,23300,23800,23800,24300,2024-06-27 00:00:00,0,Thursday,"[0.8, 0.8]","[11.95, 11.95]","[147.0, 230.35]","[1.3, 0.15]",0,,,0,,,Exit,Target hit,SL hit,Exit,-639.5500000000001
2024-07-04,13.12,1,Short,09:30:00,09:30:00,09:30:00,09:30:00,24362.45,23850,24350,24350,24850,2024-07-04 00:00:00,0,Thursday,1.0,44.45,58.25,0.5,0,88.9,116.5,0,8.89,11.65,,,,,303.6
2024-07-04,,0,Long,2024-07-04 15:00:00,2024-07-04 15:00:00,2024-07-04 13:13:00,2024-07-04 13:13:00,,23850,24350,24350,24850,2024-07-04 00:00:00,0,Thursday,"[0.1, 0.1]","[47.7, 47.7]","[10.95, 10.95]","[0.2, 0.2]",0,,,0,,,Exit,Universal exit,Target hit,Exit,-175.04999999999998
2024-07-11,14.27,1,Short,09:30:00,09:30:00,09:30:00,09:30:00,24346.85,23850,24350,24350,24850,2024-07-11 00:00:00,0,Thursday,0.65,54.6,35.95,0.4,0,109.2,71.9,0,10.920000000000002,7.190000000000001,,,,,268.50000000000006
2024-07-11,,0,Long,2024-07-11 10:13:00,2024-07-11 10:13:00,2024-07-11 10:48:00,2024-07-11 10:48:00,,23850,24350,24350,24850,2024-07-11 00:00:00,0,Thursday,"[0.4, 0.05]","[120.0, 17.1]","[6.75, 6.75]","[0.45, 0.45]",0,,,0,,,Exit,SL hit,Target hit,Exit,-172.6
2024-07-18,14.64,1,Short,09:30:00,09:30:00,09:30:00,09:30:00,24538.45,24050,24550,24550,25050,2024-07-18 00:00:00,0,Thursday,0.75,50.8,36.65,0.45,0,101.6,73.3,0,10.16,7.33,,,,,258.74999999999994
2024-07-18,,0,Long,2024-07-18 13:15:00,2024-07-18 13:15:00,2024-07-18 09:45:00,2024-07-18 09:45:00,,24050,24550,24550,25050,2024-07-18 00:00:00,0,Thursday,"[0.5, 0.5]","[10.1, 10.1]","[75.9, 257.75]","[0.45, 0.2]",0,,,0,,,Exit,Target hit,SL hit,Exit,-619.35
2024-07-25,11.97,1,Short,09:30:00,09:30:00,09:30:00,09:30:00,24248.2,23750,24250,24250,24750,2024-07-25 00:00:00,0,Thursday,1.15,67.15,51.85,1.1,0,134.3,103.7,0,13.43,10.37,,,,,350.25
2024-07-25,,0,Long,2024-07-25 11:11:00,2024-07-25 11:11:00,2024-07-25 11:54:00,2024-07-25 11:54:00,,23750,24250,24250,24750,2024-07-25 00:00:00,0,Thursday,"[0.75, 0.75]","[11.65, 11.65]","[107.65, 152.5]","[0.85, 0.1]",0,,,0,,,Exit,Target hit,SL hit,Exit,-444.3
2024-08-01,13.06,1,Short,09:30:00,09:30:00,09:30:00,09:30:00,25054.15,24550,25050,25050,25550,2024-08-01 00:00:00,0,Thursday,1.2,48.25,65.95,0.6,0,96.5,131.9,0,9.65,13.19,,,,,337.20000000000005
2024-08-01,,0,Long,2024-08-01 15:00:00,2024-08-01 15:00:00,2024-08-01 11:43:00,2024-08-01 11:43:00,,24550,25050,25050,25550,2024-08-01 00:00:00,0,Thursday,"[0.15, 0.15]","[58.0, 58.0]","[11.85, 11.85]","[0.45, 0.45]",0,,,0,,,Exit,Universal exit,Target hit,Exit,-207.75
2024-08-08,16.63,1,Short,09:30:00,09:30:00,09:30:00,09:30:00,24222.35,23700,24200,24200,24700,2024-08-08 00:00:00,0,Thursday,3.05,88.55,110.4,1.9,0,177.1,220.8,0,17.71,22.08,,,,,582.0
2024-08-08,,0,Long,2024-08-08 15:00:00,2024-08-08 15:00:00,2024-08-08 14:00:00,2024-08-08 14:00:00,,23700,24200,24200,24700,2024-08-08 00:00:00,0,Thursday,"[0.15, 0.15]","[48.15, 48.15]","[22.0, 22.0]","[0.25, 0.25]",0,,,0,,,Exit,Universal exit,Target hit,Exit,-209.25
2024-08-22,13.36,1,Short,09:30:00,09:30:00,09:30:00,09:30:00,24826.85,24350,24850,24850,25350,2024-08-22 00:00:00,0,Thursday,0.7,60.6,33.5,0.45,0,121.2,67.0,0,12.12,6.7,,,,,278.85
2024-08-22,,0,Long,2024-08-22 15:00:00,2024-08-22 15:00:00,2024-08-22 13:02:00,2024-08-22 13:02:00,,24350,24850,24850,25350,2024-08-22 00:00:00,0,Thursday,"[0.15, 0.15]","[42.2, 42.2]","[6.7, 6.7]","[0.2, 0.2]",0,,,0,,,Exit,Universal exit,Target hit,Exit,-145.65
2024-08-29,13.94,1,Short,09:30:00,09:30:00,09:30:00,09:30:00,25054.85,24550,25050,25050,25550,2024-08-29 00:00:00,0,Thursday,0.55,50.4,59.7,0.35,0,100.8,119.4,0,10.08,11.94,,,,,327.6
2024-08-29,,0,Long,2024-08-29 12:30:00,2024-08-29 12:30:00,2024-08-29 12:32:00,2024-08-29 12:32:00,,24550,25050,25050,25550,2024-08-29 00:00:00,0,Thursday,"[0.35, 0.35]","[8.65, 8.65]","[135.75, 132.5]","[0.25, 0.1]",0,,,0,,,Exit,Target hit,SL hit,Exit,-425.2
2024-09-05,14.14,1,Short,09:30:00,09:30:00,09:30:00,09:30:00,25216.9,24700,25200,25200,25700,2024-09-05 00:00:00,0,Thursday,0.6,59.5,63.6,0.5,0,119.0,127.2,0,11.9,12.72,,,,,366.0
2024-09-05,,0,Long,2024-09-05 15:00:00,2024-09-05 15:00:00,2024-09-05 13:08:00,2024-09-05 13:08:00,,24700,25200,25200,25700,2024-09-05 00:00:00,0,Thursday,"[0.1, 0.1]","[48.15, 48.15]","[11.75, 11.75]","[0.45, 0.45]",0,,,0,,,Exit,Universal exit,Target hit,Exit,-178.04999999999998
2024-09-12,13.08,1,Short,09:30:00,09:30:00,09:30:00,09:30:00,25058.15,24550,25050,25050,25550,2024-09-12 00:00:00,0,Thursday,0.6,56.1,56.7,0.45,0,112.2,113.4,0,11.22,11.340000000000002,,,,,335.25000000000006
2024-09-12,,0,Long,2024-09-12 11:26:00,2024-09-12 11:26:00,2024-09-12 14:05:00,2024-09-12 14:05:00,,24550,25050,25050,25550,2024-09-12 00:00:00,0,Thursday,"[0.45, 0.35]","[142.25, 1.1]","[125.0, 286.55]","[0.15, 0.25]",0,,,0,,,Exit,SL hit,SL hit,Exit,-840.7500000000001
2024-09-19,12.27,1,Short,09:30:00,09:30:00,09:30:00,09:30:00,25565.75,25050,25550,25550,26050,2024-09-19 00:00:00,0,Thursday,1.65,44.35,67.85,0.9,0,88.7,135.7,0,8.870000000000001,13.57,,,,,328.95000000000005
2024-09-19,,0,Long,2024-09-19 11:29:00,2024-09-19 11:29:00,2024-09-19 11:23:00,2024-09-19 11:23:00,,25050,25550,25550,26050,2024-09-19 00:00:00,0,Thursday,"[1.6, 0.25]","[93.45, 135.25]","[11.9, 11.9]","[0.7, 0.7]",0,,,0,,,Exit,SL hit,Target hit,Exit,-395.45
2024-09-26,12.46,1,Short,09:30:00,09:30:00,09:30:00,09:30:00,26049.25,25550,26050,26050,26550,2024-09-26 00:00:00,0,Thursday,1.55,56.55,69.35,0.7,0,113.1,138.7,0,11.31,13.87,,,,,370.94999999999993
2024-09-26,,0,Long,2024-09-26 14:49:00,2024-09-26 14:49:00,2024-09-26 14:37:00,2024-09-26 14:37:00,,25550,26050,26050,26550,2024-09-26 00:00:00,0,Thursday,"[0.35, 0.35]","[11.1, 11.1]","[156.15, 170.25]","[0.45, 0.15]",0,,,0,,,Exit,Target hit,SL hit,Exit,-528.1500000000001
2024-02-01,15.9,1,Short,09:30:00,09:30:00,09:30:00,09:30:00,21720.05,21200,21700,21700,22200,2024-02-01 00:00:00,0,Thursday,11.5,105.25,107.45,11.75,0,210.5,214.9,0,21.05,21.49,,,,,568.35
2024-02-01,,0,Long,2024-02-01 12:50:00,2024-02-01 12:50:00,2024-02-01 14:36:00,2024-02-01 14:36:00,,21200,21700,21700,22200,2024-02-01 00:00:00,0,Thursday,"[1.0, 1.0]","[18.1, 18.1]","[20.55, 20.55]","[0.3, 0.3]",0,,,0,,,Exit,Target hit,Target hit,Exit,-112.05
2024-02-08,15.52,1,Short,09:30:00,09:30:00,09:30:00,09:30:00,21997.2,21500,22000,22000,22500,2024-02-08 00:00:00,0,Thursday,1.25,57.1,60.55,0.6,0,114.2,121.1,0,11.420000000000002,12.11,,,,,347.4
2024-02-08,,0,Long,2024-02-08 10:16:00,2024-02-08 10:16:00,2024-02-08 10:42:00,2024-02-08 10:42:00,,21500,22000,22000,22500,2024-02-08 00:00:00,0,Thursday,"[1.5, 0.2]","[134.4, 337.55]","[12.05, 12.05]","[0.5, 0.5]",0,,,0,,,Exit,SL hit,Target hit,Exit,-842.2500000000001
2024-02-15,15.33,1,Short,09:30:00,09:30:00,09:30:00,09:30:00,21875.1,21400,21900,21900,22400,2024-02-15 00:00:00,0,Thursday,1.65,70.75,46.85,0.5,0,141.5,93.7,0,14.15,9.37,,,,,346.35
2024-02-15,,0,Long,2024-02-15 13:44:00,2024-02-15 13:44:00,2024-02-15 15:00:00,2024-02-15 15:00:00,,21400,21900,21900,22400,2024-02-15 00:00:00,0,Thursday,"[0.6, 0.6]","[14.05, 14.05]","[17.9, 17.9]","[0.15, 0.15]",0,,,0,,,Exit,Target hit,Universal exit,Exit,-93.6
2024-02-22,15.92,1,Short,09:30:00,09:30:00,09:30:00,09:30:00,22006.75,21500,22000,22000,22500,2024-02-22 00:00:00,0,Thursday,0.7,71.3,63.75,0.95,0,142.6,127.5,0,14.26,12.75,,,,,400.2
2024-02-22,,0,Long,2024-02-22 10:06:00,2024-02-22 10:06:00,2024-02-22 12:54:00,2024-02-22 12:54:00,,21500,22000,22000,22500,2024-02-22 00:00:00,0,Thursday,"[1.65, 0.15]","[153.0, 0.7]","[12.2, 12.2]","[0.3, 0.3]",0,,,0,,,Exit,SL hit,Target hit,Exit,-188.15
2024-02-29,16.14,1,Short,09:30:00,09:30:00,09:30:00,09:30:00,21952.2,21450,21950,21950,22450,2024-02-29 00:00:00,0,Thursday,1.65,76.35,71.45,1.85,0,152.7,142.9,0,15.27,14.29,,,,,432.9
2024-02-29,,0,Long,2024-02-29 14:44:00,2024-02-29 14:44:00,2024-02-29 15:00:00,2024-02-29 15:00:00,,21450,21950,21950,22450,2024-02-29 00:00:00,0,Thursday,"[0.3, 0.3]","[13.5, 13.5]","[20.85, 20.85]","[0.2, 0.2]",0,,,0,,,Exit,Target hit,Universal exit,Exit,-101.55
2024-03-07,14.4,1,Short,09:30:00,09:30:00,09:30:00,09:30:00,22482.05,22000,22500,22500,23000,2024-03-07 00:00:00,0,Thursday,1.35,57.3,43.8,0.45,0,114.6,87.6,0,11.46,8.76,,,,,297.9
2024-03-07,,0,Long,2024-03-07 14:51:00,2024-03-07 14:51:00,2024-03-07 14:45:00,2024-03-07 14:45:00,,22000,22500,22500,23000,2024-03-07 00:00:00,0,Thursday,"[0.15, 0.15]","[8.3, 8.3]","[7.3, 7.3]","[0.1, 0.1]",0,,,0,,,Exit,Target hit,Target hit,Exit,-46.05
2024-03-14,14.42,1,Short,09:30:00,09:30:00,09:30:00,09:30:00,21989.25,21500,22000,22000,22500,2024-03-14 00:00:00,0,Thursday,1.6,74.35,76.2,1.45,0,148.7,152.4,0,14.87,15.240000000000002,,,,,442.5
2024-03-14,,0,Long,2024-03-14 10:42:00,2024-03-14 10:42:00,2024-03-14 11:34:00,2024-03-14 11:34:00,,21500,22000,22000,22500,2024-03-14 00:00:00,0,Thursday,"[0.65, 0.65]","[14.4, 14.4]","[157.35, 135.85]","[0.75, 0.15]",0,,,0,,,Exit,Target hit,SL hit,Exit,-469.25
2024-03-21,13.07,1,Short,09:30:00,09:30:00,09:30:00,09:30:00,21994.45,21500,22000,22000,22500,2024-03-21 00:00:00,0,Thursday,0.9,54.75,43.0,0.45,0,109.5,86.0,0,10.95,8.6,,,,,289.2
2024-03-21,,0,Long,2024-03-21 11:09:00,2024-03-21 11:09:00,2024-03-21 14:56:00,2024-03-21 14:56:00,,21500,22000,22000,22500,2024-03-21 00:00:00,0,Thursday,"[0.7, 0.7]","[10.75, 10.75]","[7.75, 7.75]","[0.05, 0.05]",0,,,0,,,Exit,Target hit,Target hit,Exit,-53.25
2024-03-28,12.71,1,Short,09:30:00,09:30:00,09:30:00,09:30:00,22217.4,21700,22200,22200,22700,2024-03-28 00:00:00,0,Thursday,0.6,33.45,68.45,0.35,0,66.9,136.9,0,6.690000000000001,13.69,,,,,302.85
2024-03-28,,0,Long,2024-03-28 11:02:00,2024-03-28 11:02:00,2024-03-28 09:50:00,2024-03-28 09:50:00,,21700,22200,22200,22700,2024-03-28 00:00:00,0,Thursday,"[0.85, 0.85]","[6.55, 6.55]","[145.2, 255.6]","[0.45, 0.25]",0,,,0,,,Exit,Target hit,SL hit,Exit,-672.55
2024-04-04,11.46,1,Short,09:30:00,09:30:00,09:30:00,09:30:00,22519.05,22000,22500,22500,23000,2024-04-04 00:00:00,0,Thursday,0.8,59.3,59.1,0.6,0,118.6,118.2,0,11.86,11.82,,,,,351.0
2024-04-04,,0,Long,2024-04-04 09:54:00,2024-04-04 09:54:00,2024-04-04 10:53:00,2024-04-04 10:53:00,,22000,22500,22500,23000,2024-04-04 00:00:00,0,Thursday,"[1.2, 0.05]","[129.4, 14.1]","[10.85, 10.85]","[0.6, 0.6]",0,,,0,,,Exit,SL hit,Target hit,Exit,-187.05
2024-04-18,12.17,1,Short,09:30:00,09:30:00,09:30:00,09:30:00,22266.45,21750,22250,22250,22750,2024-04-18 00:00:00,0,Thursday,0.85,41.65,44.1,0.5,0,83.3,88.2,0,8.33,8.82,,,,,253.2
2024-04-18,,0,Long,2024-04-18 09:44:00,2024-04-18 09:44:00,2024-04-18 14:07:00,2024-04-18 14:07:00,,21750,22250,22250,22750,2024-04-18 00:00:00,0,Thursday,"[1.1, 0.25]","[96.6, 231.0]","[7.6, 7.6]","[0.15, 0.15]",0,,,0,,,Exit,SL hit,Target hit,Exit,-579.35
2024-04-25,10.52,1,Short,09:30:00,09:30:00,09:30:00,09:30:00,22342.0,21850,22350,22350,22850,2024-04-25 00:00:00,0,Thursday,1.0,50.25,52.35,0.55,0,100.5,104.7,0,10.05,10.47,,,,,303.15000000000003
2024-04-25,,0,Long,2024-04-25 14:03:00,2024-04-25 14:03:00,2024-04-25 10:13:00,2024-04-25 10:13:00,,21850,22350,22350,22850,2024-04-25 00:00:00,0,Thursday,"[0.45, 0.45]","[8.2, 8.2]","[113.6, 270.65]","[0.4, 0.2]",0,,,0,,,Exit,Target hit,SL hit,Exit,-677.35
2024-05-02,13.79,1,Short,09:30:00,09:30:00,09:30:00,09:30:00,22640.0,22150,22650,22650,23150,2024-05-02 00:00:00,0,Thursday,1.05,51.7,64.95,0.65,0,103.4,129.9,0,10.340000000000002,12.990000000000002,,,,,344.85
2024-05-02,,0,Long,2024-05-02 13:51:00,2024-05-02 13:51:00,2024-05-02 15:00:00,2024-05-02 15:00:00,,22150,22650,22650,23150,2024-05-02 00:00:00,0,Thursday,"[0.5, 0.5]","[8.65, 8.65]","[22.4, 22.4]","[0.1, 0.1]",0,,,0,,,Exit,Target hit,Universal exit,Exit,-91.35
2024-05-09,17.6,1,Short,09:30:00,09:30:00,09:30:00,09:30:00,22235.15,21750,22250,22250,22750,2024-05-09 00:00:00,0,Thursday,0.9,85.85,60.05,0.95,0,171.7,120.1,0,17.169999999999998,12.01,,,,,432.1499999999999
2024-05-09,,0,Long,2024-05-09 12:49:00,2024-05-09 12:49:00,2024-05-09 11:06:00,2024-05-09 11:06:00,,21750,22250,22250,22750,2024-05-09 00:00:00,0,Thursday,"[0.8, 0.15]","[175.5, 256.35]","[11.0, 11.0]","[0.65, 0.65]",0,,,0,,,Exit,SL hit,Target hit,Exit,-718.1500000000001
2024-05-16,20.17,1,Short,09:30:00,09:30:00,09:30:00,09:30:00,22310.95,21800,22300,22300,22800,2024-05-16 00:00:00,0,Thursday,0.95,62.7,59.5,0.45,0,125.4,119.0,0,12.54,11.9,,,,,362.4
2024-05-16,,0,Long,2024-05-16 10:05:00,2024-05-16 10:05:00,2024-05-16 10:48:00,2024-05-16 10:48:00,,21800,22300,22300,22800,2024-05-16 00:00:00,0,Thursday,"[0.95, 0.3]","[128.2, 8.45]","[11.35, 11.35]","[0.35, 0.35]",0,,,0,,,Exit,SL hit,Target hit,Exit,-176.55
2024-05-23,21.52,1,Short,09:30:00,09:30:00,09:30:00,09:30:00,22585.4,22100,22600,22600,23100,2024-05-23 00:00:00,0,Thursday,1.35,69.3,66.3,0.4,0,138.6,132.6,0,13.86,13.26,,,,,401.55
2024-05-23,,0,Long,2024-05-23 11:57:00,2024-05-23 11:57:00,2024-05-23 09:43:00,2024-05-23 09:43:00,,22100,22600,22600,23100,2024-05-23 00:00:00,0,Thursday,"[0.45, 0.45]","[12.4, 12.4]","[137.6, 313.8]","[0.7, 0.35]",0,,,0,,,Exit,Target hit,SL hit,Exit,-799.65
2024-05-30,24.39,1,Short,09:30:00,09:30:00,09:30:00,09:30:00,22641.75,22150,22650,22650,23150,2024-05-30 00:00:00,0,Thursday,1.7,93.75,72.25,1.65,0,187.5,144.5,0,18.75,14.45,,,,,487.95
2024-05-30,,0,Long,2024-05-30 14:45:00,2024-05-30 14:45:00,2024-05-30 11:32:00,2024-05-30 11:32:00,,22150,22650,22650,23150,2024-05-30 00:00:00,0,Thursday,"[0.25, 0.1]","[187.65, 230.3]","[13.8, 13.8]","[0.85, 0.85]",0,,,0,,,Exit,SL hit,Target hit,Exit,-686.6500000000001
2023-10-05,11.32,1,Short,09:30:00,09:30:00,09:30:00,09:30:00,19523.75,19000,19500,19500,20000,2023-10-05 00:00:00,0,Thursday,0.5,19.9,50.25,0.45,0,39.8,100.5,0,3.98,10.05,,,,,207.6
2023-10-05,,0,Long,2023-10-05 11:12:00,2023-10-05 11:12:00,2023-10-05 15:00:00,2023-10-05 15:00:00,,19000,19500,19500,20000,2023-10-05 00:00:00,0,Thursday,"[0.4, 0.4]","[3.95, 3.95]","[52.05, 52.05]","[0.05, 0.05]",0,,,0,,,Exit,Target hit,Universal exit,Exit,-166.64999999999998
2023-10-12,10.87,1,Short,09:30:00,09:30:00,09:30:00,09:30:00,19821.15,19300,19800,19800,20300,2023-10-12 00:00:00,0,Thursday,0.55,24.8,44.6,0.5,0,49.6,89.2,0,4.960000000000001,8.92,,,,,205.05
2023-10-12,,0,Long,2023-10-12 09:57:00,2023-10-12 09:57:00,2023-10-12 14:44:00,2023-10-12 14:44:00,,19300,19800,19800,20300,2023-10-12 00:00:00,0,Thursday,"[0.4, 0.1]","[52.35, 4.15]","[8.75, 8.75]","[0.15, 0.15]",0,,,0,,,Exit,SL hit,Target hit,Exit,-85.85
2023-10-19,11.02,1,Short,09:30:00,09:30:00,09:30:00,09:30:00,19554.3,19050,19550,19550,20050,2023-10-19 00:00:00,0,Thursday,0.4,29.95,35.4,0.65,0,59.9,70.8,0,5.99,7.08,,,,,192.9
2023-10-19,,0,Long,2023-10-19 11:27:00,2023-10-19 11:27:00,2023-10-19 11:26:00,2023-10-19 11:26:00,,19050,19550,19550,20050,2023-10-19 00:00:00,0,Thursday,"[0.45, 0.45]","[5.35, 5.35]","[70.85, 92.5]","[0.25, 0.05]",0,,,0,,,Exit,Target hit,SL hit,Exit,-270.2
2023-10-26,12.27,1,Short,09:30:00,09:30:00,09:30:00,09:30:00,18959.95,18450,18950,18950,19450,2023-10-26 00:00:00,0,Thursday,1.2,49.1,53.7,1.8,0,98.2,107.4,0,9.82,10.740000000000002,,,,,299.40000000000003
2023-10-26,,0,Long,2023-10-26 10:22:00,2023-10-26 10:22:00,2023-10-26 11:01:00,2023-10-26 11:01:00,,18450,18950,18950,19450,2023-10-26 00:00:00,0,Thursday,"[1.6, 0.25]","[99.75, 81.9]","[9.95, 9.95]","[3.4, 3.4]",0,,,0,,,Exit,SL hit,Target hit,Exit,-281.1
2023-11-02,11.4,1,Short,09:30:00,09:30:00,09:30:00,09:30:00,19159.85,18650,19150,19150,19650,2023-11-02 00:00:00,0,Thursday,0.55,35.0,33.45,0.35,0,70.0,66.9,0,7.0,6.690000000000001,,,,,202.65000000000003
2023-11-02,,0,Long,2023-11-02 11:43:00,2023-11-02 11:43:00,2023-11-02 11:01:00,2023-11-02 11:01:00,,18650,19150,19150,19650,2023-11-02 00:00:00,0,Thursday,"[0.25, 0.05]","[74.55, 14.3]","[6.65, 6.65]","[0.45, 0.45]",0,,,0,,,Exit,SL hit,Target hit,Exit,-121.4
2023-11-09,11.0,1,Short,09:30:00,09:30:00,09:30:00,09:30:00,19441.05,18950,19450,19450,19950,2023-11-09 00:00:00,0,Thursday,0.45,39.45,25.35,0.35,0,78.9,50.7,0,7.890000000000001,5.07,,,,,192.00000000000003
2023-11-09,,0,Long,2023-11-09 15:00:00,2023-11-09 15:00:00,2023-11-09 13:42:00,2023-11-09 13:42:00,,18950,19450,19450,19950,2023-11-09 00:00:00,0,Thursday,"[0.1, 0.1]","[47.5, 47.5]","[4.6, 4.6]","[0.15, 0.15]",0,,,0,,,Exit,Universal exit,Target hit,Exit,-155.55
2023-11-16,11.31,1,Short,09:30:00,09:30:00,09:30:00,09:30:00,19642.9,19150,19650,19650,20150,2023-11-16 00:00:00,0,Thursday,0.35,25.25,27.85,0.3,0,50.5,55.7,0,5.050000000000001,5.57,,,,,157.35000000000002
2023-11-16,,0,Long,2023-11-16 10:16:00,2023-11-16 10:16:00,2023-11-16 09:40:00,2023-11-16 09:40:00,,19150,19650,19650,20150,2023-11-16 00:00:00,0,Thursday,"[0.45, 0.45]","[4.8, 4.8]","[60.85, 200.95]","[0.3, 0.1]",0,,,0,,,Exit,Target hit,SL hit,Exit,-475.3
2023-11-23,11.94,1,Short,09:30:00,09:30:00,09:30:00,09:30:00,19858.7,19350,19850,19850,20350,2023-11-23 00:00:00,0,Thursday,0.45,22.5,44.1,0.3,0,45.0,88.2,0,4.5,8.82,,,,,197.55
2023-11-23,,0,Long,2023-11-23 10:19:00,2023-11-23 10:19:00,2023-11-23 10:50:00,2023-11-23 10:50:00,,19350,19850,19850,20350,2023-11-23 00:00:00,0,Thursday,"[0.5, 0.05]","[46.65, 39.8]","[8.8, 8.8]","[0.55, 0.55]",0,,,0,,,Exit,SL hit,Target hit,Exit,-150.39999999999998
2023-11-30,12.46,1,Short,09:30:00,09:30:00,09:30:00,09:30:00,20111.5,19600,20100,20100,20600,2023-11-30 00:00:00,0,Thursday,1.25,29.5,50.4,0.7,0,59.0,100.8,0,5.9,10.08,,,,,233.85
2023-11-30,,0,Long,2023-11-30 09:54:00,2023-11-30 09:54:00,2023-11-30 11:34:00,2023-11-30 11:34:00,,19600,20100,20100,20600,2023-11-30 00:00:00,0,Thursday,"[1.6, 0.25]","[66.4, 7.25]","[8.4, 8.4]","[1.0, 1.0]",0,,,0,,,Exit,SL hit,Target hit,Exit,-101.0
2023-12-07,13.4,1,Short,09:30:00,09:30:00,09:30:00,09:30:00,20850.8,20350,20850,20850,21350,2023-12-07 00:00:00,0,Thursday,0.65,34.65,43.6,0.6,0,69.3,87.2,0,6.93,8.72,,,,,231.0
2023-12-07,,0,Long,2023-12-07 10:53:00,2023-12-07 10:53:00,2023-12-07 15:00:00,2023-12-07 15:00:00,,20350,20850,20850,21350,2023-12-07 00:00:00,0,Thursday,"[0.5, 0.5]","[6.3, 6.3]","[50.65, 50.65]","[0.05, 0.05]",0,,,0,,,Exit,Target hit,Universal exit,Exit,-169.2
2023-12-14,12.21,1,Short,09:30:00,09:30:00,09:30:00,09:30:00,21130.5,20650,21150,21150,21650,2023-12-14 00:00:00,0,Thursday,0.8,48.9,23.05,0.35,0,97.8,46.1,0,9.78,4.61,,,,,212.4
2023-12-14,,0,Long,2023-12-14 13:00:00,2023-12-14 13:00:00,2023-12-14 09:58:00,2023-12-14 09:58:00,,20650,21150,21150,21650,2023-12-14 00:00:00,0,Thursday,"[0.5, 0.5]","[9.6, 9.6]","[47.6, 17.0]","[0.35, 0.1]",0,,,0,,,Exit,Target hit,SL hit,Exit,-108.35
2023-12-21,14.92,1,Short,09:30:00,09:30:00,09:30:00,09:30:00,21026.95,20550,21050,21050,21550,2023-12-21 00:00:00,0,Thursday,1.85,87.1,45.0,1.55,0,174.2,90.0,0,17.419999999999998,9.0,,,,,386.1
2023-12-21,,0,Long,2023-12-21 10:19:00,2023-12-21 10:19:00,2023-12-21 10:10:00,2023-12-21 10:10:00,,20550,21050,21050,21550,2023-12-21 00:00:00,0,Thursday,"[1.1, 1.1]","[16.25, 16.25]","[90.2, 200.0]","[1.25, 0.3]",0,,,0,,,Exit,Target hit,SL hit,Exit,-533.8000000000001
2023-12-28,15.98,1,Short,09:30:00,09:30:00,09:30:00,09:30:00,21734.35,21250,21750,21750,22250,2023-12-28 00:00:00,0,Thursday,2.3,56.95,57.4,0.95,0,113.9,114.8,0,11.39,11.48,,,,,333.3
2023-12-28,,0,Long,2023-12-28 14:04:00,2023-12-28 14:04:00,2023-12-28 14:48:00,2023-12-28 14:48:00,,21250,21750,21750,22250,2023-12-28 00:00:00,0,Thursday,"[1.15, 1.15]","[10.1, 10.1]","[10.35, 10.35]","[0.2, 0.2]",0,,,0,,,Exit,Target hit,Target hit,Exit,-57.3
2024-01-04,13.94,1,Short,09:30:00,09:30:00,09:30:00,09:30:00,21618.6,21100,21600,21600,22100,2024-01-04 00:00:00,0,Thursday,0.55,33.5,39.9,0.5,0,67.0,79.8,0,6.7,7.98,,,,,217.05
2024-01-04,,0,Long,2024-01-04 11:42:00,2024-01-04 11:42:00,2024-01-04 15:00:00,2024-01-04 15:00:00,,21100,21600,21600,22100,2024-01-04 00:00:00,0,Thursday,"[0.55, 0.55]","[6.4, 6.4]","[48.6, 48.6]","[0.05, 0.05]",0,,,0,,,Exit,Target hit,Universal exit,Exit,-163.20000000000002
2024-01-11,12.96,1,Short,09:30:00,09:30:00,09:30:00,09:30:00,21703.65,21200,21700,21700,22200,2024-01-11 00:00:00,0,Thursday,0.65,35.35,38.7,0.35,0,70.7,77.4,0,7.07,7.740000000000001,,,,,219.15000000000003
2024-01-11,,0,Long,2024-01-11 10:55:00,2024-01-11 10:55:00,2024-01-11 12:15:00,2024-01-11 12:15:00,,21200,21700,21700,22200,2024-01-11 00:00:00,0,Thursday,"[0.6, 0.15]","[72.4, 50.25]","[7.55, 7.55]","[0.55, 0.55]",0,,,0,,,Exit,SL hit,Target hit,Exit,-193.0
2024-01-18,15.16,1,Short,09:30:00,09:30:00,09:30:00,09:30:00,21438.3,20950,21450,21450,21950,2024-01-18 00:00:00,0,Thursday,1.25,69.15,39.1,1.25,0,138.3,78.2,0,13.830000000000002,7.82,,,,,317.25
2024-01-18,,0,Long,2024-01-18 09:53:00,2024-01-18 09:53:00,2024-01-18 12:24:00,2024-01-18 12:24:00,,20950,21450,21450,21950,2024-01-18 00:00:00,0,Thursday,"[2.95, 0.15]","[149.5, 4.85]","[79.9, 7.2]","[0.7, 0.1]",0,,,0,,,Exit,SL hit,SL hit,Exit,-249.35
2024-01-25,14.55,1,Short,09:30:00,09:30:00,09:30:00,09:30:00,21438.5,20950,21450,21450,21950,2024-01-25 00:00:00,0,Thursday,2.4,66.85,60.15,1.15,0,133.7,120.3,0,13.37,12.03,,,,,370.35
2024-01-25,,0,Long,2024-01-25 10:18:00,2024-01-25 10:18:00,2024-01-25 10:37:00,2024-01-25 10:37:00,,20950,21450,21450,21950,2024-01-25 00:00:00,0,Thursday,"[2.85, 0.25]","[135.4, 179.6]","[11.75, 11.75]","[1.15, 1.15]",0,,,0,,,Exit,SL hit,Target hit,Exit,-523.0500000000001
2023-06-01,11.81,1,Short,09:30:00,09:30:00,09:30:00,09:30:00,18518.75,18000,18500,18500,19000,2023-06-01 00:00:00,0,Thursday,0.75,26.1,46.4,0.85,0,52.2,92.8,0,5.220000000000001,9.28,,,,,212.7
2023-06-01,,0,Long,2023-06-01 11:53:00,2023-06-01 11:53:00,2023-06-01 15:00:00,2023-06-01 15:00:00,,18000,18500,18500,19000,2023-06-01 00:00:00,0,Thursday,"[0.6, 0.6]","[5.1, 5.1]","[32.7, 32.7]","[0.2, 0.2]",0,,,0,,,Exit,Target hit,Universal exit,Exit,-111.0
2023-06-08,11.3,1,Short,09:30:00,09:30:00,09:30:00,09:30:00,18746.1,18250,18750,18750,19250,2023-06-08 00:00:00,0,Thursday,1.2,35.05,32.95,0.55,0,70.1,65.9,0,7.01,6.590000000000001,,,,,198.75
2023-06-08,,0,Long,2023-06-08 12:03:00,2023-06-08 12:03:00,2023-06-08 12:35:00,2023-06-08 12:35:00,,18250,18750,18750,19250,2023-06-08 00:00:00,0,Thursday,"[0.6, 0.15]","[70.15, 109.3]","[5.6, 5.6]","[0.45, 0.45]",0,,,0,,,Exit,SL hit,Target hit,Exit,-303.3
2023-06-15,10.92,1,Short,09:30:00,09:30:00,09:30:00,09:30:00,18748.75,18250,18750,18750,19250,2023-06-15 00:00:00,0,Thursday,1.25,34.75,27.15,0.65,0,69.5,54.3,0,6.95,5.43,,,,,180.0
2023-06-15,,0,Long,2023-06-15 14:38:00,2023-06-15 14:38:00,2023-06-15 10:21:00,2023-06-15 10:21:00,,18250,18750,18750,19250,2023-06-15 00:00:00,0,Thursday,"[0.4, 0.15]","[69.55, 74.0]","[54.9, 0.5]","[0.5, 0.1]",0,,,0,,,Exit,SL hit,SL hit,Exit,-272.05
2023-06-22,11.38,1,Short,09:30:00,09:30:00,09:30:00,09:30:00,18874.2,18350,18850,18850,19350,2023-06-22 00:00:00,0,Thursday,1.35,27.6,45.0,0.9,0,55.2,90.0,0,5.5200000000000005,9.0,,,,,211.05
2023-06-22,,0,Long,2023-06-22 12:11:00,2023-06-22 12:11:00,2023-06-22 12:55:00,2023-06-22 12:55:00,,18350,18850,18850,19350,2023-06-22 00:00:00,0,Thursday,"[0.85, 0.15]","[56.0, 68.0]","[8.35, 8.35]","[0.75, 0.75]",0,,,0,,,Exit,SL hit,Target hit,Exit,-213.65
2023-07-06,12.16,1,Short,09:30:00,09:30:00,09:30:00,09:30:00,19417.45,18900,19400,19400,19900,2023-07-06 00:00:00,0,Thursday,1.8,41.85,50.55,0.85,0,83.7,101.1,0,8.370000000000001,10.11,,,,,269.25
2023-07-06,,0,Long,2023-07-06 14:01:00,2023-07-06 14:01:00,2023-07-06 14:49:00,2023-07-06 14:49:00,,18900,19400,19400,19900,2023-07-06 00:00:00,0,Thursday,"[0.6, 0.6]","[7.9, 7.9]","[102.9, 93.6]","[0.15, 0.2]",0,,,0,,,Exit,Target hit,SL hit,Exit,-311.45
2023-07-13,10.77,1,Short,09:30:00,09:30:00,09:30:00,09:30:00,19488.15,19000,19500,19500,20000,2023-07-13 00:00:00,0,Thursday,1.1,41.85,31.95,0.95,0,83.7,63.9,0,8.370000000000001,6.390000000000001,,,,,215.25
2023-07-13,,0,Long,2023-07-13 14:46:00,2023-07-13 14:46:00,2023-07-13 10:08:00,2023-07-13 10:08:00,,19000,19500,19500,20000,2023-07-13 00:00:00,0,Thursday,"[0.25, 0.15]","[86.3, 108.2]","[66.6, 0.75]","[0.7, 0.25]",0,,,0,,,Exit,SL hit,SL hit,Exit,-369.05
2023-07-20,11.67,1,Short,09:30:00,09:30:00,09:30:00,09:30:00,19813.5,19300,19800,19800,20300,2023-07-20 00:00:00,0,Thursday,1.5,37.2,53.7,0.95,0,74.4,107.4,0,7.440000000000001,10.740000000000002,,,,,265.35
2023-07-20,,0,Long,2023-07-20 13:19:00,2023-07-20 13:19:00,2023-07-20 13:17:00,2023-07-20 13:17:00,,19300,19800,19800,20300,2023-07-20 00:00:00,0,Thursday,"[2.0, 2.0]","[7.0, 7.0]","[112.85, 166.8]","[0.65, 0.3]",0,,,0,,,Exit,Target hit,SL hit,Exit,-460.2000000000001
2023-07-27,10.49,1,Short,09:30:00,09:30:00,09:30:00,09:30:00,19841.9,19350,19850,19850,20350,2023-07-27 00:00:00,0,Thursday,1.05,42.35,42.9,0.9,0,84.7,85.8,0,8.47,8.58,,,,,249.9
2023-07-27,,0,Long,2023-07-27 11:05:00,2023-07-27 11:05:00,2023-07-27 11:51:00,2023-07-27 11:51:00,,19350,19850,19850,20350,2023-07-27 00:00:00,0,Thursday,"[0.65, 0.3]","[85.1, 247.2]","[8.25, 8.25]","[1.95, 1.95]",0,,,0,,,Exit,SL hit,Target hit,Exit,-597.15
2023-08-03,11.46,1,Short,09:30:00,09:30:00,09:30:00,09:30:00,19522.3,19000,19500,19500,20000,2023-08-03 00:00:00,0,Thursday,1.25,40.05,59.75,1.3,0,80.1,119.5,0,8.01,11.95,,,,,291.75
2023-08-03,,0,Long,2023-08-03 12:21:00,2023-08-03 12:21:00,2023-08-03 12:23:00,2023-08-03 12:23:00,,19000,19500,19500,20000,2023-08-03 00:00:00,0,Thursday,"[0.55, 0.15]","[83.05, 140.55]","[11.25, 11.25]","[0.85, 0.85]",0,,,0,,,Exit,SL hit,Target hit,Exit,-394.50000000000006
2023-08-10,11.56,1,Short,09:30:00,09:30:00,09:30:00,09:30:00,19585.0,19100,19600,19600,20100,2023-08-10 00:00:00,0,Thursday,1.0,64.25,36.8,0.75,0,128.5,73.6,0,12.85,7.359999999999999,,,,,297.9
2023-08-10,,0,Long,2023-08-10 15:00:00,2023-08-10 15:00:00,2023-08-10 13:31:00,2023-08-10 13:31:00,,19100,19600,19600,20100,2023-08-10 00:00:00,0,Thursday,"[0.1, 0.1]","[69.55, 69.55]","[7.1, 7.1]","[0.4, 0.4]",0,,,0,,,Exit,Universal exit,Target hit,Exit,-228.45
2023-08-17,12.46,1,Short,09:30:00,09:30:00,09:30:00,09:30:00,19411.7,18900,19400,19400,19900,2023-08-17 00:00:00,0,Thursday,0.8,39.8,47.0,0.95,0,79.6,94.0,0,7.96,9.4,,,,,255.15
2023-08-17,,0,Long,2023-08-17 15:00:00,2023-08-17 15:00:00,2023-08-17 12:45:00,2023-08-17 12:45:00,,18900,19400,19400,19900,2023-08-17 00:00:00,0,Thursday,"[0.1, 0.1]","[17.1, 17.1]","[8.05, 8.05]","[0.65, 0.65]",0,,,0,,,Exit,Universal exit,Target hit,Exit,-73.2
2023-08-24,11.06,1,Short,09:30:00,09:30:00,09:30:00,09:30:00,19551.85,19050,19550,19550,20050,2023-08-24 00:00:00,0,Thursday,1.1,33.95,32.15,0.9,0,67.9,64.3,0,6.790000000000001,6.43,,,,,192.3
2023-08-24,,0,Long,2023-08-24 11:00:00,2023-08-24 11:00:00,2023-08-24 11:55:00,2023-08-24 11:55:00,,19050,19550,19550,20050,2023-08-24 00:00:00,0,Thursday,"[0.75, 0.1]","[69.35, 143.4]","[5.5, 5.5]","[1.1, 1.1]",0,,,0,,,Exit,SL hit,Target hit,Exit,-368.4
2023-08-31,11.97,1,Short,09:30:00,09:30:00,09:30:00,09:30:00,19317.95,18800,19300,19300,19800,2023-08-31 00:00:00,0,Thursday,0.6,26.25,46.35,0.9,0,52.5,92.7,0,5.25,9.27,,,,,213.3
2023-08-31,,0,Long,2023-08-31 15:00:00,2023-08-31 15:00:00,2023-08-31 14:12:00,2023-08-31 14:12:00,,18800,19300,19300,19800,2023-08-31 00:00:00,0,Thursday,"[0.15, 0.15]","[30.7, 30.7]","[7.8, 7.8]","[0.3, 0.3]",0,,,0,,,Exit,Universal exit,Target hit,Exit,-114.15
2023-09-07,10.63,1,Short,09:30:00,09:30:00,09:30:00,09:30:00,19569.25,19050,19550,19550,20050,2023-09-07 00:00:00,0,Thursday,0.45,25.3,34.85,0.35,0,50.6,69.7,0,5.0600000000000005,6.970000000000001,,,,,178.05
2023-09-07,,0,Long,2023-09-07 11:04:00,2023-09-07 11:04:00,2023-09-07 10:42:00,2023-09-07 10:42:00,,19050,19550,19550,20050,2023-09-07 00:00:00,0,Thursday,"[0.55, 0.55]","[4.75, 4.75]","[70.3, 198.45]","[0.35, 0.05]",0,,,0,,,Exit,Target hit,SL hit,Exit,-479.35
2023-09-14,11.76,1,Short,09:30:00,09:30:00,09:30:00,09:30:00,20149.35,19650,20150,20150,20650,2023-09-14 00:00:00,0,Thursday,0.9,50.45,33.85,0.45,0,100.9,67.7,0,10.090000000000002,6.7700000000000005,,,,,248.85
2023-09-14,,0,Long,2023-09-14 10:18:00,2023-09-14 10:18:00,2023-09-14 11:47:00,2023-09-14 11:47:00,,19650,20150,20150,20650,2023-09-14 00:00:00,0,Thursday,"[0.55, 0.15]","[108.0, 56.05]","[6.6, 6.6]","[0.65, 0.65]",0,,,0,,,Exit,SL hit,Target hit,Exit,-237.1
2023-09-21,11.18,1,Short,09:30:00,09:30:00,09:30:00,09:30:00,19820.9,19300,19800,19800,20300,2023-09-21 00:00:00,0,Thursday,0.45,35.9,38.65,0.9,0,71.8,77.3,0,7.18,7.73,,,,,219.6
2023-09-21,,0,Long,2023-09-21 10:05:00,2023-09-21 10:05:00,2023-09-21 11:00:00,2023-09-21 11:00:00,,19300,19800,19800,20300,2023-09-21 00:00:00,0,Thursday,"[0.4, 0.05]","[72.0, 61.9]","[7.5, 7.5]","[0.9, 0.9]",0,,,0,,,Exit,SL hit,Target hit,Exit,-215.1
2023-09-28,11.85,1,Short,09:30:00,09:30:00,09:30:00,09:30:00,19728.6,19250,19750,19750,20250,2023-09-28 00:00:00,0,Thursday,1.05,75.65,22.0,0.75,0,151.3,44.0,0,15.130000000000004,4.4,,,,,287.55000000000007
2023-09-28,,0,Long,2023-09-28 12:27:00,2023-09-28 12:27:00,2023-09-28 12:27:00,2023-09-28 12:27:00,,19250,19750,19750,20250,2023-09-28 00:00:00,0,Thursday,"[0.45, 0.3]","[153.5, 210.95]","[3.95, 3.95]","[1.15, 1.15]",0,,,0,,,Exit,SL hit,Target hit,Exit,-582.75
2023-02-02,17.03,1,Short,09:30:00,09:30:00,09:30:00,09:30:00,17564.1,17050,17550,17550,18050,2023-02-02 00:00:00,0,Thursday,3.45,66.5,81.7,1.95,0,133.0,163.4,0,13.3,16.34,,,,,428.4
2023-02-02,,0,Long,2023-02-02 14:21:00,2023-02-02 14:21:00,2023-02-02 13:57:00,2023-02-02 13:57:00,,17050,17550,17550,18050,2023-02-02 00:00:00,0,Thursday,"[0.25, 0.25]","[12.3, 12.3]","[15.8, 15.8]","[0.45, 0.45]",0,,,0,,,Exit,Target hit,Target hit,Exit,-82.20000000000002
2023-02-09,13.67,1,Short,09:30:00,09:30:00,09:30:00,09:30:00,17815.25,17300,17800,17800,18300,2023-02-09 00:00:00,0,Thursday,1.05,38.95,50.7,0.75,0,77.9,101.4,0,7.790000000000001,10.14,,,,,263.55000000000007
2023-02-09,,0,Long,2023-02-09 13:32:00,2023-02-09 13:32:00,2023-02-09 13:55:00,2023-02-09 13:55:00,,17300,17800,17800,18300,2023-02-09 00:00:00,0,Thursday,"[0.45, 0.45]","[7.55, 7.55]","[102.9, 88.5]","[0.2, 0.05]",0,,,0,,,Exit,Target hit,SL hit,Exit,-300.90000000000003
2023-02-16,12.59,1,Short,09:30:00,09:30:00,09:30:00,09:30:00,18120.35,17600,18100,18100,18600,2023-02-16 00:00:00,0,Thursday,1.7,28.45,45.7,0.5,0,56.9,91.4,0,5.69,9.14,,,,,215.85
2023-02-16,,0,Long,2023-02-16 14:28:00,2023-02-16 14:28:00,2023-02-16 13:59:00,2023-02-16 13:59:00,,17600,18100,18100,18600,2023-02-16 00:00:00,0,Thursday,"[0.35, 0.15]","[59.6, 22.2]","[8.4, 8.4]","[0.55, 0.55]",0,,,0,,,Exit,SL hit,Target hit,Exit,-126.90000000000002
2023-02-23,15.75,1,Short,09:30:00,09:30:00,09:30:00,09:30:00,17503.7,17000,17500,17500,18000,2023-02-23 00:00:00,0,Thursday,1.4,43.5,55.7,1.95,0,87.0,111.4,0,8.700000000000001,11.14,,,,,287.55
2023-02-23,,0,Long,2023-02-23 10:30:00,2023-02-23 10:30:00,2023-02-23 10:05:00,2023-02-23 10:05:00,,17000,17500,17500,18000,2023-02-23 00:00:00,0,Thursday,"[0.9, 0.9]","[8.0, 8.0]","[118.35, 63.45]","[1.1, 0.2]",0,,,0,,,Exit,Target hit,SL hit,Exit,-265.05
2023-03-02,13.1,1,Short,09:30:00,09:30:00,09:30:00,09:30:00,17373.6,16850,17350,17350,17850,2023-03-02 00:00:00,0,Thursday,0.55,28.5,56.55,0.7,0,57.0,113.1,0,5.7,11.31,,,,,251.4
2023-03-02,,0,Long,2023-03-02 15:00:00,2023-03-02 15:00:00,2023-03-02 13:41:00,2023-03-02 13:41:00,,16850,17350,17350,17850,2023-03-02 00:00:00,0,Thursday,"[0.1, 0.1]","[19.95, 19.95]","[11.3, 11.3]","[0.35, 0.35]",0,,,0,,,Exit,Universal exit,Target hit,Exit,-92.4
2023-03-09,12.55,1,Short,09:30:00,09:30:00,09:30:00,09:30:00,17733.05,17250,17750,17750,18250,2023-03-09 00:00:00,0,Thursday,0.75,45.05,25.15,0.55,0,90.1,50.3,0,9.01,5.03,,,,,206.7
2023-03-09,,0,Long,2023-03-09 12:21:00,2023-03-09 12:21:00,2023-03-09 12:03:00,2023-03-09 12:03:00,,17250,17750,17750,18250,2023-03-09 00:00:00,0,Thursday,"[0.4, 0.15]","[90.1, 139.05]","[4.8, 4.8]","[0.35, 0.35]",0,,,0,,,Exit,SL hit,Target hit,Exit,-380.85
2023-03-16,16.95,1,Short,09:30:00,09:30:00,09:30:00,09:30:00,16910.5,16400,16900,16900,17400,2023-03-16 00:00:00,0,Thursday,1.05,46.9,64.8,1.45,0,93.8,129.6,0,9.38,12.96,,,,,327.6
2023-03-16,,0,Long,2023-03-16 11:09:00,2023-03-16 11:09:00,2023-03-16 10:55:00,2023-03-16 10:55:00,,16400,16900,16900,17400,2023-03-16 00:00:00,0,Thursday,"[0.75, 0.75]","[9.25, 9.25]","[139.9, 87.5]","[0.7, 0.2]",0,,,0,,,Exit,Target hit,SL hit,Exit,-339.29999999999995
2023-03-23,14.79,1,Short,09:30:00,09:30:00,09:30:00,09:30:00,17058.75,16550,17050,17050,17550,2023-03-23 00:00:00,0,Thursday,0.8,43.7,50.55,0.75,0,87.4,101.1,0,8.74,10.11,,,,,278.1
2023-03-23,,0,Long,2023-03-23 10:30:00,2023-03-23 10:30:00,2023-03-23 10:05:00,2023-03-23 10:05:00,,16550,17050,17050,17550,2023-03-23 00:00:00,0,Thursday,"[1.0, 1.0]","[8.2, 8.2]","[101.8, 44.2]","[0.5, 0.1]",0,,,0,,,Exit,Target hit,SL hit,Exit,-211.1
2023-04-06,12.54,1,Short,09:30:00,09:30:00,09:30:00,09:30:00,17530.8,17050,17550,17550,18050,2023-04-06 00:00:00,0,Thursday,0.9,53.3,28.05,0.4,0,106.6,56.1,0,10.66,5.61,,,,,240.15
2023-04-06,,0,Long,2023-04-06 10:59:00,2023-04-06 10:59:00,2023-04-06 10:06:00,2023-04-06 10:06:00,,17050,17550,17550,18050,2023-04-06 00:00:00,0,Thursday,"[0.65, 0.65]","[9.8, 9.8]","[58.3, 57.0]","[0.35, 0.05]",0,,,0,,,Exit,Target hit,SL hit,Exit,-199.3
2023-04-13,12.39,1,Short,09:30:00,09:30:00,09:30:00,09:30:00,17808.75,17300,17800,17800,18300,2023-04-13 00:00:00,0,Thursday,0.75,29.8,41.4,0.5,0,59.6,82.8,0,5.960000000000001,8.28,,,,,209.85
2023-04-13,,0,Long,2023-04-13 11:12:00,2023-04-13 11:12:00,2023-04-13 12:13:00,2023-04-13 12:13:00,,17300,17800,17800,18300,2023-04-13 00:00:00,0,Thursday,"[0.6, 0.15]","[62.5, 3.65]","[7.9, 7.9]","[0.5, 0.5]",0,,,0,,,Exit,SL hit,Target hit,Exit,-91.1
2023-04-20,12.03,1,Short,09:30:00,09:30:00,09:30:00,09:30:00,17673.95,17150,17650,17650,18150,2023-04-20 00:00:00,0,Thursday,0.75,21.05,50.45,0.7,0,42.1,100.9,0,4.21,10.090000000000002,,,,,210.15000000000003
2023-04-20,,0,Long,2023-04-20 10:27:00,2023-04-20 10:27:00,2023-04-20 13:04:00,2023-04-20 13:04:00,,17150,17650,17650,18150,2023-04-20 00:00:00,0,Thursday,"[0.65, 0.1]","[51.2, 32.6]","[9.45, 9.45]","[0.5, 0.5]",0,,,0,,,Exit,SL hit,Target hit,Exit,-142.4
2023-04-27,11.78,1,Short,09:30:00,09:30:00,09:30:00,09:30:00,17829.5,17350,17850,17850,18350,2023-04-27 00:00:00,0,Thursday,0.85,44.15,22.2,0.45,0,88.3,44.4,0,8.83,4.44,,,,,195.15
2023-04-27,,0,Long,2023-04-27 13:32:00,2023-04-27 13:32:00,2023-04-27 13:57:00,2023-04-27 13:57:00,,17350,17850,17850,18350,2023-04-27 00:00:00,0,Thursday,"[0.5, 0.5]","[7.8, 7.8]","[44.6, 40.45]","[0.15, 0.05]",0,,,0,,,Exit,Target hit,SL hit,Exit,-147.15
2023-05-04,11.89,1,Short,09:30:00,09:30:00,09:30:00,09:30:00,18118.35,17600,18100,18100,18600,2023-05-04 00:00:00,0,Thursday,0.85,27.25,42.35,0.65,0,54.5,84.7,0,5.45,8.47,,,,,204.3
2023-05-04,,0,Long,2023-05-04 12:22:00,2023-05-04 12:22:00,2023-05-04 13:05:00,2023-05-04 13:05:00,,17600,18100,18100,18600,2023-05-04 00:00:00,0,Thursday,"[0.75, 0.75]","[5.45, 5.45]","[90.0, 131.1]","[0.25, 0.1]",0,,,0,,,Exit,Target hit,SL hit,Exit,-365.85
2023-05-11,13.23,1,Short,09:30:00,09:30:00,09:30:00,09:30:00,18305.15,17800,18300,18300,18800,2023-05-11 00:00:00,0,Thursday,0.95,33.8,45.6,0.7,0,67.6,91.2,0,6.76,9.12,,,,,233.25
2023-05-11,,0,Long,2023-05-11 14:19:00,2023-05-11 14:19:00,2023-05-11 14:56:00,2023-05-11 14:56:00,,17800,18300,18300,18800,2023-05-11 00:00:00,0,Thursday,"[0.6, 0.6]","[5.6, 5.6]","[5.7, 5.7]","[0.25, 0.25]",0,,,0,,,Exit,Target hit,Target hit,Exit,-31.350000000000005
2023-05-18,12.66,1,Short,09:30:00,09:30:00,09:30:00,09:30:00,18272.95,17750,18250,18250,18750,2023-05-18 00:00:00,0,Thursday,0.75,18.55,48.45,0.75,0,37.1,96.9,0,3.71,9.69,,,,,196.50000000000003
2023-05-18,,0,Long,2023-05-18 09:39:00,2023-05-18 09:39:00,2023-05-18 12:22:00,2023-05-18 12:22:00,,17750,18250,18250,18750,2023-05-18 00:00:00,0,Thursday,"[0.8, 0.1]","[37.1, 96.8]","[9.55, 9.55]","[0.65, 0.65]",0,,,0,,,Exit,SL hit,Target hit,Exit,-256.40000000000003
2023-05-25,13.01,1,Short,09:30:00,09:30:00,09:30:00,09:30:00,18257.15,17750,18250,18250,18750,2023-05-25 00:00:00,0,Thursday,0.8,33.1,40.65,0.9,0,66.2,81.3,0,6.620000000000001,8.13,,,,,216.15
2023-05-25,,0,Long,2023-05-25 14:50:00,2023-05-25 14:50:00,2023-05-25 13:31:00,2023-05-25 13:31:00,,17750,18250,18250,18750,2023-05-25 00:00:00,0,Thursday,"[0.15, 0.15]","[5.75, 5.75]","[6.75, 6.75]","[0.55, 0.55]",0,,,0,,,Exit,Target hit,Target hit,Exit,-35.4
2022-10-06,19.84,1,Short,09:30:00,09:30:00,09:30:00,09:30:00,17393.9,16900,17400,17400,17900,2022-10-06 00:00:00,0,Thursday,1.5,57.15,49.0,0.7,0,114.3,98.0,0,11.43,9.8,,,,,311.85
2022-10-06,,0,Long,2022-10-06 15:00:00,2022-10-06 15:00:00,2022-10-06 14:10:00,2022-10-06 14:10:00,,16900,17400,17400,17900,2022-10-06 00:00:00,0,Thursday,"[0.15, 0.15]","[47.05, 47.05]","[9.25, 9.25]","[0.1, 0.1]",0,,,0,,,Exit,Universal exit,Target hit,Exit,-168.14999999999998
2022-10-13,20.45,1,Short,09:30:00,09:30:00,09:30:00,09:30:00,17089.1,16600,17100,17100,17600,2022-10-13 00:00:00,0,Thursday,0.85,61.75,44.95,0.8,0,123.5,89.9,0,12.35,8.99,,,,,315.15000000000003
2022-10-13,,0,Long,2022-10-13 11:22:00,2022-10-13 11:22:00,2022-10-13 11:44:00,2022-10-13 11:44:00,,16600,17100,17100,17600,2022-10-13 00:00:00,0,Thursday,"[0.7, 0.15]","[125.05, 64.4]","[8.15, 8.15]","[0.85, 0.85]",0,,,0,,,Exit,SL hit,Target hit,Exit,-274.75
2022-10-20,17.57,1,Short,09:30:00,09:30:00,09:30:00,09:30:00,17445.85,16950,17450,17450,17950,2022-10-20 00:00:00,0,Thursday,0.95,53.45,33.65,0.85,0,106.9,67.3,0,10.69,6.73,,,,,255.9
2022-10-20,,0,Long,2022-10-20 13:03:00,2022-10-20 13:03:00,2022-10-20 10:45:00,2022-10-20 10:45:00,,16950,17450,17450,17950,2022-10-20 00:00:00,0,Thursday,"[0.75, 0.75]","[10.3, 10.3]","[68.95, 74.55]","[0.65, 0.1]",0,,,0,,,Exit,Target hit,SL hit,Exit,-245.85
2022-10-27,16.67,1,Short,09:30:00,09:30:00,09:30:00,09:30:00,17764.85,17250,17750,17750,18250,2022-10-27 00:00:00,0,Thursday,0.9,32.05,53.7,0.65,0,64.1,107.4,0,6.41,10.740000000000002,,,,,252.6
2022-10-27,,0,Long,2022-10-27 12:26:00,2022-10-27 12:26:00,2022-10-27 12:26:00,2022-10-27 12:26:00,,17250,17750,17750,18250,2022-10-27 00:00:00,0,Thursday,"[0.4, 0.1]","[64.2, 83.6]","[9.95, 9.95]","[0.35, 0.35]",0,,,0,,,Exit,SL hit,Target hit,Exit,-259.6
2022-11-03,16.57,1,Short,09:30:00,09:30:00,09:30:00,09:30:00,18038.2,17550,18050,18050,18550,2022-11-03 00:00:00,0,Thursday,0.85,59.3,40.15,0.7,0,118.6,80.3,0,11.86,8.03,,,,,293.7
2022-11-03,,0,Long,2022-11-03 15:00:00,2022-11-03 15:00:00,2022-11-03 13:57:00,2022-11-03 13:57:00,,17550,18050,18050,18550,2022-11-03 00:00:00,0,Thursday,"[0.1, 0.1]","[17.35, 17.35]","[7.9, 7.9]","[0.1, 0.1]",0,,,0,,,Exit,Universal exit,Target hit,Exit,-75.15
2022-11-10,16.07,1,Short,09:30:00,09:30:00,09:30:00,09:30:00,18060.3,17550,18050,18050,18550,2022-11-10 00:00:00,0,Thursday,0.55,29.8,47.0,0.85,0,59.6,94.0,0,5.960000000000001,9.4,,,,,226.2
2022-11-10,,0,Long,2022-11-10 12:29:00,2022-11-10 12:29:00,2022-11-10 12:42:00,2022-11-10 12:42:00,,17550,18050,18050,18550,2022-11-10 00:00:00,0,Thursday,"[0.25, 0.05]","[60.2, 33.8]","[8.75, 8.75]","[0.7, 0.7]",0,,,0,,,Exit,SL hit,Target hit,Exit,-151.60000000000002
2022-11-17,15.24,1,Short,09:30:00,09:30:00,09:30:00,09:30:00,18387.9,17900,18400,18400,18900,2022-11-17 00:00:00,0,Thursday,0.8,42.1,28.1,0.55,0,84.2,56.2,0,8.42,5.620000000000001,,,,,206.55
2022-11-17,,0,Long,2022-11-17 15:00:00,2022-11-17 15:00:00,2022-11-17 15:00:00,2022-11-17 15:00:00,,17900,18400,18400,18900,2022-11-17 00:00:00,0,Thursday,"[0.1, 0.1]","[19.5, 19.5]","[5.55, 5.55]","[0.05, 0.05]",0,,,0,,,Exit,Universal exit,Target hit,Exit,-74.7
2022-11-24,13.66,1,Short,09:30:00,09:30:00,09:30:00,09:30:00,18303.25,17800,18300,18300,18800,2022-11-24 00:00:00,0,Thursday,0.6,23.55,30.7,0.65,0,47.1,61.4,0,4.71,6.140000000000001,,,,,159.0
2022-11-24,,0,Long,2022-11-24 12:08:00,2022-11-24 12:08:00,2022-11-24 10:10:00,2022-11-24 10:10:00,,17800,18300,18300,18800,2022-11-24 00:00:00,0,Thursday,"[0.75, 0.75]","[4.25, 4.25]","[63.5, 105.2]","[0.45, 0.05]",0,,,0,,,Exit,Target hit,SL hit,Exit,-283.85
2022-12-01,13.57,1,Short,09:30:00,09:30:00,09:30:00,09:30:00,18855.4,18350,18850,18850,19350,2022-12-01 00:00:00,0,Thursday,1.5,30.25,38.2,0.6,0,60.5,76.4,0,6.050000000000001,7.640000000000001,,,,,199.05
2022-12-01,,0,Long,2022-12-01 13:35:00,2022-12-01 13:35:00,2022-12-01 13:56:00,2022-12-01 13:56:00,,18350,18850,18850,19350,2022-12-01 00:00:00,0,Thursday,"[0.65, 0.2]","[61.7, 21.25]","[7.35, 7.35]","[0.95, 0.95]",0,,,0,,,Exit,SL hit,Target hit,Exit,-122.35
2022-12-08,13.86,1,Short,09:30:00,09:30:00,09:30:00,09:30:00,18570.45,18050,18550,18550,19050,2022-12-08 00:00:00,0,Thursday,0.65,24.9,54.55,1.15,0,49.8,109.1,0,4.98,10.91,,,,,232.95
2022-12-08,,0,Long,2022-12-08 14:17:00,2022-12-08 14:17:00,2022-12-08 15:00:00,2022-12-08 15:00:00,,18050,18550,18550,19050,2022-12-08 00:00:00,0,Thursday,"[0.15, 0.15]","[4.9, 4.9]","[53.45, 53.45]","[0.2, 0.2]",0,,,0,,,Exit,Target hit,Universal exit,Exit,-174.00000000000003
2022-12-15,12.74,1,Short,09:30:00,09:30:00,09:30:00,09:30:00,18612.1,18100,18600,18600,19100,2022-12-15 00:00:00,0,Thursday,0.75,28.55,41.5,0.8,0,57.1,83.0,0,5.710000000000001,8.3,,,,,205.5
2022-12-15,,0,Long,2022-12-15 12:11:00,2022-12-15 12:11:00,2022-12-15 12:31:00,2022-12-15 12:31:00,,18100,18600,18600,19100,2022-12-15 00:00:00,0,Thursday,"[0.5, 0.15]","[58.2, 158.5]","[7.95, 7.95]","[1.35, 1.35]",0,,,0,,,Exit,SL hit,Target hit,Exit,-394.2
2022-12-22,15.66,1,Short,09:30:00,09:30:00,09:30:00,09:30:00,18199.0,17700,18200,18200,18700,2022-12-22 00:00:00,0,Thursday,1.45,54.1,65.75,1.9,0,108.2,131.5,0,10.82,13.15,,,,,349.5
2022-12-22,,0,Long,2022-12-22 11:47:00,2022-12-22 11:47:00,2022-12-22 11:47:00,2022-12-22 11:47:00,,17700,18200,18200,18700,2022-12-22 00:00:00,0,Thursday,"[1.45, 0.15]","[115.45, 93.45]","[12.55, 12.55]","[2.4, 2.4]",0,,,0,,,Exit,SL hit,Target hit,Exit,-331.05
2022-12-29,15.57,1,Short,09:30:00,09:30:00,09:30:00,09:30:00,18057.7,17550,18050,18050,18550,2022-12-29 00:00:00,0,Thursday,1.05,41.05,46.2,1.1,0,82.1,92.4,0,8.209999999999999,9.24,,,,,255.3
2022-12-29,,0,Long,2022-12-29 14:06:00,2022-12-29 14:06:00,2022-12-29 14:53:00,2022-12-29 14:53:00,,17550,18050,18050,18550,2022-12-29 00:00:00,0,Thursday,"[0.55, 0.55]","[7.75, 7.75]","[93.6, 96.5]","[0.15, 0.15]",0,,,0,,,Exit,Target hit,SL hit,Exit,-307.75
2023-01-05,15.03,1,Short,09:30:00,09:30:00,09:30:00,09:30:00,18072.5,17550,18050,18050,18550,2023-01-05 00:00:00,0,Thursday,0.7,33.6,61.65,1.15,0,67.2,123.3,0,6.720000000000001,12.33,,,,,280.2
2023-01-05,,0,Long,2023-01-05 10:10:00,2023-01-05 10:10:00,2023-01-05 12:23:00,2023-01-05 12:23:00,,17550,18050,18050,18550,2023-01-05 00:00:00,0,Thursday,"[0.6, 0.15]","[68.25, 83.8]","[12.3, 12.3]","[1.9, 1.9]",0,,,0,,,Exit,SL hit,Target hit,Exit,-266.15
2023-01-12,15.65,1,Short,09:30:00,09:30:00,09:30:00,09:30:00,17905.25,17400,17900,17900,18400,2023-01-12 00:00:00,0,Thursday,0.95,49.95,59.75,1.3,0,99.9,119.5,0,9.990000000000002,11.95,,,,,322.35
2023-01-12,,0,Long,2023-01-12 10:37:00,2023-01-12 10:37:00,2023-01-12 11:29:00,2023-01-12 11:29:00,,17400,17900,17900,18400,2023-01-12 00:00:00,0,Thursday,"[0.95, 0.1]","[100.45, 70.15]","[11.75, 11.75]","[1.4, 1.4]",0,,,0,,,Exit,SL hit,Target hit,Exit,-270.65
2023-01-19,14.79,1,Short,09:30:00,09:30:00,09:30:00,09:30:00,18083.1,17600,18100,18100,18600,2023-01-19 00:00:00,0,Thursday,1.25,55.45,34.4,0.9,0,110.9,68.8,0,11.090000000000002,6.88,,,,,263.1
2023-01-19,,0,Long,2023-01-19 14:08:00,2023-01-19 14:08:00,2023-01-19 11:03:00,2023-01-19 11:03:00,,17600,18100,18100,18600,2023-01-19 00:00:00,0,Thursday,"[0.3, 0.3]","[10.15, 10.15]","[69.0, 13.7]","[0.6, 0.1]",0,,,0,,,Exit,Target hit,SL hit,Exit,-125.15
2022-06-02,20.36,1,Short,09:30:00,09:30:00,09:30:00,09:30:00,16521.3,16000,16500,16500,17000,2022-06-02 00:00:00,0,Thursday,1.25,56.25,65.5,1.1,0,112.5,131.0,0,11.25,13.1,,,,,358.2
2022-06-02,,0,Long,2022-06-02 13:35:00,2022-06-02 13:35:00,2022-06-02 14:05:00,2022-06-02 14:05:00,,16000,16500,16500,17000,2022-06-02 00:00:00,0,Thursday,"[0.6, 0.6]","[11.0, 11.0]","[133.35, 134.75]","[0.2, 0.1]",0,,,0,,,Exit,Target hit,SL hit,Exit,-433.65
2022-06-09,19.58,1,Short,09:30:00,09:30:00,09:30:00,09:30:00,16317.0,15800,16300,16300,16800,2022-06-09 00:00:00,0,Thursday,0.65,48.25,56.85,1.1,0,96.5,113.7,0,9.65,11.37,,,,,310.05
2022-06-09,,0,Long,2022-06-09 12:36:00,2022-06-09 12:36:00,2022-06-09 12:37:00,2022-06-09 12:37:00,,15800,16300,16300,16800,2022-06-09 00:00:00,0,Thursday,"[0.5, 0.5]","[8.75, 8.75]","[114.45, 150.65]","[0.4, 0.1]",0,,,0,,,Exit,Target hit,SL hit,Exit,-439.9
2022-06-16,20.91,1,Short,09:30:00,09:30:00,09:30:00,09:30:00,15830.85,15350,15850,15850,16350,2022-06-16 00:00:00,0,Thursday,1.0,65.25,45.35,0.75,0,130.5,90.7,0,13.05,9.07,,,,,326.55
2022-06-16,,0,Long,2022-06-16 10:31:00,2022-06-16 10:31:00,2022-06-16 11:16:00,2022-06-16 11:16:00,,15350,15850,15850,16350,2022-06-16 00:00:00,0,Thursday,"[1.25, 5.1]","[136.65, 471.4]","[8.6, 8.6]","[1.2, 1.2]",0,,,0,,,Exit,SL hit,Target hit,Exit,-1090.2
2022-06-23,21.19,1,Short,09:30:00,09:30:00,09:30:00,09:30:00,15500.15,15000,15500,15500,16000,2022-06-23 00:00:00,0,Thursday,1.8,61.85,66.25,1.25,0,123.7,132.5,0,12.37,13.25,,,,,375.15
2022-06-23,,0,Long,2022-06-23 13:08:00,2022-06-23 13:08:00,2022-06-23 11:03:00,2022-06-23 11:03:00,,15000,15500,15500,16000,2022-06-23 00:00:00,0,Thursday,"[1.1, 0.1]","[124.7, 1.35]","[132.95, 83.8]","[0.8, 0.1]",0,,,0,,,Exit,SL hit,SL hit,Exit,-425.6499999999999
2022-06-30,22.02,1,Short,09:30:00,09:30:00,09:30:00,09:30:00,15850.45,15350,15850,15850,16350,2022-06-30 00:00:00,0,Thursday,1.65,74.8,62.65,0.85,0,149.6,125.3,0,14.96,12.53,,,,,404.85
2022-06-30,,0,Long,2022-06-30 15:00:00,2022-06-30 15:00:00,2022-06-30 12:36:00,2022-06-30 12:36:00,,15350,15850,15850,16350,2022-06-30 00:00:00,0,Thursday,"[0.1, 0.1]","[53.15, 53.15]","[12.2, 12.2]","[0.4, 0.4]",0,,,0,,,Exit,Universal exit,Target hit,Exit,-194.55
2022-07-07,20.08,1,Short,09:30:00,09:30:00,09:30:00,09:30:00,16078.55,15600,16100,16100,16600,2022-07-07 00:00:00,0,Thursday,1.95,71.15,52.25,0.55,0,142.3,104.5,0,14.230000000000002,10.45,,,,,362.7000000000001
2022-07-07,,0,Long,2022-07-07 13:40:00,2022-07-07 13:40:00,2022-07-07 14:15:00,2022-07-07 14:15:00,,15600,16100,16100,16600,2022-07-07 00:00:00,0,Thursday,"[0.5, 0.5]","[13.55, 13.55]","[8.9, 8.9]","[0.05, 0.05]",0,,,0,,,Exit,Target hit,Target hit,Exit,-65.69999999999999
2022-07-14,18.29,1,Short,09:30:00,09:30:00,09:30:00,09:30:00,16005.5,15500,16000,16000,16500,2022-07-14 00:00:00,0,Thursday,0.7,51.5,55.75,0.75,0,103.0,111.5,0,10.3,11.15,,,,,317.4
2022-07-14,,0,Long,2022-07-14 14:01:00,2022-07-14 14:01:00,2022-07-14 13:23:00,2022-07-14 13:23:00,,15500,16000,16000,16500,2022-07-14 00:00:00,0,Thursday,"[0.2, 0.05]","[103.65, 102.6]","[9.8, 9.8]","[0.3, 0.3]",0,,,0,,,Exit,SL hit,Target hit,Exit,-337.05
2022-07-21,16.94,1,Short,09:30:00,09:30:00,09:30:00,09:30:00,16514.95,16000,16500,16500,17000,2022-07-21 00:00:00,0,Thursday,0.9,35.85,46.95,0.5,0,71.7,93.9,0,7.170000000000001,9.39,,,,,244.20000000000005
2022-07-21,,0,Long,2022-07-21 14:05:00,2022-07-21 14:05:00,2022-07-21 11:40:00,2022-07-21 11:40:00,,16000,16500,16500,17000,2022-07-21 00:00:00,0,Thursday,"[0.15, 0.15]","[5.0, 5.0]","[94.55, 63.2]","[0.4, 0.05]",0,,,0,,,Exit,Target hit,SL hit,Exit,-235.0
2022-07-28,17.15,1,Short,09:30:00,09:30:00,09:30:00,09:30:00,16782.3,16300,16800,16800,17300,2022-07-28 00:00:00,0,Thursday,1.1,54.55,36.7,0.45,0,109.1,73.4,0,10.91,7.340000000000001,,,,,269.1
2022-07-28,,0,Long,2022-07-28 11:40:00,2022-07-28 11:40:00,2022-07-28 10:28:00,2022-07-28 10:28:00,,16300,16800,16800,17300,2022-07-28 00:00:00,0,Thursday,"[0.95, 0.95]","[10.65, 10.65]","[73.6, 86.1]","[0.45, 0.05]",0,,,0,,,Exit,Target hit,SL hit,Exit,-274.35
2022-08-04,18.56,1,Short,09:30:00,09:30:00,09:30:00,09:30:00,17460.4,16950,17450,17450,17950,2022-08-04 00:00:00,0,Thursday,1.45,40.5,54.9,0.65,0,81.0,109.8,0,8.1,10.98,,,,,279.9
2022-08-04,,0,Long,2022-08-04 11:17:00,2022-08-04 11:17:00,2022-08-04 11:33:00,2022-08-04 11:33:00,,16950,17450,17450,17950,2022-08-04 00:00:00,0,Thursday,"[1.2, 0.25]","[93.1, 93.5]","[9.95, 9.95]","[1.25, 1.25]",0,,,0,,,Exit,SL hit,Target hit,Exit,-304.5
2022-08-11,18.92,1,Short,09:30:00,09:30:00,09:30:00,09:30:00,17672.8,17150,17650,17650,18150,2022-08-11 00:00:00,0,Thursday,1.4,35.9,67.75,0.5,0,71.8,135.5,0,7.18,13.55,,,,,305.25
2022-08-11,,0,Long,2022-08-11 14:34:00,2022-08-11 14:34:00,2022-08-11 15:00:00,2022-08-11 15:00:00,,17150,17650,17650,18150,2022-08-11 00:00:00,0,Thursday,"[0.1, 0.1]","[7.1, 7.1]","[22.85, 22.85]","[0.1, 0.1]",0,,,0,,,Exit,Target hit,Universal exit,Exit,-89.25000000000001
2022-08-18,17.84,1,Short,09:30:00,09:30:00,09:30:00,09:30:00,17873.45,17350,17850,17850,18350,2022-08-18 00:00:00,0,Thursday,1.1,36.85,59.25,0.7,0,73.7,118.5,0,7.370000000000001,11.85,,,,,282.90000000000003
2022-08-18,,0,Long,2022-08-18 13:13:00,2022-08-18 13:13:00,2022-08-18 15:00:00,2022-08-18 15:00:00,,17350,17850,17850,18350,2022-08-18 00:00:00,0,Thursday,"[0.35, 0.35]","[7.15, 7.15]","[102.8, 102.8]","[0.1, 0.1]",0,,,0,,,Exit,Target hit,Universal exit,Exit,-328.49999999999994
2022-08-25,17.36,1,Short,09:30:00,09:30:00,09:30:00,09:30:00,17695.0,17200,17700,17700,18200,2022-08-25 00:00:00,0,Thursday,1.25,40.5,45.6,0.7,0,81.0,91.2,0,8.1,9.12,,,,,252.45
2022-08-25,,0,Long,2022-08-25 14:41:00,2022-08-25 14:41:00,2022-08-25 14:32:00,2022-08-25 14:32:00,,17200,17700,17700,18200,2022-08-25 00:00:00,0,Thursday,"[0.15, 0.1]","[82.6, 121.25]","[9.1, 9.1]","[0.1, 0.1]",0,,,0,,,Exit,SL hit,Target hit,Exit,-351.75
2022-09-01,19.87,1,Short,09:30:00,09:30:00,09:30:00,09:30:00,17555.15,17050,17550,17550,18050,2022-09-01 00:00:00,0,Thursday,1.35,67.1,69.65,1.2,0,134.2,139.3,0,13.42,13.93,,,,,402.6
2022-09-01,,0,Long,2022-09-01 15:00:00,2022-09-01 15:00:00,2022-09-01 10:19:00,2022-09-01 10:19:00,,17050,17550,17550,18050,2022-09-01 00:00:00,0,Thursday,"[0.1, 0.1]","[23.05, 23.05]","[142.85, 17.6]","[1.4, 0.15]",0,,,0,,,Exit,Universal exit,SL hit,Exit,-245.2
2022-09-08,18.82,1,Short,09:30:00,09:30:00,09:30:00,09:30:00,17775.35,17300,17800,17800,18300,2022-09-08 00:00:00,0,Thursday,1.95,64.95,38.65,0.65,0,129.9,77.3,0,12.990000000000002,7.73,,,,,303.0
2022-09-08,,0,Long,2022-09-08 14:57:00,2022-09-08 14:57:00,2022-09-08 13:01:00,2022-09-08 13:01:00,,17300,17800,17800,18300,2022-09-08 00:00:00,0,Thursday,"[0.2, 0.2]","[12.6, 12.6]","[7.5, 7.5]","[0.25, 0.25]",0,,,0,,,Exit,Target hit,Target hit,Exit,-58.95
2022-09-15,18.01,1,Short,09:30:00,09:30:00,09:30:00,09:30:00,18074.9,17550,18050,18050,18550,2022-09-15 00:00:00,0,Thursday,1.55,43.7,68.45,0.75,0,87.4,136.9,0,8.74,13.69,,,,,329.55000000000007
2022-09-15,,0,Long,2022-09-15 09:56:00,2022-09-15 09:56:00,2022-09-15 10:46:00,2022-09-15 10:46:00,,17550,18050,18050,18550,2022-09-15 00:00:00,0,Thursday,"[2.15, 0.1]","[90.05, 138.9]","[13.5, 13.5]","[1.25, 1.25]",0,,,0,,,Exit,SL hit,Target hit,Exit,-402.25
2022-09-22,19.41,1,Short,09:30:00,09:30:00,09:30:00,09:30:00,17662.75,17150,17650,17650,18150,2022-09-22 00:00:00,0,Thursday,1.25,65.65,78.0,1.15,0,131.3,156.0,0,13.130000000000004,15.6,,,,,423.75000000000006
2022-09-22,,0,Long,2022-09-22 14:05:00,2022-09-22 14:05:00,2022-09-22 11:59:00,2022-09-22 11:59:00,,17150,17650,17650,18150,2022-09-22 00:00:00,0,Thursday,"[0.4, 0.4]","[11.95, 11.95]","[14.2, 14.2]","[1.05, 1.05]",0,,,0,,,Exit,Target hit,Target hit,Exit,-74.1
2022-09-29,21.53,1,Short,09:30:00,09:30:00,09:30:00,09:30:00,16974.05,16450,16950,16950,17450,2022-09-29 00:00:00,0,Thursday,0.8,44.35,72.6,1.3,0,88.7,145.2,0,8.870000000000001,14.52,,,,,344.55
2022-09-29,,0,Long,2022-09-29 11:58:00,2022-09-29 11:58:00,2022-09-29 12:36:00,2022-09-29 12:36:00,,16450,16950,16950,17450,2022-09-29 00:00:00,0,Thursday,"[0.45, 0.05]","[90.5, 110.0]","[12.0, 12.0]","[1.15, 1.15]",0,,,0,,,Exit,SL hit,Target hit,Exit,-342.5
2022-01-06,18.15,1,Short,09:30:00,09:30:00,09:30:00,09:30:00,17719.85,17200,17700,17700,18200,2022-01-06 00:00:00,0,Thursday,1.05,40.0,61.6,1.0,0,80.0,123.2,0,8.0,12.32,,,,,298.65000000000003
2022-01-06,,0,Long,2022-01-06 13:41:00,2022-01-06 13:41:00,2022-01-06 12:32:00,2022-01-06 12:32:00,,17200,17700,17700,18200,2022-01-06 00:00:00,0,Thursday,"[0.4, 0.4]","[7.45, 7.45]","[12.15, 12.15]","[0.4, 0.4]",0,,,0,,,Exit,Target hit,Target hit,Exit,-56.400000000000006
2022-01-13,17.36,1,Short,09:30:00,09:30:00,09:30:00,09:30:00,18248.8,17750,18250,18250,18750,2022-01-13 00:00:00,0,Thursday,1.05,43.05,38.7,0.5,0,86.1,77.4,0,8.61,7.740000000000001,,,,,240.6
2022-01-13,,0,Long,2022-01-13 10:41:00,2022-01-13 10:41:00,2022-01-13 13:18:00,2022-01-13 13:18:00,,17750,18250,18250,18750,2022-01-13 00:00:00,0,Thursday,"[0.95, 0.1]","[86.9, 29.65]","[7.7, 7.7]","[0.35, 0.35]",0,,,0,,,Exit,SL hit,Target hit,Exit,-167.10000000000002
2022-01-20,18.03,1,Short,09:30:00,09:30:00,09:30:00,09:30:00,17876.45,17400,17900,17900,18400,2022-01-20 00:00:00,0,Thursday,0.55,56.2,35.05,1.15,0,112.4,70.1,0,11.240000000000002,7.01,,,,,268.65
2022-01-20,,0,Long,2022-01-20 11:31:00,2022-01-20 11:31:00,2022-01-20 11:41:00,2022-01-20 11:41:00,,17400,17900,17900,18400,2022-01-20 00:00:00,0,Thursday,"[0.45, 0.25]","[114.85, 184.35]","[6.5, 6.5]","[1.3, 1.3]",0,,,0,,,Exit,SL hit,Target hit,Exit,-498.19999999999993
2022-01-27,23.01,1,Short,09:30:00,09:30:00,09:30:00,09:30:00,17015.6,16500,17000,17000,17500,2022-01-27 00:00:00,0,Thursday,3.0,80.0,82.2,1.7,0,160.0,164.4,0,16.0,16.44,,,,,472.5
2022-01-27,,0,Long,2022-01-27 13:50:00,2022-01-27 13:50:00,2022-01-27 12:02:00,2022-01-27 12:02:00,,16500,17000,17000,17500,2022-01-27 00:00:00,0,Thursday,"[0.55, 0.55]","[15.8, 15.8]","[15.95, 15.95]","[0.95, 0.95]",0,,,0,,,Exit,Target hit,Target hit,Exit,-90.75
2022-02-03,18.5,1,Short,09:30:00,09:30:00,09:30:00,09:30:00,17741.05,17250,17750,17750,18250,2022-02-03 00:00:00,0,Thursday,1.05,47.65,38.5,0.7,0,95.3,77.0,0,9.53,7.7,,,,,253.2
2022-02-03,,0,Long,2022-02-03 11:40:00,2022-02-03 11:40:00,2022-02-03 11:58:00,2022-02-03 11:58:00,,17250,17750,17750,18250,2022-02-03 00:00:00,0,Thursday,"[0.8, 0.1]","[95.55, 152.25]","[7.45, 7.45]","[0.55, 0.55]",0,,,0,,,Exit,SL hit,Target hit,Exit,-419.75
2022-02-10,18.67,1,Short,09:30:00,09:30:00,09:30:00,09:30:00,17484.7,17000,17500,17500,18000,2022-02-10 00:00:00,0,Thursday,1.25,57.85,49.8,0.7,0,115.7,99.6,0,11.57,9.96,,,,,317.1
2022-02-10,,0,Long,2022-02-10 11:31:00,2022-02-10 11:31:00,2022-02-10 11:05:00,2022-02-10 11:05:00,,17000,17500,17500,18000,2022-02-10 00:00:00,0,Thursday,"[0.65, 0.65]","[10.25, 10.25]","[103.45, 114.15]","[0.3, 0.05]",0,,,0,,,Exit,Target hit,SL hit,Exit,-360.15
2022-02-17,20.72,1,Short,09:30:00,09:30:00,09:30:00,09:30:00,17365.4,16850,17350,17350,17850,2022-02-17 00:00:00,0,Thursday,1.7,55.25,67.15,0.8,0,110.5,134.3,0,11.05,13.43,,,,,359.70000000000005
2022-02-17,,0,Long,2022-02-17 09:39:00,2022-02-17 09:39:00,2022-02-17 14:44:00,2022-02-17 14:44:00,,16850,17350,17350,17850,2022-02-17 00:00:00,0,Thursday,"[4.65, 0.2]","[115.85, 31.15]","[9.5, 9.5]","[0.1, 0.1]",0,,,0,,,Exit,SL hit,Target hit,Exit,-201.3
2022-02-24,30.14,1,Short,09:30:00,09:30:00,09:30:00,09:30:00,16638.05,16150,16650,16650,17150,2022-02-24 00:00:00,0,Thursday,9.0,102.95,92.2,3.1,0,205.9,184.4,0,20.590000000000003,18.44,,,,,549.1500000000001
2022-02-24,,0,Long,2022-02-24 09:48:00,2022-02-24 09:48:00,2022-02-24 12:33:00,2022-02-24 12:33:00,,16150,16650,16650,17150,2022-02-24 00:00:00,0,Thursday,"[15.6, 1.05]","[210.3, 316.6]","[18.15, 18.15]","[0.7, 0.7]",0,,,0,,,Exit,SL hit,Target hit,Exit,-878.1500000000001
2022-03-03,27.63,1,Short,09:30:00,09:30:00,09:30:00,09:30:00,16689.1,16200,16700,16700,17200,2022-03-03 00:00:00,0,Thursday,2.9,78.05,67.3,1.25,0,156.1,134.6,0,15.61,13.46,,,,,423.6
2022-03-03,,0,Long,2022-03-03 12:31:00,2022-03-03 12:31:00,2022-03-03 12:22:00,2022-03-03 12:22:00,,16200,16700,16700,17200,2022-03-03 00:00:00,0,Thursday,"[2.4, 0.2]","[159.1, 197.65]","[12.3, 12.3]","[0.6, 0.6]",0,,,0,,,Exit,SL hit,Target hit,Exit,-586.6999999999999
2022-03-10,24.7,1,Short,09:30:00,09:30:00,09:30:00,09:30:00,16643.4,16150,16650,16650,17150,2022-03-10 00:00:00,0,Thursday,3.3,78.3,69.55,1.6,0,156.6,139.1,0,15.66,13.91,,,,,428.85
2022-03-10,,0,Long,2022-03-10 14:03:00,2022-03-10 14:03:00,2022-03-10 13:50:00,2022-03-10 13:50:00,,16150,16650,16650,17150,2022-03-10 00:00:00,0,Thursday,"[1.2, 0.3]","[164.2, 96.05]","[12.65, 12.65]","[0.45, 0.45]",0,,,0,,,Exit,SL hit,Target hit,Exit,-391.1
2022-03-17,22.54,1,Short,09:30:00,09:30:00,09:30:00,09:30:00,17184.9,16700,17200,17200,17700,2022-03-17 00:00:00,0,Thursday,2.5,76.45,60.75,0.7,0,152.9,121.5,0,15.29,12.15,,,,,402.0
2022-03-17,,0,Long,2022-03-17 12:38:00,2022-03-17 12:38:00,2022-03-17 11:55:00,2022-03-17 11:55:00,,16700,17200,17200,17700,2022-03-17 00:00:00,0,Thursday,"[1.3, 1.3]","[14.2, 14.2]","[123.55, 115.45]","[0.55, 0.1]",0,,,0,,,Exit,Target hit,SL hit,Exit,-392.4
2022-03-24,24.72,1,Short,09:30:00,09:30:00,09:30:00,09:30:00,17200.35,16700,17200,17200,17700,2022-03-24 00:00:00,0,Thursday,1.35,65.2,66.8,1.45,0,130.4,133.6,0,13.04,13.36,,,,,387.6
2022-03-24,,0,Long,2022-03-24 14:27:00,2022-03-24 14:27:00,2022-03-24 15:00:00,2022-03-24 15:00:00,,16700,17200,17200,17700,2022-03-24 00:00:00,0,Thursday,"[0.3, 0.3]","[12.5, 12.5]","[34.8, 34.8]","[0.1, 0.1]",0,,,0,,,Exit,Target hit,Universal exit,Exit,-140.7
2022-03-31,20.6,1,Short,09:30:00,09:30:00,09:30:00,09:30:00,17492.1,17000,17500,17500,18000,2022-03-31 00:00:00,0,Thursday,1.2,46.75,46.65,0.65,0,93.5,93.3,0,9.35,9.33,,,,,274.65
2022-03-31,,0,Long,2022-03-31 15:00:00,2022-03-31 15:00:00,2022-03-31 14:33:00,2022-03-31 14:33:00,,17000,17500,17500,18000,2022-03-31 00:00:00,0,Thursday,"[0.15, 0.15]","[47.75, 47.75]","[7.55, 7.55]","[0.2, 0.2]",0,,,0,,,Exit,Universal exit,Target hit,Exit,-164.85
2022-04-07,19.28,1,Short,09:30:00,09:30:00,09:30:00,09:30:00,17703.75,17200,17700,17700,18200,2022-04-07 00:00:00,0,Thursday,0.6,38.7,47.85,1.05,0,77.4,95.7,0,7.740000000000001,9.57,,,,,254.70000000000005
2022-04-07,,0,Long,2022-04-07 12:30:00,2022-04-07 12:30:00,2022-04-07 14:12:00,2022-04-07 14:12:00,,17200,17700,17700,18200,2022-04-07 00:00:00,0,Thursday,"[0.35, 0.35]","[7.4, 7.4]","[8.35, 8.35]","[0.3, 0.3]",0,,,0,,,Exit,Target hit,Target hit,Exit,-45.3
2022-04-21,18.03,1,Short,09:30:00,09:30:00,09:30:00,09:30:00,17227.9,16750,17250,17250,17750,2022-04-21 00:00:00,0,Thursday,1.0,51.55,30.45,0.75,0,103.1,60.9,0,10.31,6.09,,,,,240.75
2022-04-21,,0,Long,2022-04-21 11:58:00,2022-04-21 11:58:00,2022-04-21 11:02:00,2022-04-21 11:02:00,,16750,17250,17250,17750,2022-04-21 00:00:00,0,Thursday,"[1.2, 1.2]","[9.75, 9.75]","[61.6, 148.55]","[0.6, 0.1]",0,,,0,,,Exit,Target hit,SL hit,Exit,-383.55000000000007
2022-04-28,20.17,1,Short,09:30:00,09:30:00,09:30:00,09:30:00,17126.55,16650,17150,17150,17650,2022-04-28 00:00:00,0,Thursday,0.95,63.9,36.25,0.85,0,127.8,72.5,0,12.78,7.25,,,,,295.05
2022-04-28,,0,Long,2022-04-28 12:51:00,2022-04-28 12:51:00,2022-04-28 12:59:00,2022-04-28 12:59:00,,16650,17150,17150,17650,2022-04-28 00:00:00,0,Thursday,"[0.75, 0.75]","[11.95, 11.95]","[74.8, 144.4]","[0.35, 0.05]",0,,,0,,,Exit,Target hit,SL hit,Exit,-396.75
2022-05-05,20.25,1,Short,09:30:00,09:30:00,09:30:00,09:30:00,16825.5,16350,16850,16850,17350,2022-05-05 00:00:00,0,Thursday,1.35,77.4,47.5,1.4,0,154.8,95.0,0,15.480000000000002,9.5,,,,,366.4500000000001
2022-05-05,,0,Long,2022-05-05 14:10:00,2022-05-05 14:10:00,2022-05-05 10:10:00,2022-05-05 10:10:00,,16350,16850,16850,17350,2022-05-05 00:00:00,0,Thursday,"[0.4, 0.1]","[156.55, 125.45]","[96.75, 0.4]","[1.15, 0.2]",0,,,0,,,Exit,SL hit,SL hit,Exit,-502.85
2022-05-12,24.02,1,Short,09:30:00,09:30:00,09:30:00,09:30:00,15909.75,15400,15900,15900,16400,2022-05-12 00:00:00,0,Thursday,1.25,65.15,78.9,2.25,0,130.3,157.8,0,13.03,15.78,,,,,421.65
2022-05-12,,0,Long,2022-05-12 14:18:00,2022-05-12 14:18:00,2022-05-12 13:51:00,2022-05-12 13:51:00,,15400,15900,15900,16400,2022-05-12 00:00:00,0,Thursday,"[0.25, 0.15]","[137.8, 82.0]","[10.4, 10.4]","[0.45, 0.45]",0,,,0,,,Exit,SL hit,Target hit,Exit,-331.1
2022-05-19,23.75,1,Short,09:30:00,09:30:00,09:30:00,09:30:00,15942.65,15450,15950,15950,16450,2022-05-19 00:00:00,0,Thursday,2.5,78.35,58.05,1.95,0,156.7,116.1,0,15.67,11.61,,,,,395.8499999999999
2022-05-19,,0,Long,2022-05-19 14:43:00,2022-05-19 14:43:00,2022-05-19 12:33:00,2022-05-19 12:33:00,,15450,15950,15950,16450,2022-05-19 00:00:00,0,Thursday,"[0.15, 0.05]","[157.8, 149.8]","[10.75, 10.75]","[0.85, 0.85]",0,,,0,,,Exit,SL hit,Target hit,Exit,-486.85
2022-05-26,24.69,1,Short,09:30:00,09:30:00,09:30:00,09:30:00,16082.05,15600,16100,16100,16600,2022-05-26 00:00:00,0,Thursday,1.05,73.05,47.85,1.0,0,146.1,95.7,0,14.61,9.57,,,,,356.55
2022-05-26,,0,Long,2022-05-26 10:29:00,2022-05-26 10:29:00,2022-05-26 10:35:00,2022-05-26 10:35:00,,15600,16100,16100,16600,2022-05-26 00:00:00,0,Thursday,"[1.6, 0.15]","[149.5, 1.05]","[8.55, 8.55]","[1.05, 1.05]",0,,,0,,,Exit,SL hit,Target hit,Exit,-172.2
2021-09-02,13.82,1,Short,09:30:00,09:30:00,09:30:00,09:30:00,17127.75,16650,17150,17150,17650,2021-09-02 00:00:00,0,Thursday,1.4,53.55,21.8,1.15,0,107.1,43.6,0,10.71,4.36,,,,,218.4
2021-09-02,,0,Long,2021-09-02 13:14:00,2021-09-02 13:14:00,2021-09-02 13:17:00,2021-09-02 13:17:00,,16650,17150,17150,17650,2021-09-02 00:00:00,0,Thursday,"[0.85, 0.85]","[10.35, 10.35]","[43.6, 86.3]","[0.5, 0.15]",0,,,0,,,Exit,Target hit,SL hit,Exit,-243.9
2021-09-09,14.17,1,Short,09:30:00,09:30:00,09:30:00,09:30:00,17338.9,16850,17350,17350,17850,2021-09-09 00:00:00,0,Thursday,1.25,43.95,25.65,0.7,0,87.9,51.3,0,8.790000000000001,5.13,,,,,202.95
2021-09-09,,0,Long,2021-09-09 15:00:00,2021-09-09 15:00:00,2021-09-09 14:37:00,2021-09-09 14:37:00,,16850,17350,17350,17850,2021-09-09 00:00:00,0,Thursday,"[0.2, 0.2]","[13.7, 13.7]","[4.2, 4.2]","[0.2, 0.2]",0,,,0,,,Exit,Universal exit,Target hit,Exit,-52.5
2021-09-16,13.75,1,Short,09:30:00,09:30:00,09:30:00,09:30:00,17559.8,17050,17550,17550,18050,2021-09-16 00:00:00,0,Thursday,1.3,27.75,29.85,0.65,0,55.5,59.7,0,5.550000000000001,5.970000000000001,,,,,166.95000000000002
2021-09-16,,0,Long,2021-09-16 13:43:00,2021-09-16 13:43:00,2021-09-16 14:16:00,2021-09-16 14:16:00,,17050,17550,17550,18050,2021-09-16 00:00:00,0,Thursday,"[0.7, 0.7]","[5.4, 5.4]","[60.95, 86.75]","[0.2, 0.1]",0,,,0,,,Exit,Target hit,SL hit,Exit,-248.15
2021-09-23,15.88,1,Short,09:30:00,09:30:00,09:30:00,09:30:00,17690.3,17200,17700,17700,18200,2021-09-23 00:00:00,0,Thursday,1.55,45.85,26.95,1.1,0,91.7,53.9,0,9.17,5.390000000000001,,,,,210.45
2021-09-23,,0,Long,2021-09-23 12:22:00,2021-09-23 12:22:00,2021-09-23 12:09:00,2021-09-23 12:09:00,,17200,17700,17700,18200,2021-09-23 00:00:00,0,Thursday,"[2.05, 2.05]","[8.8, 8.8]","[58.6, 101.35]","[0.7, 0.2]",0,,,0,,,Exit,Target hit,SL hit,Exit,-280.45000000000005
2021-09-30,19.03,1,Short,09:30:00,09:30:00,09:30:00,09:30:00,17663.35,17150,17650,17650,18150,2021-09-30 00:00:00,0,Thursday,1.45,50.35,56.7,1.8,0,100.7,113.4,0,10.07,11.340000000000002,,,,,311.40000000000003
2021-09-30,,0,Long,2021-09-30 12:04:00,2021-09-30 12:04:00,2021-09-30 14:27:00,2021-09-30 14:27:00,,17150,17650,17650,18150,2021-09-30 00:00:00,0,Thursday,"[0.65, 0.65]","[9.5, 9.5]","[10.55, 10.55]","[0.3, 0.3]",0,,,0,,,Exit,Target hit,Target hit,Exit,-57.3
2021-10-07,16.51,1,Short,09:30:00,09:30:00,09:30:00,09:30:00,17810.1,17300,17800,17800,18300,2021-10-07 00:00:00,0,Thursday,1.45,35.3,43.0,0.95,0,70.6,86.0,0,7.06,8.6,,,,,227.7
2021-10-07,,0,Long,2021-10-07 13:17:00,2021-10-07 13:17:00,2021-10-07 15:00:00,2021-10-07 15:00:00,,17300,17800,17800,18300,2021-10-07 00:00:00,0,Thursday,"[0.7, 0.7]","[6.4, 6.4]","[21.45, 21.45]","[0.1, 0.1]",0,,,0,,,Exit,Target hit,Universal exit,Exit,-81.14999999999999
2021-10-14,16.16,1,Short,09:30:00,09:30:00,09:30:00,09:30:00,18275.55,17800,18300,18300,18800,2021-10-14 00:00:00,0,Thursday,2.2,57.8,23.5,0.7,0,115.6,47.0,0,11.56,4.7,,,,,235.2
2021-10-14,,0,Long,2021-10-14 14:04:00,2021-10-14 14:04:00,2021-10-14 13:31:00,2021-10-14 13:31:00,,17800,18300,18300,18800,2021-10-14 00:00:00,0,Thursday,"[0.65, 0.65]","[11.5, 11.5]","[4.65, 4.65]","[0.3, 0.3]",0,,,0,,,Exit,Target hit,Target hit,Exit,-45.6
2021-10-21,18.35,1,Short,09:30:00,09:30:00,09:30:00,09:30:00,18292.6,17800,18300,18300,18800,2021-10-21 00:00:00,0,Thursday,1.1,52.95,54.4,1.4,0,105.9,108.8,0,10.590000000000002,10.88,,,,,314.55
2021-10-21,,0,Long,2021-10-21 10:40:00,2021-10-21 10:40:00,2021-10-21 11:00:00,2021-10-21 11:00:00,,17800,18300,18300,18800,2021-10-21 00:00:00,0,Thursday,"[1.65, 0.3]","[106.2, 115.9]","[10.65, 10.65]","[2.2, 2.2]",0,,,0,,,Exit,SL hit,Target hit,Exit,-361.1
2021-10-28,17.05,1,Short,09:30:00,09:30:00,09:30:00,09:30:00,18130.3,17650,18150,18150,18650,2021-10-28 00:00:00,0,Thursday,1.3,64.1,46.05,2.35,0,128.2,92.1,0,12.82,9.21,,,,,319.49999999999994
2021-10-28,,0,Long,2021-10-28 11:04:00,2021-10-28 11:04:00,2021-10-28 12:11:00,2021-10-28 12:11:00,,17650,18150,18150,18650,2021-10-28 00:00:00,0,Thursday,"[1.6, 0.15]","[129.3, 230.0]","[9.0, 9.0]","[1.3, 1.3]",0,,,0,,,Exit,SL hit,Target hit,Exit,-610.5
2021-11-11,16.47,1,Short,09:30:00,09:30:00,09:30:00,09:30:00,17933.0,17450,17950,17950,18450,2021-11-11 00:00:00,0,Thursday,1.15,58.3,41.1,1.3,0,116.6,82.2,0,11.66,8.22,,,,,290.85
2021-11-11,,0,Long,2021-11-11 10:30:00,2021-11-11 10:30:00,2021-11-11 12:36:00,2021-11-11 12:36:00,,17450,17950,17950,18450,2021-11-11 00:00:00,0,Thursday,"[1.35, 0.1]","[123.65, 98.95]","[7.8, 7.8]","[1.15, 1.15]",0,,,0,,,Exit,SL hit,Target hit,Exit,-339.95000000000005
2021-11-18,14.58,1,Short,09:30:00,09:30:00,09:30:00,09:30:00,17881.8,17400,17900,17900,18400,2021-11-18 00:00:00,0,Thursday,1.0,58.55,42.8,1.35,0,117.1,85.6,0,11.71,8.56,,,,,296.99999999999994
2021-11-18,,0,Long,2021-11-18 10:16:00,2021-11-18 10:16:00,2021-11-18 10:25:00,2021-11-18 10:25:00,,17400,17900,17900,18400,2021-11-18 00:00:00,0,Thursday,"[0.9, 0.25]","[119.65, 86.85]","[8.35, 8.35]","[1.75, 1.75]",0,,,0,,,Exit,SL hit,Target hit,Exit,-311.75
2021-11-25,17.86,1,Short,09:30:00,09:30:00,09:30:00,09:30:00,17382.9,16900,17400,17400,17900,2021-11-25 00:00:00,0,Thursday,1.8,66.75,48.25,1.15,0,133.5,96.5,0,13.35,9.65,,,,,336.15
2021-11-25,,0,Long,2021-11-25 12:12:00,2021-11-25 12:12:00,2021-11-25 11:18:00,2021-11-25 11:18:00,,16900,17400,17400,17900,2021-11-25 00:00:00,0,Thursday,"[0.7, 0.7]","[12.85, 12.85]","[96.65, 152.6]","[0.7, 0.15]",0,,,0,,,Exit,Target hit,SL hit,Exit,-437.3
2021-12-02,19.89,1,Short,09:30:00,09:30:00,09:30:00,09:30:00,17234.6,16750,17250,17250,17750,2021-12-02 00:00:00,0,Thursday,2.75,74.55,45.4,0.8,0,149.1,90.8,0,14.91,9.08,,,,,349.2
2021-12-02,,0,Long,2021-12-02 13:09:00,2021-12-02 13:09:00,2021-12-02 11:29:00,2021-12-02 11:29:00,,16750,17250,17250,17750,2021-12-02 00:00:00,0,Thursday,"[0.8, 0.8]","[12.3, 12.3]","[91.35, 109.2]","[0.55, 0.2]",0,,,0,,,Exit,Target hit,SL hit,Exit,-343.3
2021-12-09,16.94,1,Short,09:30:00,09:30:00,09:30:00,09:30:00,17429.6,16950,17450,17450,17950,2021-12-09 00:00:00,0,Thursday,1.8,64.4,45.9,0.7,0,128.8,91.8,0,12.880000000000004,9.18,,,,,323.4
2021-12-09,,0,Long,2021-12-09 12:50:00,2021-12-09 12:50:00,2021-12-09 13:13:00,2021-12-09 13:13:00,,16950,17450,17450,17950,2021-12-09 00:00:00,0,Thursday,"[0.55, 0.55]","[11.9, 11.9]","[92.7, 45.9]","[0.3, 0.15]",0,,,0,,,Exit,Target hit,SL hit,Exit,-217.95
2021-12-16,16.43,1,Short,09:30:00,09:30:00,09:30:00,09:30:00,17320.25,16800,17300,17300,17800,2021-12-16 00:00:00,0,Thursday,0.8,41.15,64.9,0.95,0,82.3,129.8,0,8.23,12.980000000000002,,,,,312.9
2021-12-16,,0,Long,2021-12-16 10:07:00,2021-12-16 10:07:00,2021-12-16 12:29:00,2021-12-16 12:29:00,,16800,17300,17300,17800,2021-12-16 00:00:00,0,Thursday,"[0.85, 0.15]","[82.95, 64.6]","[12.25, 12.25]","[1.05, 1.05]",0,,,0,,,Exit,SL hit,Target hit,Exit,-244.6
2021-12-23,16.38,1,Short,09:30:00,09:30:00,09:30:00,09:30:00,17055.5,16550,17050,17050,17550,2021-12-23 00:00:00,0,Thursday,1.4,40.55,48.25,0.8,0,81.1,96.5,0,8.11,9.65,,,,,259.79999999999995
2021-12-23,,0,Long,2021-12-23 13:23:00,2021-12-23 13:23:00,2021-12-23 15:00:00,2021-12-23 15:00:00,,16550,17050,17050,17550,2021-12-23 00:00:00,0,Thursday,"[0.85, 0.85]","[7.75, 7.75]","[21.25, 21.25]","[0.25, 0.25]",0,,,0,,,Exit,Target hit,Universal exit,Exit,-83.7
2021-12-30,16.46,1,Short,09:30:00,09:30:00,09:30:00,09:30:00,17208.7,16700,17200,17200,17700,2021-12-30 00:00:00,0,Thursday,0.8,40.05,46.45,0.7,0,80.1,92.9,0,8.01,9.29,,,,,255.0
2021-12-30,,0,Long,2021-12-30 14:46:00,2021-12-30 14:46:00,2021-12-30 15:00:00,2021-12-30 15:00:00,,16700,17200,17200,17700,2021-12-30 00:00:00,0,Thursday,"[0.25, 0.25]","[6.3, 6.3]","[16.05, 16.05]","[0.05, 0.05]",0,,,0,,,Exit,Target hit,Universal exit,Exit,-66.14999999999999
2021-06-10,15.05,1,Short,09:30:00,09:30:00,09:30:00,09:30:00,15677.0,15200,15700,15700,16200,2021-06-10 00:00:00,0,Thursday,1.0,55.35,25.55,0.7,0,110.7,51.1,0,11.07,5.11,,,,,237.6
2021-06-10,,0,Long,2021-06-10 14:20:00,2021-06-10 14:20:00,2021-06-10 12:01:00,2021-06-10 12:01:00,,15200,15700,15700,16200,2021-06-10 00:00:00,0,Thursday,"[0.65, 0.65]","[7.2, 7.2]","[57.65, 34.1]","[0.7, 0.1]",0,,,0,,,Exit,Target hit,SL hit,Exit,-144.6
2021-06-17,15.04,1,Short,09:30:00,09:30:00,09:30:00,09:30:00,15711.15,15200,15700,15700,16200,2021-06-17 00:00:00,0,Thursday,1.1,39.05,41.1,1.15,0,78.1,82.2,0,7.81,8.22,,,,,233.7
2021-06-17,,0,Long,2021-06-17 15:00:00,2021-06-17 15:00:00,2021-06-17 14:15:00,2021-06-17 14:15:00,,15200,15700,15700,16200,2021-06-17 00:00:00,0,Thursday,"[0.15, 0.15]","[35.05, 35.05]","[6.25, 6.25]","[0.65, 0.65]",0,,,0,,,Exit,Universal exit,Target hit,Exit,-121.5
2021-06-24,15.22,1,Short,09:30:00,09:30:00,09:30:00,09:30:00,15744.7,15250,15750,15750,16250,2021-06-24 00:00:00,0,Thursday,0.8,51.4,37.2,1.0,0,102.8,74.4,0,10.28,7.440000000000001,,,,,260.40000000000003
2021-06-24,,0,Long,2021-06-24 14:10:00,2021-06-24 14:10:00,2021-06-24 15:00:00,2021-06-24 15:00:00,,15250,15750,15750,16250,2021-06-24 00:00:00,0,Thursday,"[0.8, 0.8]","[9.3, 9.3]","[54.55, 54.55]","[0.15, 0.15]",0,,,0,,,Exit,Target hit,Universal exit,Exit,-188.7
2021-07-01,13.11,1,Short,09:30:00,09:30:00,09:30:00,09:30:00,15717.95,15200,15700,15700,16200,2021-07-01 00:00:00,0,Thursday,0.4,28.25,37.35,0.8,0,56.5,74.7,0,5.65,7.470000000000001,,,,,193.2
2021-07-01,,0,Long,2021-07-01 15:00:00,2021-07-01 15:00:00,2021-07-01 14:41:00,2021-07-01 14:41:00,,15200,15700,15700,16200,2021-07-01 00:00:00,0,Thursday,"[0.1, 0.1]","[18.35, 18.35]","[7.35, 7.35]","[0.2, 0.2]",0,,,0,,,Exit,Universal exit,Target hit,Exit,-76.19999999999999
2021-07-08,12.44,1,Short,09:30:00,09:30:00,09:30:00,09:30:00,15876.65,15400,15900,15900,16400,2021-07-08 00:00:00,0,Thursday,1.0,46.25,18.15,0.55,0,92.5,36.3,0,9.25,3.63,,,,,188.55
2021-07-08,,0,Long,2021-07-08 11:56:00,2021-07-08 11:56:00,2021-07-08 12:09:00,2021-07-08 12:09:00,,15400,15900,15900,16400,2021-07-08 00:00:00,0,Thursday,"[0.8, 0.2]","[92.8, 187.2]","[3.6, 3.6]","[1.1, 1.1]",0,,,0,,,Exit,SL hit,Target hit,Exit,-473.5
2021-07-15,12.65,1,Short,09:30:00,09:30:00,09:30:00,09:30:00,15886.5,15400,15900,15900,16400,2021-07-15 00:00:00,0,Thursday,1.25,38.2,21.5,0.6,0,76.4,43.0,0,7.640000000000001,4.3,,,,,173.55
2021-07-15,,0,Long,2021-07-15 13:46:00,2021-07-15 13:46:00,2021-07-15 10:56:00,2021-07-15 10:56:00,,15400,15900,15900,16400,2021-07-15 00:00:00,0,Thursday,"[0.55, 0.55]","[7.6, 7.6]","[43.55, 22.85]","[0.6, 0.05]",0,,,0,,,Exit,Target hit,SL hit,Exit,-109.7
2021-07-22,12.45,1,Short,09:30:00,09:30:00,09:30:00,09:30:00,15757.4,15250,15750,15750,16250,2021-07-22 00:00:00,0,Thursday,0.85,29.4,29.35,1.0,0,58.8,58.7,0,5.88,5.870000000000001,,,,,170.7
2021-07-22,,0,Long,2021-07-22 12:09:00,2021-07-22 12:09:00,2021-07-22 10:42:00,2021-07-22 10:42:00,,15250,15750,15750,16250,2021-07-22 00:00:00,0,Thursday,"[0.85, 0.85]","[5.7, 5.7]","[58.85, 38.1]","[0.55, 0.1]",0,,,0,,,Exit,Target hit,SL hit,Exit,-148.85
2021-07-29,13.17,1,Short,09:30:00,09:30:00,09:30:00,09:30:00,15748.85,15250,15750,15750,16250,2021-07-29 00:00:00,0,Thursday,1.0,37.7,30.55,0.8,0,75.4,61.1,0,7.540000000000001,6.11,,,,,199.35
2021-07-29,,0,Long,2021-07-29 13:05:00,2021-07-29 13:05:00,2021-07-29 13:00:00,2021-07-29 13:00:00,,15250,15750,15750,16250,2021-07-29 00:00:00,0,Thursday,"[0.35, 0.35]","[7.4, 7.4]","[61.5, 40.5]","[0.2, 0.05]",0,,,0,,,Exit,Target hit,SL hit,Exit,-163.35000000000002
2021-08-05,13.06,1,Short,09:30:00,09:30:00,09:30:00,09:30:00,16231.55,15750,16250,16250,16750,2021-08-05 00:00:00,0,Thursday,2.1,48.35,22.9,0.65,0,96.7,45.8,0,9.670000000000002,4.58,,,,,205.5
2021-08-05,,0,Long,2021-08-05 12:47:00,2021-08-05 12:47:00,2021-08-05 12:47:00,2021-08-05 12:47:00,,15750,16250,16250,16750,2021-08-05 00:00:00,0,Thursday,"[0.9, 0.9]","[8.8, 8.8]","[61.55, 67.85]","[0.3, 0.05]",0,,,0,,,Exit,Target hit,SL hit,Exit,-220.55
2021-08-12,12.68,1,Short,09:30:00,09:30:00,09:30:00,09:30:00,16301.6,15800,16300,16300,16800,2021-08-12 00:00:00,0,Thursday,1.35,34.35,29.95,0.75,0,68.7,59.9,0,6.870000000000001,5.99,,,,,186.6
2021-08-12,,0,Long,2021-08-12 13:25:00,2021-08-12 13:25:00,2021-08-12 13:26:00,2021-08-12 13:26:00,,15800,16300,16300,16800,2021-08-12 00:00:00,0,Thursday,"[0.65, 0.65]","[6.85, 6.85]","[62.9, 58.4]","[0.45, 0.05]",0,,,0,,,Exit,Target hit,SL hit,Exit,-197.75
2021-08-26,13.67,1,Short,09:30:00,09:30:00,09:30:00,09:30:00,16654.6,16150,16650,16650,17150,2021-08-26 00:00:00,0,Thursday,1.15,37.05,32.35,0.7,0,74.1,64.7,0,7.41,6.470000000000001,,,,,202.65
2021-08-26,,0,Long,2021-08-26 15:00:00,2021-08-26 15:00:00,2021-08-26 14:28:00,2021-08-26 14:28:00,,16150,16650,16650,17150,2021-08-26 00:00:00,0,Thursday,"[0.05, 0.05]","[37.15, 37.15]","[5.4, 5.4]","[0.1, 0.1]",0,,,0,,,Exit,Universal exit,Target hit,Exit,-127.2
