Filename,Total PnL,Max Drawdown,Max Drawdown Percentage,31M Monthly PnL,11M Monthly PnL,Daily 3M PnL ,min pnl ,Max Investment,ROI % ,ROI with DD,Max Drawdown Date,Time to Recover,Peak Date Before Max Drawdown,Total Trades,No. of Winners,No. of Losers,Win %,Loss %,Max Profit,Max Loss,Median PnL,Median Profit,Median Loss,SD,SD Profit,SD Loss,Last 15 Months Max Drawdown,Last 15 Months Max Drawdown Percentage,Last 15 Months Max Drawdown Date,Last 15 Months Time to Recover,Last 15 Months Peak Date Before Max Drawdown,Sortino Ratio,Dmonthly11_PnL_Ratio,Max_Drawdown_Ratio,Dmonthly11_PnL_Z,Max_Drawdown_Z,Win%_Z,Sortino_Ratio_Z,Final_Z_Score
"NIFTY_candle_5T_short_0_long_500_entry_09,30_exit_15,00_premium_1st_week_short_sl_3_short_pt_0,1_lots_1_exit_full_Monday.csv",46551.53125,6187.46875,200.58453465165988,1163.7882812500002,1298.06328125,1892.4328124999997,1163.7882812500002,45000,103.44784722222224,90.94321791405245,2022-03-14,203,2021-11-01,162,100,62,61.72839506172839,38.27160493827161,3058.1437499999997,-2073.55625,527.2875,794.3406250000002,-689.8,939.8209096731063,520.8747278629877,397.6118029214557,3493.6625000000004,72.41314091768791,2024-01-15,154,2023-09-04,2.5874188685822967,0.028845850694444446,0.13749930555555556,0.9688939722031242,0.3826502661457738,0.4818061359698299,1.0,2.8271467740422653
"NIFTY_candle_5T_short_0_long_500_entry_09,30_exit_15,00_premium_1st_week_short_sl_3_short_pt_0,2_lots_1_exit_full_Monday.csv",43978.06874999999,5937.756249999999,269.8389840858676,1099.45171875,1339.6656249999999,1571.4984375,1099.45171875,45000,97.72904166666666,86.33687855067231,2022-01-24,203,2021-11-01,162,105,57,64.81481481481481,35.18518518518518,2772.7375,-2160.66875,493.934375,742.6374999999998,-685.9250000000002,897.0564387102039,463.0131435507494,423.56169332643475,2494.8875000000007,44.52820507100071,2023-12-04,154,2023-09-04,2.277004115210925,0.02977034722222222,0.13195013888888887,1.0,0.35504847963578934,0.5648761594129039,0.874799359381834,2.8021889594524967
"NIFTY_candle_5T_short_0_long_500_entry_09,30_exit_15,00_premium_1st_week_short_sl_3_short_pt_0,3_lots_1_exit_full_Monday.csv",38708.03125,4601.418750000001,127.81208389248344,967.7007812499999,1022.6140624999997,1139.8203125,967.7007812499999,45000,86.01784722222222,78.03815339455386,2022-03-14,70,2022-02-21,162,108,54,66.66666666666667,33.333333333333336,2463.425,-1718.2374999999993,451.32812500000006,647.065625,-728.6937499999999,832.4049973886431,408.9197175460318,388.2307986075933,3247.249999999998,64.37448116071316,2024-01-15,154,2023-09-04,2.1448601817179824,0.022724756944444438,0.10225375000000002,0.7629408868059762,0.20733740237579573,0.6147181734787486,0.8215012962342767,2.6844638674038315
"NIFTY_candle_5T_short_0_long_500_entry_09,30_exit_15,00_premium_1st_week_short_sl_2,5_short_pt_0,3_lots_1_exit_full_Monday.csv",28509.506250000002,4181.137499999998,624.6447179219026,712.7376562500002,851.9742187499999,1077.0109375000002,712.7376562500002,45000,63.35445833333334,57.968375070625406,2022-01-24,231,2021-07-05,162,90,72,55.55555555555556,44.44444444444444,2463.425,-1491.35625,352.3375,621.16875,-477.8468750000001,753.8414057926324,433.8461229948257,322.7729218155304,2624.9750000000013,24.760951371976127,2024-06-03,84,2024-04-22,1.7899198390011968,0.018932760416666663,0.09291416666666662,0.6353536586719347,0.16088192523048084,0.3156660890836817,0.6783419978867279,2.3106467758700227
"NIFTY_candle_5T_short_0_long_500_entry_09,30_exit_15,00_premium_1st_week_short_sl_2,5_short_pt_0,1_lots_1_exit_full_Monday.csv",38093.943750000006,5931.85,503.3496680031396,952.3485937499997,1135.1460937499999,1794.0265625000002,952.3485937499997,45000,84.65320833333331,74.79395260529513,2022-01-24,329,2021-07-05,162,83,79,51.23456790123457,48.76543209876543,3058.1437499999997,-3498.91875,118.67812499999998,766.9687500000002,-413.2500000000001,885.6600760798351,563.3849903277311,461.13571272074483,2814.893750000001,22.604844967270942,2024-06-03,84,2024-04-15,1.772468649039488,0.025225468749999997,0.1318188888888889,0.8470809658634549,0.35439563666006907,0.199368056263378,0.6713033499519073,2.263672707286982
"NIFTY_candle_5T_short_0_long_0,33_entry_09,30_exit_15,00_premium_1st_week_short_sl_3_short_pt_0,1_lots_1_exit_full_Monday.csv",31356.5,4625.63125,276.2550157705156,783.9125000000001,851.2453125000002,1136.0125000000003,783.9125000000001,45000,69.68111111111112,63.18609801059206,2022-01-24,189,2021-11-01,163,103,60,63.190184049079754,36.809815950920246,2610.65625,-2390.65,411.1562500000001,602.7062500000001,-624.58125,807.823273456088,437.2785220228707,445.2822389566833,3053.1437499999997,83.69248639684216,2024-01-15,154,2023-09-04,1.4573060482278202,0.018916562500000005,0.10279180555555556,0.6348086562506757,0.21001371315668566,0.5211497298950158,0.5441877438411983,2.229557551882696
"NIFTY_candle_5T_short_0_long_0,33_entry_09,30_exit_15,00_premium_1st_week_short_sl_3_short_pt_0,3_lots_1_exit_full_Monday.csv",25701.225000000002,3448.0125,112.14484781587879,642.5306250000002,661.2921875,538.2343750000002,642.5306250000002,45000,57.11383333333335,53.04908018672593,2022-03-14,63,2022-02-21,163,109,54,66.87116564417178,33.12883435582822,2068.01875,-2158.7875000000004,355.6625,486.26875,-627.9749999999999,697.308099564668,335.53341905176524,399.43826560964334,3081.0125000000007,32.952137508572896,2024-06-03,84,2024-04-29,1.2706109271363388,0.014695381944444443,0.0766225,0.49278090844251393,0.0798464955458146,0.6202221995719094,0.46888736424559596,2.19193287692825
"NIFTY_candle_5T_short_0_long_0,33_entry_09,30_exit_15,00_premium_1st_week_short_sl_3_short_pt_0,2_lots_1_exit_full_Monday.csv",29260.75,5089.681250000001,494.7292002065547,731.51875,914.2171875,866.525,731.51875,45000,65.02388888888889,58.41672230645309,2022-01-24,189,2021-11-01,163,106,57,65.03067484662577,34.969325153374236,2343.24375,-2461.35,386.99375,568.3968749999999,-610.06875,769.51914827122,385.9315148334063,472.54107528278684,3069.925000000001,25.698377802588535,2024-06-03,84,2024-04-29,1.2623638053962192,0.0203159375,0.1131040277777778,0.6818926596410229,0.26130713671360917,0.5706859647334628,0.4655610245213893,2.1714895298155343
"NIFTY_candle_5T_short_0_long_0,5_entry_09,30_exit_15,00_premium_1st_week_short_sl_3_short_pt_0,1_lots_1_exit_full_Monday.csv",23400.093750000007,3784.975,316.9431738488752,585.0023437500004,615.9902343750001,1012.6015624999999,585.0023437500004,45000,52.00020833333336,47.96577993531822,2022-01-24,245,2021-09-06,163,105,58,64.41717791411043,35.58282208588957,1984.21875,-2075.625,308.6625,449.7937500000001,-482.44375,611.5570580440136,324.06701112994483,338.08078894264315,2350.0,93.9007000097397,2024-01-15,154,2023-09-04,1.3310497326908004,0.013688671875000002,0.08411055555555555,0.4589086866843584,0.11709239627914035,0.5541738864539802,0.4932643537134981,2.112167587345706
"NIFTY_candle_5T_short_0_long_500_entry_09,30_exit_15,00_premium_1st_week_short_sl_2,5_short_pt_0,2_lots_1_exit_full_Monday.csv",34405.306249999994,7214.7625,734.439100117066,860.1326562499996,1149.5359374999998,1484.7015624999995,860.1326562499996,45000,76.45623611111107,65.89191370926947,2022-01-24,336,2021-07-05,162,88,74,54.32098765432099,45.67901234567901,2772.7375,-3498.91875,382.040625,722.0374999999999,-439.2843749999999,851.6044498952845,500.1950566704728,469.4646228407324,2444.4375,18.040536894053417,2024-06-03,77,2024-04-22,1.544594887389425,0.025545243055555552,0.16032805555555554,0.8578402365999794,0.4962014210560855,0.28243807970645207,0.5793942488901844,2.0822521042873046
"NIFTY_candle_5T_short_0_long_500_entry_09,30_exit_15,00_premium_1st_week_short_sl_2_short_pt_0,1_lots_1_exit_full_Monday.csv",26857.268750000003,5801.768750000001,316.1845300743556,671.43171875,971.6765625,1806.0203124999996,671.43171875,45000,59.68281944444445,52.8667985600403,2022-03-28,217,2021-10-25,162,81,81,50.0,50.0,2533.8875,-2511.36875,-6.099999999999795,572.78125,-244.85000000000025,630.5292571258358,505.55786102888595,336.13538148462163,1095.9437500000004,11.749440506023774,2024-06-03,63,2024-04-08,1.595879958785422,0.021592812500000003,0.12892819444444448,0.7248549726943858,0.3400172018942809,0.1661400468861483,0.6000792315567312,2.0679870257999102
"NIFTY_candle_5T_short_0_long_0,5_entry_09,30_exit_15,00_premium_1st_week_short_sl_3_short_pt_0,2_lots_1_exit_full_Monday.csv",21302.63125,4194.9000000000015,494.3828169885536,532.56578125,686.5011718749998,813.3609374999997,532.56578125,45000,47.33918055555556,43.30251967175459,2022-01-24,266,2021-09-06,163,109,54,66.87116564417178,33.12883435582822,1764.93125,-2117.2875000000004,297.86250000000007,402.7500000000001,-487.57187499999986,578.1724758246995,285.7198545733598,355.90899300259036,1996.8562500000007,23.255798718626217,2024-06-03,84,2024-04-29,1.1170433708234693,0.015255581597222219,0.09322000000000004,0.5116296390191357,0.16240315298977911,0.6202221995719094,0.4069484382772957,2.066286024092607
"NIFTY_candle_5T_short_0_long_0,5_entry_09,30_exit_15,00_premium_1st_week_short_sl_3_short_pt_0,3_lots_1_exit_full_Monday.csv",18233.031250000004,2761.7312499999994,137.5145877615293,455.82578125,464.5464843750001,518.2109374999998,455.82578125,45000,40.51784722222222,38.174979785725434,2022-03-14,63,2022-02-21,163,109,54,66.87116564417178,33.12883435582822,1547.7812499999998,-1468.9937499999996,272.85625,354.45000000000005,-499.13749999999993,516.4118150067166,241.47470609287308,303.891720471841,2102.6312499999995,33.25448571451164,2024-06-03,84,2024-04-29,1.05572399521733,0.010323255208333335,0.06137180555555554,0.345674357256389,0.003988905123608301,0.6202221995719094,0.3822162854887659,2.0340128374075013
"NIFTY_candle_5T_short_0_long_500_entry_09,30_exit_15,00_premium_1st_week_short_sl_3_short_pt_0,2_lots_4_exit_3_4th_Monday.csv",152735.3,27767.50000000003,23.15320754890041,3818.3825000000006,3251.234375000002,3622.434375000001,3818.3825000000006,180000,84.85294444444446,73.51260423309708,2024-01-15,182,2023-09-04,162,108,54,66.66666666666667,33.333333333333336,11090.95,-14345.9125,1975.7375,2755.0875000000005,-2566.8875,4105.663598371504,1900.6522008765648,3242.617798435704,27767.499999999996,144.51824108536357,2024-01-15,182,2023-09-04,1.0110295766530208,0.018062413194444453,0.15426388888888906,0.6060695628706735,0.46603800306041804,0.6147181734787486,0.3641895332950215,1.8115801798446511
"NIFTY_candle_5T_short_0_long_500_entry_09,30_exit_15,00_premium_1st_week_short_sl_2_short_pt_0,1_lots_4_exit_3_4th_Monday.csv",110647.1875,20301.462500000023,22.990399510101977,2766.1796874999995,2211.8421874999995,4698.449999999999,2766.1796874999995,180000,61.47065972222221,55.240329311125215,2024-01-15,175,2023-09-11,162,113,49,69.75308641975309,30.246913580246915,10135.55,-12179.625,882.01875,1777.4249999999995,-1928.5249999999987,3148.6766360177244,1850.2456096582155,2753.754943347755,20301.4625,155.6099874486208,2024-01-15,175,2023-09-11,0.8084160476507837,0.012288012152777774,0.1127859027777779,0.41178145694977386,0.2597247696915063,0.6977881969218227,0.28246872797415246,1.7834195136933313
"NIFTY_candle_5T_short_0_long_500_entry_09,30_exit_15,00_premium_1st_week_short_sl_3_short_pt_0,1_lots_4_exit_3_4th_Monday.csv",169392.15000000002,30480.57500000001,22.6665044297103,4234.803750000001,3215.572656250001,4906.171875,4234.803750000001,180000,94.10675000000002,80.47875676888474,2024-01-15,182,2023-09-04,162,105,57,64.81481481481481,35.18518518518518,12232.574999999995,-14092.3125,2109.15,3020.0500000000006,-2326.0125,4226.236859557483,2160.6558491047053,3126.2330836631522,30480.574999999997,184.38322313699626,2024-01-15,182,2023-09-04,1.1818708493963694,0.017864292534722225,0.16933652777777783,0.5994035056565178,0.5410099377208526,0.5648761594129039,0.4330955261938203,1.7739271738359372
"NIFTY_candle_5T_short_0_long_500_entry_09,30_exit_15,00_premium_1st_week_short_sl_2_short_pt_0,2_lots_1_exit_full_Monday.csv",21694.243749999998,6239.862500000001,491.98632027122915,542.3560937500002,872.40703125,1530.4671874999997,542.3560937500002,45000,48.20943055555558,42.33860649021062,2022-02-07,273,2021-09-06,162,77,85,47.53086419753087,52.46913580246913,2288.25,-2511.36875,-29.20625000000001,565.0625,-266.4125,617.6149346720116,464.9605747865567,332.23559304879205,1362.7687499999984,14.961752128541374,2024-06-03,63,2024-04-08,1.2261061194914649,0.019386822916666668,0.13866361111111114,0.6506312506608082,0.38844157055367295,0.09968402813168907,0.4509370884703326,1.7629687826433122
"NIFTY_candle_5T_short_0_long_0,33_entry_09,30_exit_15,00_premium_1st_week_short_sl_2,5_short_pt_0,3_lots_1_exit_full_Monday.csv",17782.937499999996,3902.7750000000005,585.1675537896393,444.5734374999999,553.28671875,591.259375,444.5734374999999,45000,39.51763888888888,36.363861764490856,2022-01-24,301,2021-07-05,163,91,72,55.828220858895705,44.171779141104295,2068.01875,-2158.7875000000004,277.62499999999994,477.8875000000001,-418.6125000000001,634.6042026373274,353.8225896857846,353.1495238253942,3291.6625000000013,43.195261419146576,2024-06-03,91,2024-04-22,0.8766072629707425,0.012295260416666667,0.08672833333333335,0.4120253353108413,0.13011333215890683,0.3230047905412293,0.309972523299164,1.7533869217217133
"NIFTY_candle_5T_short_0_long_0,33_entry_09,30_exit_15,00_premium_1st_week_short_sl_3_short_pt_0,2_lots_4_exit_3_4th_Monday.csv",100525.7125,20073.09999999999,25.125518223748728,2513.1428124999998,2224.6414062500003,2177.0875,2513.1428124999998,180000,55.84761805555554,50.24449188821486,2024-01-15,182,2023-09-04,163,111,52,68.09815950920246,31.901840490797547,9372.975,-10492.7375,1552.85,2119.25,-3007.40625,3411.570565215023,1563.7935273009537,2619.376894212225,20073.1,134.17993343844807,2024-01-15,182,2023-09-04,0.7532870954385587,0.012359118923611113,0.11151722222222217,0.41417394748232844,0.25341429967910484,0.6532463561308739,0.2602333797549869,1.7476162056236475
"NIFTY_candle_5T_short_0_long_0,33_entry_09,30_exit_15,00_premium_1st_week_short_sl_2,5_short_pt_0,1_lots_1_exit_full_Monday.csv",25237.775,6172.9749999999985,562.0289756108663,630.9443750000002,761.9578124999999,1159.9999999999995,630.9443750000002,45000,56.083944444444455,49.3185612132185,2022-01-24,329,2021-07-05,163,90,73,55.214723926380366,44.785276073619634,2610.65625,-3409.4875,215.84999999999968,545.0749999999998,-397.5125000000001,765.7656996971729,473.3012225831132,480.09384262736785,3772.9312500000015,41.740842230598034,2024-06-03,98,2024-04-15,1.0330154877344155,0.016932395833333332,0.1371772222222222,0.5680484882754383,0.3810482102085295,0.30649271226174707,0.373057185756989,1.7133038199547712
"NIFTY_candle_5T_short_0_long_0,33_entry_09,30_exit_15,00_premium_1st_week_short_sl_2_short_pt_0,1_lots_1_exit_full_Monday.csv",17407.050000000003,4672.587500000001,333.8098980193245,435.17625,663.8570312500001,1340.2218750000004,435.17625,45000,38.68233333333333,35.04357408399553,2022-02-07,266,2021-09-06,163,82,81,50.306748466257666,49.693251533742334,1965.025,-2480.2875,3.6875000000002274,452.30625,-235.65625,536.0257772426417,385.63580308347906,322.50932185283915,1629.2937500000007,25.839682890541138,2024-06-03,84,2024-04-08,0.930752166403954,0.014752378472222225,0.10383527777777779,0.4946986393631943,0.21520398752344527,0.17439608602588935,0.33181097176986746,1.6985036666225612
"NIFTY_candle_5T_short_0_long_500_entry_09,30_exit_15,00_premium_1st_week_short_sl_2,5_short_pt_0,1_lots_4_exit_3_4th_Monday.csv",144517.97500000003,26807.962500000023,23.332253014041886,3612.949375,2738.0499999999993,4623.331249999998,3612.949375,180000,80.28776388888889,69.88027600726448,2024-01-15,182,2023-09-04,162,101,61,62.34567901234568,37.65432098765432,12232.574999999995,-13141.649999999998,1289.5500000000002,2584.9500000000003,-1564.3624999999995,3963.6079383261476,2373.516346091234,3020.178025509533,26807.9625,188.9559671293127,2024-01-15,182,2023-09-04,1.0174729267760845,0.015211388888888885,0.14893312500000014,0.5101427111913589,0.4395225610788148,0.49842014065844464,0.3667883516642296,1.6866185721059959
"NIFTY_candle_5T_short_0_long_0,5_entry_09,30_exit_15,00_premium_1st_week_short_sl_3_short_pt_0,2_lots_4_exit_3_4th_Monday.csv",72105.775,17226.862500000003,405.42379562730935,1802.6443749999992,1786.1101562499996,2753.809375,1802.6443749999992,180000,40.05876388888887,36.559814462393526,2022-01-24,315,2021-07-12,163,111,52,68.09815950920246,31.901840490797547,7059.724999999999,-8067.674999999999,1205.95,1611.0000000000002,-2345.7875000000004,2587.669091755799,1129.9140205591132,2069.850883431109,15274.287500000002,134.0505334845769,2024-01-15,182,2023-09-04,0.610017071812905,0.009922834201388887,0.09570479166666668,0.3322016111743605,0.17476261040472804,0.6532463561308739,0.20244779274762034,1.6865099715826897
"NIFTY_candle_5T_short_0_long_0,33_entry_09,30_exit_15,00_premium_1st_week_short_sl_3_short_pt_0,1_lots_4_exit_3_4th_Monday.csv",113866.55000000002,23101.637499999997,24.930528613847535,2846.6637500000006,2081.01328125,3255.0375,2846.6637500000006,180000,63.259194444444454,56.06382666412525,2024-01-15,182,2023-09-04,163,108,55,66.25766871165644,33.74233128834356,10442.625,-10386.687499999998,1663.5500000000002,2395.5625,-2907.025000000001,3534.687245928213,1755.332920168819,2490.2874818543355,23101.637499999997,191.02188430558436,2024-01-15,182,2023-09-04,0.9262640425282933,0.011561184895833333,0.12834243055555553,0.38732629873259194,0.33710358787300965,0.6037101212924268,0.33000076146799384,1.6820785329737895
"NIFTY_candle_5T_short_0_long_0,5_entry_09,30_exit_15,00_premium_1st_week_short_sl_3_short_pt_0,1_lots_4_exit_3_4th_Monday.csv",83321.09999999999,17713.562499999993,26.65901496615428,2083.027500000001,1573.5828125,3550.7718750000004,2083.027500000001,180000,46.289500000000025,42.14232900689349,2024-01-15,182,2023-09-04,163,108,55,66.25766871165644,33.74233128834356,7936.875,-7901.0250000000015,1234.6500000000003,1794.725,-2339.2625000000016,2702.914503459921,1303.8555275283302,1958.440608334587,17713.5625,213.38685001475696,2024-01-15,182,2023-09-04,0.7878857767926674,0.00874212673611111,0.09840868055555552,0.2924749944360686,0.18821186654369698,0.6037101212924268,0.274188183845422,1.680306372384007
"NIFTY_candle_5T_short_0_long_0,5_entry_09,30_exit_15,00_premium_1st_week_short_sl_2,5_short_pt_0,3_lots_1_exit_full_Monday.csv",11821.893750000003,2725.64375,751.6295823925826,295.54734375000004,344.941796875,526.7328124999998,295.54734375000004,45000,26.270875000000004,24.770527584554586,2021-09-27,322,2021-07-05,163,95,68,58.282208588957054,41.717791411042946,1547.7812499999998,-1139.6812500000003,208.68749999999997,342.8062499999999,-353.65625000000017,471.3117306846514,260.8212947503477,246.4333682011968,2300.4437500000004,50.306014782741805,2024-06-03,91,2024-04-22,0.6514837861523834,0.0076653732638888895,0.060569861111111116,0.2562460607073116,0.0,0.38905310365915824,0.21917270399377506,1.669945316530666
"NIFTY_candle_5T_short_0_long_0,5_entry_09,30_exit_15,00_premium_1st_week_short_sl_2,5_short_pt_0,1_lots_1_exit_full_Monday.csv",17616.36875,4620.21875,663.7351290684624,440.40921875000004,513.5253906250001,1000.2921875,440.40921875000004,45000,39.147486111111114,35.50240042019162,2022-01-24,336,2021-07-05,163,90,73,55.214723926380366,44.785276073619634,1984.21875,-2677.8375,130.2500000000001,440.3937500000001,-332.72500000000014,576.4259098573044,352.5871271297615,353.6155483364267,2649.0625,46.2851233487344,2024-06-03,98,2024-04-15,0.8636758767729195,0.011411675347222225,0.10267152777777777,0.38229583292200175,0.20941544647205712,0.30649271226174707,0.30475686322352513,1.6308836058043432
"NIFTY_candle_5T_short_0_long_0,33_entry_09,30_exit_15,00_premium_1st_week_short_sl_2_short_pt_0,1_lots_4_exit_3_4th_Monday.csv",72081.2375,16461.524999999998,271.54430640754674,1802.0309374999993,1489.1937499999997,3915.640625000001,1802.0309374999993,180000,40.04513194444442,36.689747521811206,2022-01-17,294,2021-07-12,163,107,56,65.6441717791411,34.355828220858896,7860.1,-8622.037499999999,610.5874999999992,1646.8749999999995,-1617.8125000000002,2585.9463178526066,1489.5710298791612,2125.001308627939,15168.575000000003,162.60160204959445,2024-01-15,175,2023-09-11,0.5938965460284173,0.00827329861111111,0.09145291666666665,0.2767005915583623,0.1536136067674599,0.5871980430129448,0.19594584613136246,1.6126318524287373
"NIFTY_candle_5T_short_0_long_500_entry_09,30_exit_15,00_premium_1st_week_short_sl_2,5_short_pt_0,2_lots_4_exit_3_4th_Monday.csv",125128.78749999998,26667.350000000002,412.11748910975246,3128.2196875,2706.2875000000004,3386.03125,3128.2196875,180000,69.51599305555555,60.5459873076226,2022-01-24,322,2021-07-05,162,100,62,61.72839506172839,38.27160493827161,11090.95,-13395.25,1528.1625,2595.425,-1603.2312499999996,3851.7492262846736,2102.9313778960786,3087.8729594704887,24991.2625,155.82056911538572,2024-01-15,182,2023-09-04,0.8381885270124033,0.015034930555555558,0.14815194444444446,0.5042055143964173,0.435636936404804,0.4818061359698299,0.29447696356341385,1.603948609539942
"NIFTY_candle_5T_short_0_long_0,33_entry_09,30_exit_15,00_premium_1st_week_short_sl_2,5_short_pt_0,2_lots_1_exit_full_Monday.csv",22098.2625,7139.1125,799.1171120749964,552.4565625,788.9484375,898.4031249999999,552.4565625,45000,49.10725,42.38327320972331,2022-01-24,343,2021-07-05,163,94,69,57.668711656441715,42.331288343558285,2343.24375,-3409.4875,300.9875,498.81875000000014,-415.7750000000001,734.5334648456168,425.017679126743,489.89345609359424,3266.687500000001,32.631184641798036,2024-06-03,91,2024-04-22,0.852137454190131,0.017532187499999997,0.15864694444444444,0.5882293496362854,0.4878395042538417,0.3725410253796759,0.30010303191106835,1.58676338998335
"NIFTY_candle_5T_short_0_long_0,5_entry_09,30_exit_15,00_premium_1st_week_short_sl_3_short_pt_0,2_lots_3_exit_2_3rd_Monday.csv",50803.14375,13862.9875,33.57418202893845,1270.078593750001,1099.6089843749992,1940.4484375000002,1270.078593750001,135000,37.63195833333336,34.12745142576156,2024-01-15,210,2023-09-04,163,115,48,70.5521472392638,29.447852760736197,5294.793750000001,-6686.049999999999,904.4624999999996,1173.5437500000005,-1992.3468749999997,2062.351760513719,850.1861906513082,1814.4780251341897,13862.987500000003,171.54575230375988,2024-01-15,210,2023-09-04,0.4767644368060192,0.008145251736111105,0.10268879629629629,0.2723922685594352,0.20950134080360694,0.7192946692488026,0.14870255323910608,1.5712408156193356
"NIFTY_candle_5T_short_0_long_500_entry_09,30_exit_15,00_premium_1st_week_short_sl_2_short_pt_0,2_lots_4_exit_3_4th_Monday.csv",86350.25,21632.0875,331.4690953666992,2158.7562499999995,1749.2718750000001,3596.2374999999975,2158.7562499999995,180000,47.9723611111111,42.82564896819808,2022-01-17,315,2021-07-12,162,112,50,69.1358024691358,30.864197530864196,9153.0,-12433.225,690.3250000000006,1755.918749999998,-1888.4374999999995,3094.322968190881,1739.0062884829986,2784.1512443004253,19283.7625,132.82017329375222,2024-01-15,175,2023-09-11,0.581418216166897,0.009718177083333335,0.1201782638888889,0.3253156253304042,0.2964946822658141,0.6811741922332076,0.19091291881222167,1.5603209579934156
"NIFTY_candle_5T_short_0_long_0,5_entry_09,30_exit_15,00_premium_1st_week_short_sl_2,5_short_pt_0,2_lots_1_exit_full_Monday.csv",15556.118750000001,5335.55625,971.9898894442608,388.90296875,552.6144531249997,805.1546874999997,388.90296875,45000,34.56915277777778,30.904831313948183,2022-01-24,343,2021-07-05,163,93,70,57.05521472392638,42.94478527607362,1764.93125,-2677.8375,238.89375,391.1812500000001,-347.19062500000007,550.5584762155686,305.40582295140706,363.2393593994715,2185.831250000001,32.79025592175337,2024-06-03,91,2024-04-22,0.6989963014188969,0.01228032118055555,0.11856791666666666,0.4115226830241383,0.28848474799915697,0.35602894710019384,0.2383360887367391,1.5393884973118173
"NIFTY_candle_5T_short_0_long_500_entry_09,30_exit_15,00_premium_1st_week_short_sl_2_short_pt_0,3_lots_1_exit_full_Monday.csv",15133.70625,5632.493750000001,798.7299364525074,378.34265624999995,607.6359375000001,1155.2859374999998,378.34265624999995,45000,33.63045833333333,29.88931638390811,2022-03-28,343,2021-06-28,162,71,91,43.82716049382716,56.17283950617284,1937.275,-1108.7937500000005,-72.75624999999994,545.5125,-268.6625,548.0119902296229,393.4017946424118,226.17607726056082,1715.0062500000013,25.497259797918236,2024-06-03,119,2024-03-04,1.0758991808389304,0.013503020833333336,0.1251665277777778,0.4526621878722067,0.3213065149583941,0.0,0.3903536118786389,1.5217092847924516
"NIFTY_candle_5T_short_0_long_0,5_entry_09,30_exit_15,00_premium_1st_week_short_sl_3_short_pt_0,1_lots_3_exit_2_3rd_Monday.csv",59921.00624999999,15363.5625,30.484449727388913,1498.0251562499993,957.5925781249996,2538.1703124999995,1498.0251562499993,135000,44.38593055555554,39.85074924651376,2024-01-15,210,2023-09-04,163,112,51,68.71165644171779,31.288343558282207,5952.656250000001,-6629.237500000001,925.9874999999998,1321.18125,-2040.3187499999997,2144.112262537696,983.7234025644855,1729.5009560168166,15363.562500000002,264.9572465322427,2024-01-15,210,2023-09-04,0.6319887551651472,0.007093278356481479,0.11380416666666666,0.2369970970199719,0.26478965675657923,0.6697584344103559,0.21130970669108923,1.5183963641596598
"NIFTY_candle_5T_short_0_long_0,33_entry_09,30_exit_15,00_premium_1st_week_short_sl_2,5_short_pt_0,1_lots_4_exit_3_4th_Monday.csv",95912.4625,22073.475,353.505066722185,2397.811562500002,1821.8648437499996,3336.4687500000005,2397.811562500002,180000,53.284701388888934,47.464152581134165,2022-01-24,301,2021-07-05,163,98,65,60.122699386503065,39.877300613496935,10442.625,-11409.6375,1314.7000000000005,2155.825,-1635.6999999999994,3321.823532700475,1894.5620238269867,2471.140363199385,20184.000000000007,192.20042779450165,2024-01-15,182,2023-09-04,0.7518033334596549,0.010121471354166665,0.12263041666666666,0.33888504654717894,0.30869179248574263,0.4385893384976048,0.25963492897819224,1.509122852288431
"NIFTY_candle_5T_short_0_long_0,5_entry_09,30_exit_15,00_premium_1st_week_short_sl_2_short_pt_0,1_lots_1_exit_full_Monday.csv",11916.706250000003,3857.868750000001,372.3946330103648,297.91765625000005,462.65507812500005,1140.1140625,297.91765625000005,45000,26.48156944444445,24.39055684351766,2022-02-07,266,2021-09-06,163,80,83,49.079754601226995,50.920245398773005,1369.71875,-2007.45,-3.09375,356.21250000000003,-198.13750000000005,409.33145421919215,283.10955864234523,253.64877236710004,1196.50625,29.857978826274373,2024-06-03,119,2024-03-04,0.6422962537118574,0.010281223958333334,0.08573041666666668,0.344260154832092,0.12514965302604805,0.141371929466925,0.21546706521610434,1.505263531755611
"NIFTY_candle_5T_short_0_long_0,33_entry_09,30_exit_15,00_premium_1st_week_short_sl_3_short_pt_0,2_lots_3_exit_2_3rd_Monday.csv",71264.9625,18191.50625,29.913715367597646,1781.6240624999998,1310.4242187500004,1310.5625,1781.6240624999998,135000,52.7888611111111,46.52017872564001,2024-01-15,210,2023-09-04,163,114,49,69.93865030674847,30.061349693251532,7029.731249999999,-9553.33125,1164.6375000000005,1547.5218750000004,-2182.60625,2729.8532785340535,1178.4880373339481,2418.1647061061853,18191.506250000002,173.00385041969454,2024-01-15,210,2023-09-04,0.5692846558482315,0.009706846064814818,0.13475189814814814,0.3249343767627637,0.36898454708011064,0.7027825909693204,0.18601904856804988,1.493360173735363
"NIFTY_candle_5T_short_0_long_0,5_entry_09,30_exit_15,00_premium_1st_week_short_sl_2_short_pt_0,1_lots_3_exit_2_3rd_Monday.csv",36891.41875,11869.76875,307.58067023833416,922.2854687499997,619.6550781249996,2836.7515624999996,922.2854687499997,135000,27.326976851851846,25.118456346721796,2022-01-17,252,2021-09-06,163,113,50,69.32515337423312,30.67484662576687,4109.15625,-5628.45,449.14375000000064,909.225,-1192.94375,1649.4485987778294,851.9818470007255,1485.0468735361542,11644.59375,262.7671907526192,2024-01-15,210,2023-09-11,0.34832938809416397,0.004590037615740738,0.08792421296296296,0.1527719282668553,0.13606168732851348,0.686270512689838,0.09690040723314032,1.4567459045164013
"NIFTY_candle_5T_short_0_long_500_entry_09,30_exit_15,00_premium_1st_week_short_sl_3_short_pt_0,2_lots_3_exit_2_3rd_Monday.csv",108757.23124999998,25384.512500000026,27.65708666872998,2718.9307812499987,1911.568749999999,2050.9359374999995,2718.9307812499987,135000,80.56091203703701,67.81030758814694,2024-01-15,210,2023-09-04,162,114,48,70.37037037037037,29.62962962962963,8318.212500000001,-13321.362500000005,1481.8031250000004,2002.2843750000004,-2447.84375,3321.588804612186,1466.6544426774983,3095.751746516812,25384.512500000004,186.50135185770233,2024-01-15,210,2023-09-04,0.7474535979357909,0.01415976851851851,0.18803342592592612,0.47475941716089737,0.6340090891401248,0.7144022016104373,0.2578805353219866,1.4558319641479778
"NIFTY_candle_5T_short_0_long_0,33_entry_09,30_exit_15,00_premium_1st_week_short_sl_2_short_pt_0,1_lots_3_exit_2_3rd_Monday.csv",54674.1875,14900.699999999997,30.902057910380197,1366.8546875000004,825.3367187500003,2575.41875,1366.8546875000004,135000,40.49939814814815,36.473603859088044,2024-01-15,203,2023-09-11,163,114,49,69.93865030674847,30.061349693251532,5895.075,-8326.181250000001,639.9312500000005,1210.2218749999995,-1396.275000000001,2188.395248076062,1102.761354009064,2055.888485437032,14900.7,220.74068724532452,2024-01-15,203,2023-09-11,0.4678535311196769,0.006113605324074076,0.11037555555555553,0.20403457562341845,0.24773560204902859,0.7027825909693204,0.14510848727316475,1.4527987563322147
"NIFTY_candle_5T_short_0_long_500_entry_09,30_exit_15,00_premium_1st_week_short_sl_2_short_pt_0,1_lots_3_exit_2_3rd_Monday.csv",83789.91875000001,20380.568750000006,27.71971263022368,2094.747968750001,1240.1656249999996,2892.4296874999986,2094.747968750001,135000,62.06660648148151,53.925609504502475,2024-01-15,203,2023-09-11,162,118,44,72.8395061728395,27.160493827160494,7601.6625,-11856.0375,832.0718749999999,1414.790625,-1720.8374999999992,2692.9801604620984,1340.7527217614577,2754.927891057297,20380.56875,212.81924770025486,2024-01-15,203,2023-09-11,0.6133546994950574,0.009186412037037035,0.15096717592592596,0.3074236183682367,0.44964001524451674,0.7808582203648967,0.20379396949795822,1.4520066828041265
"NIFTY_candle_5T_short_0_long_500_entry_09,30_exit_15,00_premium_1st_week_short_sl_3_short_pt_0,1_lots_3_exit_2_3rd_Monday.csv",122840.61875000002,26986.91249999999,25.982195610718545,3071.01546875,1917.5093749999992,3013.7390625000003,3071.01546875,135000,90.99305092592593,75.8336688156829,2024-01-15,196,2023-09-04,162,113,49,69.75308641975309,30.246913580246915,9174.43125,-13131.1625,1581.8625000000002,2180.5125,-2286.1312500000004,3402.1376400965682,1659.5563752097567,2984.099976011169,26986.9125,230.52979227307964,2024-01-15,196,2023-09-04,0.8934068865593604,0.014203773148148142,0.1999030555555555,0.47624001680764866,0.6930491221161778,0.6977881969218227,0.3167483727476683,1.4488333659000507
"NIFTY_candle_5T_short_0_long_0,5_entry_09,30_exit_15,00_premium_1st_week_short_sl_2_short_pt_0,1_lots_4_exit_3_4th_Monday.csv",48808.12499999999,15468.650000000001,316.00677216466676,1220.2031250000002,1082.3101562500005,3976.8656250000004,1220.2031250000002,180000,27.115625000000005,24.96979694697845,2022-01-17,259,2021-09-06,163,101,62,61.96319018404908,38.03680981595092,5478.875,-7635.899999999998,342.83750000000146,1292.7249999999997,-1159.5,1966.7618717940911,1121.6472966755377,1586.4680215087762,11973.449999999997,196.9187882376159,2024-01-15,175,2023-09-11,0.42875312693230805,0.0060128342013888916,0.08593694444444445,0.20064398490816462,0.1261769308090071,0.4881255733360516,0.12933798796693144,1.447867828734115
"NIFTY_candle_5T_short_0_long_0,5_entry_09,30_exit_15,00_premium_1st_week_short_sl_3_short_pt_0,3_lots_4_exit_3_4th_Monday.csv",56366.862499999996,17799.287500000006,34.55154233679687,1409.1715625000004,898.2914062499997,1573.209374999998,1409.1715625000004,180000,31.314923611111116,28.49699976800978,2024-01-15,224,2023-09-04,163,113,50,69.32515337423312,30.67484662576687,6191.124999999999,-8163.625000000002,1091.425,1393.0250000000003,-2032.50625,2411.783397184622,972.7743296369641,2043.7348505449409,17799.2875,186.94815919588063,2024-01-15,224,2023-09-04,0.42528587417699715,0.004990507812499999,0.09888493055555558,0.16624632941161352,0.19058075391274013,0.686270512689838,0.12793952909397097,1.4467403609377634
"NIFTY_candle_5T_short_0_long_0,5_entry_09,30_exit_15,00_premium_1st_week_short_sl_2,5_short_pt_0,1_lots_4_exit_3_4th_Monday.csv",66328.2625,18413.8125,424.1799915342818,1658.206562499999,1274.6656249999996,3523.943750000001,1658.206562499999,180000,36.8490347222222,33.42925659472422,2022-01-17,322,2021-07-05,163,98,65,60.122699386503065,39.877300613496935,7936.875,-9647.062499999998,807.5500000000002,1603.6000000000006,-1150.65,2526.4983845260267,1402.0867464662958,1897.0828876863957,16702.300000000007,232.58531015227376,2024-01-15,210,2023-09-04,0.5894347420231695,0.007081475694444442,0.10229895833333333,0.23659997932145155,0.2075622705118771,0.4385893384976048,0.19414625151254158,1.4424786295709184
"NIFTY_candle_5T_short_0_long_0,33_entry_09,30_exit_15,00_premium_1st_week_short_sl_3_short_pt_0,1_lots_3_exit_2_3rd_Monday.csv",82510.04999999999,20048.49375,28.12662104106479,2062.7512500000003,1229.76796875,2119.0249999999983,2062.7512500000003,135000,61.11855555555556,53.215641122602,2024-01-15,196,2023-09-04,163,110,53,67.48466257668711,32.515337423312886,7831.96875,-9439.706250000005,1253.2124999999996,1718.5125000000003,-2076.55625,2815.4777813087826,1314.0039428144419,2328.051654251834,20048.49375,237.38213254436826,2024-01-15,196,2023-09-04,0.7120766616034346,0.00910939236111111,0.14850736111111112,0.30483217955989744,0.4374047937327073,0.6367342778513914,0.2436118349982617,1.4294063597511477
"NIFTY_candle_5T_short_0_long_0,33_entry_09,30_exit_15,00_premium_1st_week_short_sl_3_short_pt_0,3_lots_4_exit_3_4th_Monday.csv",81324.72499999999,22901.100000000006,30.515412541232152,2033.118124999999,1212.9414062499995,863.9250000000002,2033.118124999999,180000,45.18040277777776,40.08096801840896,2024-01-15,217,2023-09-04,163,112,51,68.71165644171779,31.288343558282207,8272.075,-10750.287499999997,1422.65,1942.8249999999994,-2516.025,3219.4081602253664,1351.6239306119428,2669.2939555936414,22901.1,174.41829247743,2024-01-15,217,2023-09-04,0.5593681886819152,0.006738563368055553,0.12722833333333336,0.2250621962838195,0.3315620218097912,0.6697584344103559,0.1820194060626356,1.410398797741842
"NIFTY_candle_5T_short_0_long_0,33_entry_09,30_exit_15,00_premium_1st_week_short_sl_2_short_pt_0,2_lots_1_exit_full_Monday.csv",13120.412500000002,5489.15,563.4159171681143,328.01031249999994,593.0484375000003,1110.1875,328.01031249999994,45000,29.156472222222217,25.98659811068319,2022-02-07,273,2021-09-06,163,80,83,49.079754601226995,50.920245398773005,1771.8625000000002,-2480.2875,-8.787500000000023,437.4687499999999,-233.35624999999996,523.4357835323473,363.6077015811543,323.3936689263847,2013.2062499999993,31.08475731031679,2024-06-03,126,2024-03-04,0.5968277398279423,0.013178854166666674,0.12198111111111111,0.4417551297695747,0.30546211956352765,0.141371929466925,0.19712809451836963,1.4041070694578792
"NIFTY_candle_5T_short_0_long_500_entry_09,30_exit_15,00_premium_1st_week_short_sl_3_short_pt_0,3_lots_4_exit_3_4th_Monday.csv",126198.625,31224.550000000003,28.01676678487042,3154.9656250000007,1983.0281249999998,1895.7218750000002,3154.9656250000007,180000,70.11034722222223,59.74619190809023,2024-01-15,217,2023-09-04,162,108,54,66.66666666666667,33.333333333333336,9853.7,-14365.0125,1805.3125000000002,2588.2625,-2522.1749999999993,3929.0583464986585,1635.6788701841272,3315.58882354035,31224.549999999996,183.8973399286044,2024-01-15,217,2023-09-04,0.7886881528958007,0.011016822916666665,0.17346972222222223,0.3690104496766495,0.561568619323461,0.6147181734787486,0.27451180893423605,1.3893127260267988
"NIFTY_candle_5T_short_0_long_500_entry_09,30_exit_15,00_premium_1st_week_short_sl_2,5_short_pt_0,1_lots_3_exit_2_3rd_Monday.csv",106424.03125,24532.612500000003,26.98195883641009,2660.6007812499984,1602.9039062500003,2829.3046875,2660.6007812499984,135000,78.83261574074069,66.7098905874183,2024-01-15,196,2023-09-04,162,109,53,67.28395061728395,32.71604938271605,9174.43125,-12497.3875,1150.0437500000003,1919.83125,-1571.4437499999997,3215.50610453433,1761.3516212739414,2920.021105679053,24532.612499999996,241.82659193151108,2024-01-15,196,2023-09-04,0.7724604376533979,0.01187336226851852,0.18172305555555557,0.3978299596339937,0.6026210436506702,0.6313321781673632,0.2679666292285301,1.3788416342955352
"NIFTY_candle_5T_short_0_long_0,33_entry_09,30_exit_15,00_premium_1st_week_short_sl_2,5_short_pt_0,1_lots_3_exit_2_3rd_Monday.csv",70674.6875,18155.425000000003,29.686521635201792,1766.8671874999993,1059.90703125,2176.468750000002,1766.8671874999993,135000,52.351620370370355,46.14572908533929,2024-01-15,189,2023-09-11,163,105,58,64.41717791411043,35.58282208588957,7831.96875,-8821.08125,1009.8187499999998,1533.6749999999995,-1374.8281250000005,2662.1115292558343,1431.0067642894112,2287.567911187384,18155.425000000003,243.9931695607,2024-01-15,189,2023-09-11,0.5953341017067814,0.007851163194444444,0.13448462962962965,0.2624972326377592,0.36765514231861723,0.5541738864539802,0.19652566036345254,1.3684546939095847
"NIFTY_candle_5T_short_0_long_0,33_entry_09,30_exit_15,00_premium_1st_week_short_sl_2,5_short_pt_0,2_lots_4_exit_3_4th_Monday.csv",79940.61249999997,25938.024999999998,478.1797735202075,1998.515312499999,1869.6218750000003,2290.081249999999,1998.515312499999,180000,44.41145138888887,38.817800889369494,2022-01-24,322,2021-07-05,163,100,63,61.34969325153374,38.65030674846626,9372.975,-11409.6375,1217.3249999999998,1928.4250000000002,-1660.9500000000005,3206.054723274864,1688.4366953985066,2537.836886234652,18044.2625,148.42785079286085,2024-01-15,182,2023-09-04,0.5747080596121271,0.010386788194444446,0.14410013888888887,0.3478120168068701,0.41548308653105465,0.47161349505656935,0.18820648849542454,1.3563421662995245
"NIFTY_candle_5T_short_0_long_0,5_entry_09,30_exit_15,00_premium_1st_week_short_sl_2,5_short_pt_0,1_lots_3_exit_2_3rd_Monday.csv",48711.89374999999,14685.600000000002,35.31416312715363,1217.7973437499993,761.1402343749999,2523.6515624999997,1217.7973437499993,135000,36.08288425925924,32.54280555377404,2024-01-15,210,2023-09-04,163,102,61,62.576687116564415,37.423312883435585,5952.656250000001,-6969.224999999999,773.3500000000001,1168.4906249999995,-877.7312499999998,2016.3971214445648,1040.488300387817,1701.12128571772,14685.599999999999,290.6927919892022,2024-01-15,210,2023-09-04,0.4778009366963346,0.005638075810185184,0.10878222222222224,0.1880346947879349,0.23981029557552072,0.5046376516155336,0.1491206082730847,1.3496638332932658
"NIFTY_candle_5T_short_0_long_500_entry_09,30_exit_15,00_premium_1st_week_short_sl_2,5_short_pt_0,2_lots_3_exit_2_3rd_Monday.csv",90723.48125000001,23516.012499999997,30.4138535831294,2268.08703125,1556.7515624999999,1901.3296875000005,2268.08703125,135000,67.20257870370371,57.233007454057685,2024-01-15,210,2023-09-04,162,109,53,67.28395061728395,32.71604938271605,8318.212500000001,-12687.5875,1156.921875,1759.1812499999994,-1654.7687500000002,3138.0680878104677,1578.7887274412653,2977.8498257644933,23516.0125,204.40508100555323,2024-01-15,210,2023-09-04,0.6256484175697801,0.011531493055555555,0.17419268518518516,0.38632727366189645,0.5651646672630908,0.6313321781673632,0.20875243671582583,1.345581132198313
"NIFTY_candle_5T_short_0_long_0,33_entry_09,30_exit_15,00_premium_1st_week_short_sl_2_short_pt_0,2_lots_4_exit_3_4th_Monday.csv",52111.73749999999,19784.325,379.4034523344368,1302.7934375,1154.2757812500004,2995.503125,1302.7934375,180000,28.95096527777778,26.08399708035152,2022-01-17,322,2021-07-05,163,105,58,64.41717791411043,35.58282208588957,7087.450000000001,-8622.037499999999,514.0500000000011,1505.9249999999995,-1604.2687500000002,2525.547598679051,1388.840501483083,2166.5950344651983,13776.2375,128.1844340851571,2024-01-15,175,2023-09-11,0.35207014941224923,0.006412643229166668,0.10991291666666667,0.2140961400627017,0.2454344169145051,0.5541738864539802,0.09840918124705975,1.3441578476222467
"NIFTY_candle_5T_short_0_long_0,5_entry_09,30_exit_15,00_premium_1st_week_short_sl_2,5_short_pt_0,2_lots_4_exit_3_4th_Monday.csv",55592.56249999999,21275.1625,566.9766915064077,1389.8140624999992,1402.5367187499996,2743.3937499999993,1389.8140624999992,180000,30.884756944444423,27.620180160083084,2022-01-17,336,2021-07-05,163,100,63,61.34969325153374,38.65030674846626,7059.724999999999,-9647.062499999998,960.7,1514.5125000000003,-1078.1000000000008,2430.628625843038,1224.3028917547697,1958.928459879528,14896.800000000003,163.69570233948332,2024-01-15,210,2023-09-04,0.43381577219632744,0.00779187065972222,0.11819534722222222,0.2605022492302498,0.286631572038977,0.47161349505656935,0.13137992193879852,1.341057346658356
"NIFTY_candle_5T_short_0_long_0,33_entry_09,30_exit_15,00_premium_1st_week_short_sl_2_short_pt_0,2_lots_3_exit_2_3rd_Monday.csv",38991.325000000004,15093.250000000004,336.09829147854754,974.7831250000002,561.2273437499996,1885.3156249999997,974.7831250000002,135000,28.882462962962965,25.978066968368,2022-01-17,308,2021-07-12,163,115,48,70.5521472392638,29.447852760736197,5315.587500000001,-8439.806250000001,603.6249999999993,1106.0875,-1458.1531249999998,2142.9704896686576,1023.0415195861987,2084.412653721281,14120.625,179.3856915436317,2024-01-15,203,2023-09-11,0.2733542823119846,0.0041572395833333305,0.11180185185185187,0.1382098101604106,0.25483005933156705,0.7192946692488026,0.06666044224309566,1.3096875276963404
"NIFTY_candle_5T_short_0_long_500_entry_09,30_exit_15,00_premium_1st_week_short_sl_2_short_pt_0,2_lots_3_exit_2_3rd_Monday.csv",64656.00624999999,19889.993749999994,32.43765198783629,1616.4001562500002,876.8648437499996,2065.770312499999,1616.4001562500002,135000,47.89333796296297,41.743178293594575,2024-01-15,203,2023-09-11,162,117,45,72.22222222222223,27.77777777777778,6864.75,-12046.237500000005,755.5812500000002,1328.6437499999995,-1637.8687500000003,2652.8983265990773,1248.6121234518723,2784.5783932311047,19889.99375,186.03655610122817,2024-01-15,203,2023-09-11,0.43503898442749295,0.006495295138888886,0.147333287037037,0.2168770835536027,0.43156490030615646,0.7642442156762821,0.13187328429767672,1.299307575383264
"NIFTY_candle_5T_short_0_long_0,33_entry_09,30_exit_15,00_premium_1st_week_short_sl_2,5_short_pt_0,2_lots_3_exit_2_3rd_Monday.csv",57842.35,18897.375,417.07313035897545,1446.0587500000001,1080.6734374999999,1391.6781250000013,1446.0587500000001,135000,42.846185185185185,37.58501403938826,2022-01-17,322,2021-07-05,163,106,57,65.03067484662577,34.969325153374236,7029.731249999999,-8934.70625,954.7125,1419.5343750000002,-1455.6437499999995,2579.146400408075,1271.728658870895,2343.674983499133,16840.050000000003,194.2435058311088,2024-01-15,203,2023-09-11,0.44419928417108745,0.008004988425925924,0.13998055555555555,0.2676729058637315,0.3949921071629653,0.5706859647334628,0.1355679392188633,1.293591720286361
"NIFTY_candle_5T_short_0_long_0,5_entry_09,30_exit_15,00_premium_1st_week_short_sl_2,5_short_pt_0,2_lots_3_exit_2_3rd_Monday.csv",40036.44374999999,16045.062500000005,500.8672273891676,1000.9110937500005,849.9222656249992,1938.239062499999,1000.9110937500005,135000,29.656625000000016,26.50629096201009,2022-01-17,329,2021-07-05,163,104,59,63.80368098159509,36.19631901840491,5294.793750000001,-6969.224999999999,749.4937500000002,1078.9125000000001,-690.5687499999999,1947.0249189401527,905.252840209321,1747.645318807419,13599.125000000004,207.40036087697115,2024-01-15,217,2023-09-04,0.34097942376353874,0.006295720486111106,0.11885231481481486,0.21016210463228682,0.28989935625307284,0.5376618081744982,0.09393592106513263,1.2830295735315955
"NIFTY_candle_5T_short_0_long_0,5_entry_09,30_exit_15,00_premium_1st_week_short_sl_3_short_pt_0,3_lots_3_exit_2_3rd_Monday.csv",38133.831249999996,15756.7375,41.60739185837354,953.3457812500003,433.74492187499936,1054.9984374999985,953.3457812500003,135000,28.247282407407415,25.29494328570224,2024-01-15,231,2023-09-04,163,117,46,71.77914110429448,28.220858895705522,4643.343750000001,-6818.612499999999,828.0062499999949,1039.6312500000006,-2016.9656249999998,1946.2183212440539,735.4447323079827,1833.0369804734728,15756.737500000003,236.01599354416527,2024-01-15,231,2023-09-04,0.29914605493030605,0.0032129253472222177,0.11671657407407407,0.10643698679668831,0.2792760927060052,0.752318825807767,0.07706312581216127,1.2803834328067278
"NIFTY_candle_5T_short_0_long_0,5_entry_09,30_exit_15,00_premium_1st_week_short_sl_2_short_pt_0,2_lots_1_exit_full_Monday.csv",8971.58125,4484.506250000001,612.1043831362716,224.28953124999998,424.97851562500006,970.5421875,224.28953124999998,45000,19.936847222222223,18.130081372692285,2022-02-07,280,2021-09-06,163,78,85,47.852760736196316,52.147239263803684,1253.7750000000003,-2007.45,-20.149999999999977,348.3312500000002,-186.7187500000001,400.6079755591732,258.05733039695787,255.16819754195166,1533.0437500000007,34.68954534912006,2024-06-03,126,2024-03-04,0.34992421512606436,0.00944396701388889,0.09965569444444447,0.31608942946482876,0.19441456565216944,0.10834777290796045,0.09754365425635834,1.2733924045229978
"NIFTY_candle_5T_short_0_long_0,5_entry_09,30_exit_15,00_premium_1st_week_short_sl_3_short_pt_0,2_lots_2_exit_Half_Monday.csv",29500.512499999997,12494.850000000004,45.104566147615024,737.5128124999994,413.10781249999934,1127.0874999999992,737.5128124999994,90000,32.778347222222195,28.782433946681216,2024-01-15,224,2023-09-11,163,123,40,75.4601226993865,24.539877300613497,3529.8625,-5513.237500000001,617.6374999999999,753.1875000000002,-2248.093750000001,1574.5237576366753,579.7488158117279,1585.8364317420271,12494.850000000002,259.70474987918755,2024-01-15,224,2023-09-11,0.294805191217887,0.004590086805555549,0.13883166666666671,0.15277358332958493,0.38927748589824634,0.8513912954846602,0.07531231045390795,1.2645040556275766
"NIFTY_candle_5T_short_0_long_0,5_entry_09,30_exit_15,00_premium_1st_week_short_sl_2_short_pt_0,2_lots_3_exit_2_3rd_Monday.csv",25834.043750000004,13493.331250000003,421.6303677027755,645.8510937500002,472.3800781249995,2328.035937499999,645.8510937500002,135000,19.13632870370371,17.397443732005982,2022-01-17,322,2021-07-12,163,109,54,66.87116564417178,33.12883435582822,3761.3250000000016,-5628.45,392.1187500000019,893.5875000000002,-1141.15625,1615.1375047591148,780.1570436430238,1524.3255896710757,10882.581250000003,185.57696611849474,2024-01-15,315,2023-09-11,0.15800501899464392,0.0034991116898148112,0.09995060185185187,0.11606614175865401,0.19588144740008445,0.6202221995719094,0.020136230667085933,1.25043202481161
"NIFTY_candle_5T_short_0_long_0,33_entry_09,30_exit_15,00_premium_1st_week_short_sl_2,5_short_pt_0,3_lots_4_exit_3_4th_Monday.csv",59228.89999999999,20766.21250000001,37.82822815656676,1480.7225,926.9749999999989,1061.5062499999995,1480.7225,180000,32.904944444444446,29.50142818478482,2024-01-15,217,2023-09-04,163,100,63,61.34969325153374,38.65030674846626,8272.075,-9507.0375,1131.6,1815.8000000000002,-1586.275,2935.6034500751057,1434.7971898237743,2384.3306248257904,20766.21250000001,197.79652864262744,2024-01-15,217,2023-09-04,0.39454364684374804,0.005149861111111105,0.11536784722222226,0.1716080024814257,0.27256746907631363,0.47161349505656935,0.11554016174963823,1.250387442683035
"NIFTY_candle_5T_short_0_long_0,5_entry_09,30_exit_15,00_premium_1st_week_short_sl_2_short_pt_0,2_lots_4_exit_3_4th_Monday.csv",34805.625,17298.5,469.8460984793184,870.1406249999997,897.35859375,3298.578125,870.1406249999997,180000,19.33645833333333,17.641099653570606,2022-01-17,266,2021-09-06,163,98,65,60.122699386503065,39.877300613496935,5015.100000000001,-7635.899999999998,297.6750000000004,1259.8999999999999,-926.4125,1922.4113537230112,1034.653678800516,1617.1931849039106,10657.799999999997,135.36077727857244,2024-01-15,175,2023-09-11,0.20414420990749854,0.004985325520833333,0.09610277777777777,0.16607196368519778,0.1767422099252856,0.4385893384976048,0.03874570781710472,1.2473701308258194
"NIFTY_candle_5T_short_0_long_0,5_entry_09,30_exit_15,00_premium_1st_week_short_sl_3_short_pt_0,1_lots_2_exit_Half_Monday.csv",36520.9125,13069.349999999999,37.98464989242718,913.0228125000001,341.6023437499999,1525.5687499999997,913.0228125000001,90000,40.578791666666675,35.43333930018963,2024-01-15,217,2023-09-11,163,120,43,73.61963190184049,26.380368098159508,3968.4375,-5475.362499999999,646.3624999999998,810.2625000000002,-2100.0999999999995,1623.7894094376709,670.8623640898035,1537.5969150249923,13069.350000000002,389.93779183387284,2024-01-15,217,2023-09-11,0.41819985863430803,0.003795581597222221,0.14521499999999998,0.12604130218777873,0.421028452209476,0.8018550606462137,0.1250815022903494,1.231021882591759
"NIFTY_candle_5T_short_0_long_500_entry_09,30_exit_15,00_premium_1st_week_short_sl_2,5_short_pt_0,3_lots_4_exit_3_4th_Monday.csv",97599.01249999998,28342.26250000001,32.4511454030737,2439.9753124999993,1516.0406249999992,1755.2687499999997,2439.9753124999993,180000,54.2216736111111,46.84551820108989,2024-01-15,217,2023-09-04,162,97,65,59.876543209876544,40.123456790123456,9853.7,-13414.35,1409.35,2344.0999999999995,-1436.5750000000007,3587.3906416863106,1792.679727002455,2965.133253890747,28342.262500000004,202.50421775682324,2024-01-15,217,2023-09-04,0.6407723194250772,0.008422447916666662,0.15745701388888894,0.28171893646837254,0.48192074002687363,0.4319641219039855,0.2148524116054346,1.2306326689989262
"NIFTY_candle_5T_short_0_long_0,5_entry_09,30_exit_15,00_premium_1st_week_short_sl_2_short_pt_0,1_lots_2_exit_Half_Monday.csv",24974.7125,11315.7375,44.8230343295724,624.3678125000002,156.9999999999999,1696.6375,624.3678125000002,90000,27.749680555555567,24.65037822973948,2024-01-15,315,2023-09-11,163,124,39,76.07361963190183,23.926380368098158,3074.8999999999983,-4676.2,470.9374999999998,645.2874999999999,-1886.025000000001,1381.417235488138,582.4154129759073,1357.1370520622027,11315.7375,406.65328014662276,2024-01-15,315,2023-09-11,0.2611142418973305,0.0017444444444444432,0.12573041666666665,0.05702781498423703,0.32411132181704483,0.8679033737641424,0.06172362501883975,1.228591805068103
"NIFTY_candle_5T_short_0_long_0,5_entry_09,30_exit_15,00_premium_1st_week_short_sl_2,5_short_pt_0,3_lots_4_exit_3_4th_Monday.csv",38460.17499999999,17330.9,47.230834164814944,961.5043749999999,571.8460937499992,1629.7062499999986,961.5043749999999,180000,21.366763888888887,19.490193882458343,2024-01-15,231,2023-09-04,163,101,62,61.96319018404908,38.03680981595092,6191.124999999999,-7148.574999999999,864.6750000000004,1327.35,-1028.25,2200.2035522673727,1033.2923588634446,1798.4531275655695,17330.900000000005,234.72790313405753,2024-01-15,231,2023-09-04,0.23437050904437995,0.003176922743055551,0.09628277777777779,0.10522562691342281,0.17763753743484517,0.4881255733360516,0.05093698408330197,1.2225878602299054
"NIFTY_candle_5T_short_0_long_0,33_entry_09,30_exit_15,00_premium_1st_week_short_sl_2_short_pt_0,3_lots_1_exit_full_Monday.csv",8033.5875,4275.025,607.7118538657,200.83968750000005,384.24218750000006,832.7125000000001,200.83968750000005,45000,17.85241666666667,16.30356859281147,2022-03-28,343,2021-06-28,163,74,89,45.39877300613497,54.60122699386503,1482.75,-982.4625,-59.36875000000009,411.61249999999995,-239.35624999999985,449.8959712376739,305.7872016312523,210.37305494077938,2331.08125,49.70421850116941,2024-06-03,147,2024-03-04,0.31296635169620013,0.008538715277777779,0.09500055555555555,0.2856309206218286,0.17125971060748924,0.04229945979003158,0.08263731321733594,1.218158253126691
"NIFTY_candle_5T_short_0_long_0,5_entry_09,30_exit_15,00_premium_1st_week_short_sl_2,5_short_pt_0,2_lots_2_exit_Half_Monday.csv",24480.325,12319.362500000003,51.86030040118043,612.0081249999994,297.30781250000007,1133.084375,612.0081249999994,90000,27.200361111111086,23.925408057541407,2024-01-15,224,2023-09-11,163,123,40,75.4601226993865,24.539877300613497,3529.8625,-5179.937500000001,569.1874999999998,697.1125000000004,-2161.612500000001,1509.9953061668168,618.2704733254362,1548.0229495991257,12319.362500000001,305.57763859605603,2024-01-15,224,2023-09-11,0.22093220587496204,0.0033034201388888896,0.1368818055555556,0.10948181543636126,0.37957879538381295,0.8513912954846602,0.045516867457532646,1.201115535252411
"NIFTY_candle_5T_short_0_long_0,5_entry_09,30_exit_15,00_premium_1st_week_short_sl_2,5_short_pt_0,1_lots_2_exit_Half_Monday.csv",31095.52499999999,12699.437500000004,42.20913976372639,777.3881249999995,247.61484374999975,1523.359374999999,777.3881249999995,90000,34.55058333333331,30.278184337669806,2024-01-15,217,2023-09-11,163,120,43,73.61963190184049,26.380368098159508,3968.4375,-5142.062500000001,589.8625000000002,757.6312499999999,-1954.9124999999992,1553.4008738367809,699.164976908008,1514.5457530655785,12699.437500000004,430.0156607127742,2024-01-15,217,2023-09-11,0.33501010053542457,0.002751276041666664,0.14110486111111115,0.09090412572090145,0.40058444990207354,0.8018550606462137,0.09152829357932601,1.1827754997212607
"NIFTY_candle_5T_short_0_long_500_entry_09,30_exit_15,00_premium_1st_week_short_sl_2_short_pt_0,3_lots_4_exit_3_4th_Monday.csv",58449.17499999999,22483.262500000004,37.52499877952965,1461.2293750000001,690.1874999999995,2095.512499999999,1461.2293750000001,180000,32.47176388888889,28.866176037636684,2024-01-15,315,2023-09-11,162,104,58,64.19753086419753,35.80246913580247,7749.1,-12452.325,511.5187500000002,1773.631249999999,-1526.8249999999994,2911.904160557586,1533.5389761893907,2703.9905347419954,22483.262499999997,179.7330975078442,2024-01-15,315,2023-09-11,0.34069252949064033,0.0038343749999999975,0.12490701388888892,0.1273465625418025,0.3200156820481998,0.5482621547242892,0.09382020702008018,1.1752821648758274
"NIFTY_candle_5T_short_0_long_0,33_entry_09,30_exit_15,00_premium_1st_week_short_sl_3_short_pt_0,3_lots_3_exit_2_3rd_Monday.csv",55623.49999999999,20312.50625,36.31135919520646,1390.5874999999996,551.6492187499996,325.6906249999997,1390.5874999999996,135000,41.20259259259259,35.81392210004337,2024-01-15,224,2023-09-04,163,114,49,69.93865030674847,30.061349693251532,6204.05625,-9682.10625,1072.63125,1444.7812499999995,-2048.4375,2607.3932007832254,1015.3983457194732,2504.738271484705,20312.506250000006,222.17185568814472,2024-01-15,224,2023-09-04,0.3934892165063556,0.0040862905092592565,0.15046300925925926,0.13582262556425465,0.4471322692107967,0.7027825909693204,0.11511487476731874,1.155196526605437
"NIFTY_candle_5T_short_0_long_0,5_entry_09,30_exit_15,00_premium_1st_week_short_sl_2_short_pt_0,2_lots_2_exit_Half_Monday.csv",16862.462499999994,11107.362499999997,55.651489350242336,421.56156249999987,47.40156249999984,1357.4937499999994,421.56156249999987,90000,18.73606944444444,16.677779029197794,2024-01-15,329,2023-09-11,163,124,39,76.07361963190183,23.926380368098158,3074.8999999999983,-4714.075000000001,454.7000000000001,599.35,-1941.5750000000005,1357.441124247787,532.8304869811235,1390.3748712260665,11107.3625,288.1474155262987,2024-01-15,329,2023-09-11,0.1090076968712396,0.000526684027777776,0.12341513888888886,0.016054497905566786,0.31259503355751034,0.8679033737641424,0.0003739737131269001,1.1377851249432545
"NIFTY_candle_5T_short_0_long_0,33_entry_09,30_exit_15,00_premium_1st_week_short_sl_2_short_pt_0,3_lots_4_exit_3_4th_Monday.csv",30477.94999999999,16602.362500000003,47.806900563198916,761.9487499999993,319.0507812499999,1885.6031250000005,761.9487499999993,180000,16.93219444444443,15.502331514454712,2024-01-15,539,2023-02-06,163,99,64,60.736196319018404,39.263803680981596,5931.0,-8764.6875,387.787499999999,1454.45,-1202.1124999999997,2338.3235217789215,1203.6663922467103,2053.5505625872306,16336.5875,179.73921917032035,2024-01-15,322,2023-09-11,0.10808048949151294,0.0017725043402777771,0.09223534722222224,0.057971930914955706,0.15750544899362004,0.45510141677708704,0.0,1.1280171903098792
"NIFTY_candle_5T_short_0_long_0,33_entry_09,30_exit_15,00_premium_1st_week_short_sl_2_short_pt_0,1_lots_2_exit_Half_Monday.csv",37267.1375,14632.824999999997,37.65967043212111,931.6784375000001,161.4796874999996,1235.1968749999983,931.6784375000001,90000,41.40793055555556,35.61706137629372,2024-01-15,315,2023-09-11,163,127,36,77.91411042944786,22.085889570552148,3930.05,-8210.875000000002,638.5374999999999,843.4999999999999,-2370.6499999999996,1861.6327329861494,754.5835447919884,1964.5946482980985,14632.825,350.7420069092183,2024-01-15,315,2023-09-11,0.3368015066483068,0.0017942187499999957,0.1625869444444444,0.0587025437535303,0.5074372286297547,0.9174396086025892,0.09225082751337467,1.1022359469384448
"NIFTY_candle_5T_short_0_long_0,5_entry_09,30_exit_15,00_premium_1st_week_short_sl_2,5_short_pt_0,3_lots_3_exit_2_3rd_Monday.csv",26638.28125,15424.699999999995,54.548416307995005,665.95703125,226.9042968749999,1102.9734374999994,665.95703125,135000,19.732060185185187,17.708714891902726,2024-01-15,322,2023-09-04,163,104,59,63.80368098159509,36.19631901840491,4643.343750000001,-6152.012499999999,665.5312500000005,984.6187499999996,-615.04375,1797.0443066292678,758.7076867442047,1682.2512484003698,15424.699999999999,292.7294228444887,2024-01-15,322,2023-09-04,0.1551236959985261,0.0016807725694444435,0.114257037037037,0.054885482315460046,0.26704225287245126,0.5376618081744982,0.018974096841216457,1.0756482303714745
"NIFTY_candle_5T_short_0_long_0,33_entry_09,30_exit_15,00_premium_1st_week_short_sl_3_short_pt_0,2_lots_2_exit_Half_Monday.csv",42004.212499999994,16366.337499999994,39.1617287299829,1050.1053124999999,396.20703124999955,444.037499999999,1050.1053124999999,90000,46.67134722222221,39.490137093420174,2024-01-15,217,2023-09-11,163,124,39,76.07361963190183,23.926380368098158,4686.4875,-8843.387500000004,792.6875000000001,964.2125000000002,-2335.437499999999,2109.4320473333137,786.7554992128106,2228.3893788649557,16366.337500000001,267.1286425742797,2024-01-15,217,2023-09-11,0.35007585294512195,0.004402300347222217,0.1818481944444444,0.14645523532363378,0.6032434897047694,0.8679033737641424,0.0976048148548214,1.074768247355757
"NIFTY_candle_5T_short_0_long_0,33_entry_09,30_exit_15,00_premium_1st_week_short_sl_3_short_pt_0,1_lots_2_exit_Half_Monday.csv",51153.549999999996,17079.550000000003,34.17345285019708,1278.83875,378.5226562499997,983.0124999999994,1278.83875,90000,56.837277777777764,47.771539943901516,2024-01-15,210,2023-09-11,163,123,40,75.4601226993865,24.539877300613497,5221.3125,-8767.637500000003,855.6875,1038.0,-2298.9937499999996,2159.8549094404216,893.33829109349,2148.925849044939,17079.55,349.8608354991103,2024-01-15,210,2023-09-11,0.4694618711242943,0.004205807291666664,0.18977277777777782,0.13984394121450835,0.6426606978166028,0.8513912954846602,0.14575718452973171,1.0686360756699673
"NIFTY_candle_5T_short_0_long_0,33_entry_09,30_exit_15,00_premium_1st_week_short_sl_2,5_short_pt_0,1_lots_2_exit_Half_Monday.csv",45436.91249999999,16260.187499999993,35.98705277791223,1135.9228125000004,297.9492187499999,1016.4687499999995,1135.9228125000004,90000,50.485458333333355,42.76005300668229,2024-01-15,210,2023-09-11,163,123,40,75.4601226993865,24.539877300613497,5221.3125,-8458.325000000003,755.3625000000004,986.5125,-2124.76875,2076.525516254595,927.9498796929753,2117.1961708233603,16260.187500000002,360.2397693694493,2024-01-15,210,2023-09-11,0.40899507775099053,0.003310546874999999,0.1806687499999999,0.1097216048189196,0.5973768838319456,0.8513912954846602,0.12136890663945117,1.0594092753687552
"NIFTY_candle_5T_short_0_long_0,33_entry_09,30_exit_15,00_premium_1st_week_short_sl_2,5_short_pt_0,2_lots_2_exit_Half_Monday.csv",35744.087499999994,15824.724999999995,43.41778685474508,893.6021874999994,291.725,493.27500000000055,893.6021874999994,90000,39.71565277777775,33.77668829283515,2024-01-15,217,2023-09-11,163,126,37,77.30061349693251,22.699386503067483,4686.4875,-8534.075,720.4375000000002,898.9749999999999,-2773.2,2025.9033152643312,832.1073207585964,2150.553101229325,15824.725000000002,294.62863579451044,2024-01-15,217,2023-09-11,0.28997293168140276,0.003241388888888889,0.1758302777777777,0.10739468397745462,0.5733101211386404,0.9009275303231068,0.07336329874286578,1.0579116267432334
"NIFTY_candle_5T_short_0_long_500_entry_09,30_exit_15,00_premium_1st_week_short_sl_3_short_pt_0,3_lots_3_exit_2_3rd_Monday.csv",87490.59375,27977.300000000017,33.28293470084515,2187.26484375,960.4140624999999,755.9015624999997,2187.26484375,135000,64.80784722222224,53.68268694474629,2024-01-15,224,2023-09-04,162,114,48,70.37037037037037,29.62962962962963,7390.275000000002,-13335.6875,1353.9843750000005,1797.69375,-2237.1656249999996,3206.854149086495,1281.4369742266078,3169.845639241602,27977.300000000003,234.41341765098943,2024-01-15,224,2023-09-04,0.5622560359678632,0.0071141782407407395,0.2072392592592594,0.23770030396687383,0.7295397054031684,0.7144022016104373,0.1831841713525623,1.0485458707214865
"NIFTY_candle_5T_short_0_long_0,33_entry_09,30_exit_15,00_premium_1st_week_short_sl_2,5_short_pt_0,3_lots_3_exit_2_3rd_Monday.csv",41445.96250000001,18866.94374999999,44.00112119584894,1036.1490625000001,373.68828125000005,470.24687499999936,1036.1490625000001,135000,30.700712962962967,26.93623561363551,2024-01-15,224,2023-09-04,163,104,59,63.80368098159509,36.19631901840491,6204.05625,-9063.48125,852.4499999999999,1342.115625,-1024.1437499999995,2409.564863936406,1071.6937751239998,2299.016953407471,18866.94375,254.56738796781974,2024-01-15,224,2023-09-04,0.27452997315419847,0.002768061342592593,0.13975513888888882,0.09146889153828744,0.3938708752586324,0.5376618081744982,0.06713463763817724,1.0335635580050813
"NIFTY_candle_5T_short_0_long_0,5_entry_09,30_exit_15,00_premium_1st_week_short_sl_3_short_pt_0,2_lots_3_exit_1_3rd_Monday.csv",37698.39375,23863.606249999997,56.740682729073534,942.4598437500005,139.7144531250002,1440.814062500001,942.4598437500005,135000,27.924736111111123,23.7300377599857,2024-01-15,315,2023-09-11,163,132,31,80.98159509202453,19.01840490797546,5294.793750000001,-9853.6625,971.2687499999996,1155.6468750000001,-4600.55,2714.960597760051,906.9496981343108,2619.483108415464,23863.60625,361.87958252140095,2024-01-15,315,2023-09-11,0.20517782383224134,0.0010349218750000016,0.17676745370370367,0.03315489809973498,0.577971673292965,1.0,0.03916259884475133,0.9943458236515214
"NIFTY_candle_5T_short_0_long_0,5_entry_09,30_exit_15,00_premium_1st_week_short_sl_3_short_pt_0,1_lots_3_exit_1_3rd_Monday.csv",49641.731250000004,24067.593749999985,45.37130378719541,1241.0432812499998,67.2144531250002,2038.5359375000012,1241.0432812499998,135000,36.771652777777774,31.207947564743996,2024-01-15,315,2023-09-11,163,129,34,79.14110429447852,20.858895705521473,5952.656250000001,-9796.85,1044.2687500000002,1216.8937500000004,-4408.696875,2783.473296838494,1038.219828600275,2650.6331917346247,24067.593750000004,537.277042336842,2024-01-15,315,2023-09-11,0.3154126658705566,0.0004978848379629645,0.17827847222222212,0.015085507355585679,0.5854875424434282,0.9504637651615535,0.08362399345226766,0.988453840945202
"NIFTY_candle_5T_short_0_long_0,5_entry_09,30_exit_15,00_premium_1st_week_short_sl_2,5_short_pt_0,2_lots_3_exit_1_3rd_Monday.csv",33404.531250000015,23651.50625,61.33273841340494,835.1132812500003,42.00117187499984,1461.0140625000008,835.1132812500003,135000,24.74409722222223,21.05528780632047,2024-01-15,315,2023-09-11,163,132,31,80.98159509202453,19.01840490797546,5294.793750000001,-9520.3625,909.55,1058.109375,-4480.6125,2647.2715737388044,929.3653859047952,2567.365090136512,23651.506250000002,405.6792550728117,2024-01-15,315,2023-09-11,0.16753101571040305,0.0003111197916666655,0.1751963425925926,0.008801526240435424,0.5701569010798965,1.0,0.023978383394642432,0.9626230085551815
"NIFTY_candle_5T_short_0_long_500_entry_09,30_exit_15,00_premium_1st_week_short_sl_2,5_short_pt_0,3_lots_3_exit_2_3rd_Monday.csv",69089.50625,26029.26249999999,38.033844395634404,1727.2376562500012,664.06640625,678.2578124999995,1727.2376562500012,135000,51.17741203703707,42.90493862877874,2024-01-15,224,2023-09-04,162,109,53,67.28395061728395,32.71604938271605,7390.275000000002,-12701.9125,1061.859375,1628.2687499999995,-1641.2875,2971.273094779934,1378.3398014940065,2957.019911552438,26029.262500000004,261.00615056410464,2024-01-15,224,2023-09-04,0.4471520976522015,0.004919010416666667,0.19280935185185177,0.16384069573385196,0.6577647439462336,0.6313321781673632,0.13675890754574288,0.9585009484170428
"NIFTY_candle_5T_short_0_long_500_entry_09,30_exit_15,00_premium_1st_week_short_sl_2_short_pt_0,3_lots_3_exit_2_3rd_Monday.csv",43315.46875,22289.618749999998,43.55227485882881,1082.8867187500005,82.55156249999993,940.2265625,1082.8867187500005,135000,32.08553240740742,27.538669808111543,2024-01-15,336,2023-09-11,162,117,45,72.22222222222223,27.77777777777778,5811.824999999999,-12060.5625,633.8437500000005,1191.3187499999997,-1641.2875,2540.718076928419,1114.4126442419397,2802.26199461889,22289.61875,242.69113853243658,2024-01-15,336,2023-09-11,0.24190697374182998,0.000611493055555555,0.16510828703703703,0.01890802076500117,0.519978491875156,0.7642442156762821,0.05397669208000301,0.9350283288079893
"NIFTY_candle_5T_short_0_long_500_entry_09,30_exit_15,00_premium_1st_week_short_sl_2_short_pt_0,1_lots_2_exit_Half_Monday.csv",56932.649999999994,20459.67500000001,34.82889882712333,1423.3162499999994,268.4890624999998,1086.4093749999993,1423.3162499999994,90000,63.25849999999998,51.54156935551366,2024-01-15,273,2023-09-11,162,128,34,79.01234567901234,20.987654320987655,5067.775,-11532.45,838.8000000000002,1071.75,-2727.64375,2320.6150088423465,874.1443514105569,2758.435480023759,20459.675,335.04406120464665,2024-01-15,273,2023-09-11,0.41810521157814656,0.0029832118055555536,0.22732972222222234,0.09870794120516216,0.8294705063505389,0.9469982672510447,0.12504332797055517,0.8677798964507009
"NIFTY_candle_5T_short_0_long_500_entry_09,30_exit_15,00_premium_1st_week_short_sl_3_short_pt_0,1_lots_2_exit_Half_Monday.csv",76289.0875,23545.225000000006,32.116566540640974,1907.2271875000013,619.4460937499999,1121.3062499999996,1907.2271875000013,90000,84.76565277777783,67.18828334700996,2024-01-15,217,2023-09-11,162,125,37,77.1604938271605,22.839506172839506,6116.287499999999,-12170.0125,1075.975,1307.55,-2945.2125,2656.0364710897625,1089.587212588016,2908.37164960901,23545.225,339.5705112257664,2024-01-15,217,2023-09-11,0.5629360290732108,0.0068827343749999995,0.2616136111111112,0.22991303910991118,1.0,0.8971562531852005,0.18345843528970063,0.8619496009922121
"NIFTY_candle_5T_short_0_long_500_entry_09,30_exit_15,00_premium_1st_week_short_sl_3_short_pt_0,2_lots_2_exit_Half_Monday.csv",64779.162500000006,23013.649999999987,36.15724098490464,1619.4790625000005,571.903125,479.43749999999955,1619.4790625000005,90000,71.97684722222225,57.31976845274886,2024-01-15,217,2023-09-11,162,128,34,79.01234567901234,20.987654320987655,5545.474999999999,-12296.812499999998,1028.6375,1220.86875,-3305.0750000000003,2611.293032066688,981.1378982534674,2945.0442105672805,23013.649999999994,286.9501112051458,2024-01-15,217,2023-09-11,0.45822030706970635,0.006354479166666667,0.2557072222222221,0.21213912574134647,0.9706213752534505,0.9469982672510447,0.14122308617938453,0.856239970292803
"NIFTY_candle_5T_short_0_long_500_entry_09,30_exit_15,00_premium_1st_week_short_sl_2,5_short_pt_0,1_lots_2_exit_Half_Monday.csv",68330.0875,22535.225000000006,33.52162251363174,1708.2521875000002,467.7578124999993,1035.2781249999994,1708.2521875000002,90000,75.92231944444445,60.71884381090453,2024-01-15,217,2023-09-11,162,126,36,77.77777777777777,22.22222222222222,6116.287499999999,-11853.125000000002,888.0562499999999,1208.56875,-3008.65625,2556.865007886906,1112.618160747455,2834.7357047580927,22535.225000000002,353.218076873342,2024-01-15,217,2023-09-11,0.5073672953305309,0.00519730902777777,0.25039138888888895,0.1732044565192627,0.9441801984780813,0.9137702578738152,0.16104570848673075,0.8469550954648197
"NIFTY_candle_5T_short_0_long_500_entry_09,30_exit_15,00_premium_1st_week_short_sl_2,5_short_pt_0,2_lots_2_exit_Half_Monday.csv",56318.175,22278.874999999993,39.07781007628712,1407.954375,407.21562500000005,416.6281249999997,1407.954375,90000,62.57575,50.159190675895175,2024-01-15,224,2023-09-11,162,127,35,78.39506172839506,21.604938271604937,5545.474999999999,-11979.925,918.65,1130.1249999999998,-3322.5125000000003,2511.858042057155,1004.3501201042286,2895.661610306727,22278.875,309.0489467806932,2024-01-15,224,2023-09-11,0.39298596595320423,0.004524618055555556,0.24754305555555547,0.150570792192855,0.9300124696462551,0.9303842625624302,0.1149118970062372,0.8006623508340522
"NIFTY_candle_5T_short_0_long_500_entry_09,30_exit_15,00_premium_1st_week_short_sl_2_short_pt_0,2_lots_2_exit_Half_Monday.csv",42961.762500000004,20496.225000000006,41.194612561143806,1074.0440624999999,4.457812499999818,535.3031249999999,1074.0440624999999,90000,47.735291666666654,38.88075135598524,2024-01-15,329,2023-09-11,162,128,34,79.01234567901234,20.987654320987655,4576.5,-11659.249999999998,801.45,990.2000000000002,-2783.65625,2294.2974624338876,805.1928481818805,2794.605807608538,20496.225,298.59651998142533,2024-01-15,329,2023-09-11,0.2877128718157408,4.953124999999798e-05,0.2277358333333334,0.0,0.8314905199600694,0.9469982672510447,0.07245174109316295,0.7144603547586159
