DateTime,CE pnl,PE pnl,PnL Combined
2022-08-26 09:25:00,0.0,0.0,0.0
2022-08-26 09:26:00,-2287.5,37.5,-2250.0
2022-08-26 09:27:00,-3562.5,825.0,-2737.5
2022-08-26 09:28:00,2100.0,-3787.5,-1687.5
2022-08-26 09:29:00,1837.5,-3975.0,-2137.5
2022-08-26 09:30:00,3150.0,-3937.5,-787.5
2022-08-26 09:31:00,-150.0,-975.0,-1125.0
2022-08-26 09:32:00,-937.5,-1537.5,-2475.0
2022-08-26 09:33:00,-1950.0,337.5,-1612.5
2022-08-26 09:34:00,1350.0,-2775.0,-1425.0
2022-08-26 09:35:00,1912.5,-3562.5,-1650.0
2022-08-26 09:36:00,2512.5,-4050.0,-1537.5
2022-08-26 09:37:00,1162.5,-2400.0,-1237.5
2022-08-26 09:38:00,2437.5,-4350.0,-1912.5
2022-08-26 09:39:00,6112.5,-7575.0,-1462.5
2022-08-26 09:40:00,5437.5,-6787.5,-1350.0
2022-08-26 09:41:00,7312.5,-9262.5,-1950.0
2022-08-26 09:42:00,7200.0,-9000.0,-1800.0
2022-08-26 09:43:00,7462.5,-10050.0,-2587.5
2022-08-26 09:44:00,7687.5,-9862.5,-2175.0
2022-08-26 09:45:00,8100.0,-10462.5,-2362.5
2022-08-26 09:46:00,9712.5,-13350.0,-3637.5
2022-08-26 09:47:00,9487.5,-12487.5,-3000.0
2022-08-26 09:48:00,8737.5,-10575.0,-1837.5
2022-08-26 09:49:00,6337.5,-8250.0,-1912.5
2022-08-26 09:50:00,8662.5,-10500.0,-1837.5
2022-08-26 09:51:00,3937.5,-5362.5,-1425.0
2022-08-26 09:52:00,3750.0,-4537.5,-787.5
2022-08-26 09:53:00,3375.0,-4012.5,-637.5
2022-08-26 09:54:00,2475.0,-3637.5,-1162.5
2022-08-26 09:55:00,900.0,-1087.5,-187.5
2022-08-26 09:56:00,2212.5,-3112.5,-900.0
2022-08-26 09:57:00,1012.5,-1725.0,-712.5
2022-08-26 09:58:00,1425.0,-2025.0,-600.0
2022-08-26 09:59:00,3262.5,-4275.0,-1012.5
2022-08-26 10:00:00,1912.5,-2175.0,-262.5
2022-08-26 10:01:00,3112.5,-4050.0,-937.5
2022-08-26 10:02:00,2812.5,-4087.5,-1275.0
2022-08-26 10:03:00,7987.5,-8512.5,-525.0
2022-08-26 10:04:00,7687.5,-8512.5,-825.0
2022-08-26 10:05:00,10012.5,-11325.0,-1312.5
2022-08-26 10:06:00,8625.0,-10050.0,-1425.0
2022-08-26 10:07:00,6562.5,-7425.0,-862.5
2022-08-26 10:08:00,8700.0,-10350.0,-1650.0
2022-08-26 10:09:00,9750.0,-11925.0,-2175.0
2022-08-26 10:10:00,8100.0,-9825.0,-1725.0
2022-08-26 10:11:00,5175.0,-5175.0,0.0
2022-08-26 10:12:00,5062.5,-5700.0,-637.5
2022-08-26 10:13:00,6862.5,-7350.0,-487.5
2022-08-26 10:14:00,8625.0,-10575.0,-1950.0
2022-08-26 10:15:00,9825.0,-12037.5,-2212.5
2022-08-26 10:16:00,12750.0,-15450.0,-2700.0
2022-08-26 10:17:00,11962.5,-14212.5,-2250.0
2022-08-26 10:18:00,9637.5,-11850.0,-2212.5
2022-08-26 10:19:00,8212.5,-9000.0,-787.5
2022-08-26 10:20:00,11400.0,-13575.0,-2175.0
2022-08-26 10:21:00,13200.0,-16950.0,-3750.0
2022-08-26 10:22:00,14100.0,-17850.0,-3750.0
2022-08-26 10:23:00,14775.0,-17625.0,-2850.0
2022-08-26 10:24:00,14475.0,-18525.0,-4050.0
2022-08-26 10:25:00,13425.0,-16950.0,-3525.0
2022-08-26 10:26:00,10125.0,-12937.5,-2812.5
2022-08-26 10:27:00,14475.0,-17662.5,-3187.5
2022-08-26 10:28:00,10650.0,-13350.0,-2700.0
2022-08-26 10:29:00,11775.0,-14475.0,-2700.0
2022-08-26 10:30:00,12937.5,-15300.0,-2362.5
2022-08-26 10:31:00,10350.0,-12450.0,-2100.0
2022-08-26 10:32:00,8962.5,-10012.5,-1050.0
2022-08-26 10:33:00,10612.5,-12412.5,-1800.0
2022-08-26 10:34:00,9150.0,-11100.0,-1950.0
2022-08-26 10:35:00,12600.0,-15337.5,-2737.5
2022-08-26 10:36:00,12187.5,-14587.5,-2400.0
2022-08-26 10:37:00,13312.5,-15975.0,-2662.5
2022-08-26 10:38:00,12262.5,-15675.0,-3412.5
2022-08-26 10:39:00,14100.0,-17512.5,-3412.5
2022-08-26 10:40:00,14137.5,-17625.0,-3487.5
2022-08-26 10:41:00,13200.0,-17025.0,-3825.0
2022-08-26 10:42:00,15600.0,-19200.0,-3600.0
2022-08-26 10:43:00,18337.5,-22350.0,-4012.5
2022-08-26 10:44:00,15712.5,-19087.5,-3375.0
2022-08-26 10:45:00,18112.5,-23175.0,-5062.5
2022-08-26 10:46:00,16312.5,-21825.0,-5512.5
2022-08-26 10:47:00,12562.5,-19612.5,-7050.0
2022-08-26 10:48:00,12112.5,-19050.0,-6937.5
2022-08-26 10:49:00,18712.5,-23437.5,-4725.0
2022-08-26 10:50:00,21450.0,-24750.0,-3300.0
2022-08-26 10:51:00,18450.0,-22312.5,-3862.5
2022-08-26 10:52:00,15937.5,-21712.5,-5775.0
2022-08-26 10:53:00,17737.5,-22837.5,-5100.0
2022-08-26 10:54:00,14587.5,-20662.5,-6075.0
2022-08-26 10:55:00,11887.5,-18262.5,-6375.0
2022-08-26 10:56:00,13462.5,-18787.5,-5325.0
2022-08-26 10:57:00,15937.5,-21375.0,-5437.5
2022-08-26 10:58:00,16612.5,-21975.0,-5362.5
2022-08-26 10:59:00,17925.0,-22687.5,-4762.5
2022-08-26 11:00:00,17175.0,-22087.5,-4912.5
2022-08-26 11:01:00,21187.5,-24037.5,-2850.0
2022-08-26 11:02:00,16800.0,-21337.5,-4537.5
2022-08-26 11:03:00,19500.0,-23062.5,-3562.5
2022-08-26 11:04:00,17325.0,-20962.5,-3637.5
2022-08-26 11:05:00,13462.5,-19312.5,-5850.0
2022-08-26 11:06:00,17887.5,-22050.0,-4162.5
2022-08-26 11:07:00,14325.0,-20025.0,-5700.0
2022-08-26 11:08:00,12337.5,-17887.5,-5550.0
2022-08-26 11:09:00,14850.0,-20250.0,-5400.0
2022-08-26 11:10:00,17400.0,-21750.0,-4350.0
2022-08-26 11:11:00,19987.5,-23625.0,-3637.5
2022-08-26 11:12:00,23962.5,-26737.5,-2775.0
2022-08-26 11:13:00,21750.0,-25350.0,-3600.0
2022-08-26 11:14:00,20362.5,-24712.5,-4350.0
2022-08-26 11:15:00,22200.0,-25575.0,-3375.0
2022-08-26 11:16:00,18975.0,-23925.0,-4950.0
2022-08-26 11:17:00,17175.0,-22725.0,-5550.0
2022-08-26 11:18:00,16125.0,-22275.0,-6150.0
2022-08-26 11:19:00,13950.0,-20550.0,-6600.0
2022-08-26 11:20:00,16950.0,-22425.0,-5475.0
2022-08-26 11:21:00,15300.0,-21187.5,-5887.5
2022-08-26 11:22:00,13650.0,-20062.5,-6412.5
2022-08-26 11:23:00,11587.5,-18975.0,-7387.5
2022-08-26 11:24:00,13012.5,-19275.0,-6262.5
2022-08-26 11:25:00,9000.0,-16425.0,-7425.0
2022-08-26 11:26:00,9600.0,-16575.0,-6975.0
2022-08-26 11:27:00,9337.5,-16612.5,-7275.0
2022-08-26 11:28:00,13537.5,-19500.0,-5962.5
2022-08-26 11:29:00,13387.5,-19612.5,-6225.0
2022-08-26 11:30:00,12975.0,-19237.5,-6262.5
2022-08-26 11:31:00,10387.5,-17212.5,-6825.0
2022-08-26 11:32:00,8025.0,-15975.0,-7950.0
2022-08-26 11:33:00,8812.5,-16275.0,-7462.5
2022-08-26 11:34:00,8512.5,-16650.0,-8137.5
2022-08-26 11:35:00,9787.5,-17137.5,-7350.0
2022-08-26 11:36:00,12300.0,-17737.5,-5437.5
2022-08-26 11:37:00,14325.0,-18825.0,-4500.0
2022-08-26 11:38:00,16087.5,-20287.5,-4200.0
2022-08-26 11:39:00,10725.0,-17100.0,-6375.0
2022-08-26 11:40:00,11025.0,-17587.5,-6562.5
2022-08-26 11:41:00,16387.5,-20175.0,-3787.5
2022-08-26 11:42:00,19350.0,-22425.0,-3075.0
2022-08-26 11:43:00,18712.5,-22162.5,-3450.0
2022-08-26 11:44:00,15075.0,-20700.0,-5625.0
2022-08-26 11:45:00,12037.5,-17025.0,-4987.5
2022-08-26 11:46:00,5250.0,-12037.5,-6787.5
2022-08-26 11:47:00,6000.0,-13650.0,-7650.0
2022-08-26 11:48:00,10087.5,-16425.0,-6337.5
2022-08-26 11:49:00,7350.0,-15112.5,-7762.5
2022-08-26 11:50:00,6900.0,-14437.5,-7537.5
2022-08-26 11:51:00,6000.0,-14812.5,-8812.5
2022-08-26 11:52:00,5212.5,-12600.0,-7387.5
2022-08-26 11:53:00,6750.0,-13500.0,-6750.0
2022-08-26 11:54:00,7312.5,-14475.0,-7162.5
2022-08-26 11:55:00,11400.0,-16425.0,-5025.0
2022-08-26 11:56:00,6975.0,-14625.0,-7650.0
2022-08-26 11:57:00,7612.5,-14850.0,-7237.5
2022-08-26 11:58:00,10987.5,-16200.0,-5212.5
2022-08-26 11:59:00,13312.5,-17737.5,-4425.0
2022-08-26 12:00:00,11775.0,-17025.0,-5250.0
2022-08-26 12:01:00,10762.5,-16237.5,-5475.0
2022-08-26 12:02:00,10837.5,-16312.5,-5475.0
2022-08-26 12:03:00,6300.0,-13312.5,-7012.5
2022-08-26 12:04:00,4087.5,-12412.5,-8325.0
2022-08-26 12:05:00,-825.0,-9000.0,-9825.0
2022-08-26 12:06:00,112.5,-9637.5,-9525.0
2022-08-26 12:07:00,-300.0,-9637.5,-9937.5
2022-08-26 12:08:00,-2025.0,-8850.0,-10875.0
2022-08-26 12:09:00,-5100.0,-7125.0,-12225.0
2022-08-26 12:10:00,-2925.0,-8287.5,-11212.5
2022-08-26 12:11:00,-825.0,-8925.0,-9750.0
2022-08-26 12:12:00,-487.5,-9525.0,-10012.5
2022-08-26 12:13:00,-2475.0,-8775.0,-11250.0
2022-08-26 12:14:00,112.5,-9975.0,-9862.5
2022-08-26 12:15:00,1087.5,-10987.5,-9900.0
2022-08-26 12:16:00,375.0,-10312.5,-9937.5
2022-08-26 12:17:00,1425.0,-11025.0,-9600.0
2022-08-26 12:18:00,6750.0,-13237.5,-6487.5
2022-08-26 12:19:00,10425.0,-15600.0,-5175.0
2022-08-26 12:20:00,16537.5,-19012.5,-2475.0
2022-08-26 12:21:00,20362.5,-21487.5,-1125.0
2022-08-26 12:22:00,12937.5,-16762.5,-3825.0
2022-08-26 12:23:00,13912.5,-18112.5,-4200.0
2022-08-26 12:24:00,15112.5,-17812.5,-2700.0
2022-08-26 12:25:00,12262.5,-16800.0,-4537.5
2022-08-26 12:26:00,7050.0,-13275.0,-6225.0
2022-08-26 12:27:00,7200.0,-13650.0,-6450.0
2022-08-26 12:28:00,4012.5,-11737.5,-7725.0
2022-08-26 12:29:00,3712.5,-11475.0,-7762.5
2022-08-26 12:30:00,3637.5,-11362.5,-7725.0
2022-08-26 12:31:00,7462.5,-12975.0,-5512.5
2022-08-26 12:32:00,10800.0,-15600.0,-4800.0
2022-08-26 12:33:00,5550.0,-13050.0,-7500.0
2022-08-26 12:34:00,7425.0,-13575.0,-6150.0
2022-08-26 12:35:00,11850.0,-15825.0,-3975.0
2022-08-26 12:36:00,7650.0,-14287.5,-6637.5
2022-08-26 12:37:00,3862.5,-11925.0,-8062.5
2022-08-26 12:38:00,4312.5,-12487.5,-8175.0
2022-08-26 12:39:00,3112.5,-11137.5,-8025.0
2022-08-26 12:40:00,4125.0,-12150.0,-8025.0
2022-08-26 12:41:00,8925.0,-13800.0,-4875.0
2022-08-26 12:42:00,2025.0,-11100.0,-9075.0
2022-08-26 12:43:00,3562.5,-11287.5,-7725.0
2022-08-26 12:44:00,4350.0,-11812.5,-7462.5
2022-08-26 12:45:00,5737.5,-12675.0,-6937.5
2022-08-26 12:46:00,4312.5,-11775.0,-7462.5
2022-08-26 12:47:00,4237.5,-11925.0,-7687.5
2022-08-26 12:48:00,5887.5,-12337.5,-6450.0
2022-08-26 12:49:00,8362.5,-14100.0,-5737.5
2022-08-26 12:50:00,6375.0,-13012.5,-6637.5
2022-08-26 12:51:00,7237.5,-13650.0,-6412.5
2022-08-26 12:52:00,2587.5,-11662.5,-9075.0
2022-08-26 12:53:00,4950.0,-12187.5,-7237.5
2022-08-26 12:54:00,2625.0,-11550.0,-8925.0
2022-08-26 12:55:00,-337.5,-9862.5,-10200.0
2022-08-26 12:56:00,-825.0,-9375.0,-10200.0
2022-08-26 12:57:00,-1837.5,-9525.0,-11362.5
2022-08-26 12:58:00,-1762.5,-8437.5,-10200.0
2022-08-26 12:59:00,9900.0,-13875.0,-3975.0
2022-08-26 13:00:00,13087.5,-16537.5,-3450.0
2022-08-26 13:01:00,12525.0,-16087.5,-3562.5
2022-08-26 13:02:00,18112.5,-20100.0,-1987.5
2022-08-26 13:03:00,17175.0,-19125.0,-1950.0
2022-08-26 13:04:00,12675.0,-16725.0,-4050.0
2022-08-26 13:05:00,11250.0,-15375.0,-4125.0
2022-08-26 13:06:00,24787.5,-23325.0,1462.5
2022-08-26 13:07:00,21337.5,-21150.0,187.5
2022-08-26 13:08:00,24900.0,-24750.0,150.0
2022-08-26 13:09:00,22837.5,-23437.5,-600.0
2022-08-26 13:10:00,25425.0,-24675.0,750.0
2022-08-26 13:11:00,28162.5,-26137.5,2025.0
2022-08-26 13:12:00,31987.5,-28762.5,3225.0
2022-08-26 13:13:00,31987.5,-28087.5,3900.0
2022-08-26 13:14:00,30375.0,-26662.5,3712.5
2022-08-26 13:15:00,26775.0,-24675.0,2100.0
2022-08-26 13:16:00,25725.0,-23625.0,2100.0
2022-08-26 13:17:00,22762.5,-22200.0,562.5
2022-08-26 13:18:00,23325.0,-21900.0,1425.0
2022-08-26 13:19:00,22237.5,-20475.0,1762.5
2022-08-26 13:20:00,20212.5,-19800.0,412.5
2022-08-26 13:21:00,23475.0,-22312.5,1162.5
2022-08-26 13:22:00,23587.5,-22012.5,1575.0
2022-08-26 13:23:00,28387.5,-25087.5,3300.0
2022-08-26 13:24:00,29400.0,-26325.0,3075.0
2022-08-26 13:25:00,32175.0,-28837.5,3337.5
2022-08-26 13:26:00,37725.0,-31237.5,6487.5
2022-08-26 13:27:00,35287.5,-29512.5,5775.0
2022-08-26 13:28:00,31987.5,-27225.0,4762.5
2022-08-26 13:29:00,31875.0,-26400.0,5475.0
2022-08-26 13:30:00,28387.5,-25200.0,3187.5
2022-08-26 13:31:00,33150.0,-28012.5,5137.5
2022-08-26 13:32:00,29512.5,-24937.5,4575.0
2022-08-26 13:33:00,36375.0,-29737.5,6637.5
2022-08-26 13:34:00,35775.0,-29700.0,6075.0
2022-08-26 13:35:00,33075.0,-28087.5,4987.5
2022-08-26 13:36:00,39225.0,-32512.5,6712.5
2022-08-26 13:37:00,30075.0,-26625.0,3450.0
2022-08-26 13:38:00,31462.5,-25612.5,5850.0
2022-08-26 13:39:00,35962.5,-29287.5,6675.0
2022-08-26 13:40:00,34837.5,-29325.0,5512.5
2022-08-26 13:41:00,36187.5,-29775.0,6412.5
2022-08-26 13:42:00,37012.5,-30262.5,6750.0
2022-08-26 13:43:00,32812.5,-27150.0,5662.5
2022-08-26 13:44:00,30112.5,-24900.0,5212.5
2022-08-26 13:45:00,30750.0,-25312.5,5437.5
2022-08-26 13:46:00,29250.0,-25012.5,4237.5
2022-08-26 13:47:00,35737.5,-28612.5,7125.0
2022-08-26 13:48:00,36712.5,-29287.5,7425.0
2022-08-26 13:49:00,33412.5,-27000.0,6412.5
2022-08-26 13:50:00,32325.0,-26175.0,6150.0
2022-08-26 13:51:00,33937.5,-27487.5,6450.0
2022-08-26 13:52:00,30975.0,-25500.0,5475.0
2022-08-26 13:53:00,34200.0,-27562.5,6637.5
2022-08-26 13:54:00,32250.0,-26625.0,5625.0
2022-08-26 13:55:00,30000.0,-24825.0,5175.0
2022-08-26 13:56:00,34237.5,-27525.0,6712.5
2022-08-26 13:57:00,31425.0,-25762.5,5662.5
2022-08-26 13:58:00,30150.0,-24825.0,5325.0
2022-08-26 13:59:00,28800.0,-24187.5,4612.5
2022-08-26 14:00:00,30037.5,-24750.0,5287.5
2022-08-26 14:01:00,31425.0,-25912.5,5512.5
2022-08-26 14:02:00,24862.5,-21675.0,3187.5
2022-08-26 14:03:00,19500.0,-16312.5,3187.5
2022-08-26 14:04:00,16912.5,-15975.0,937.5
2022-08-26 14:05:00,15562.5,-15375.0,187.5
2022-08-26 14:06:00,17625.0,-16350.0,1275.0
2022-08-26 14:07:00,19800.0,-17512.5,2287.5
2022-08-26 14:08:00,20250.0,-18075.0,2175.0
2022-08-26 14:09:00,20775.0,-18375.0,2400.0
2022-08-26 14:10:00,20662.5,-18262.5,2400.0
2022-08-26 14:11:00,19687.5,-17887.5,1800.0
2022-08-26 14:12:00,19087.5,-17062.5,2025.0
2022-08-26 14:13:00,20287.5,-17887.5,2400.0
2022-08-26 14:14:00,21900.0,-19125.0,2775.0
2022-08-26 14:15:00,21937.5,-19950.0,1987.5
2022-08-26 14:16:00,33675.0,-25800.0,7875.0
2022-08-26 14:17:00,24450.0,-20175.0,4275.0
2022-08-26 14:18:00,21525.0,-18075.0,3450.0
2022-08-26 14:19:00,19687.5,-17362.5,2325.0
2022-08-26 14:20:00,17850.0,-16725.0,1125.0
2022-08-26 14:21:00,19387.5,-17250.0,2137.5
2022-08-26 14:22:00,20475.0,-17887.5,2587.5
2022-08-26 14:23:00,24937.5,-20325.0,4612.5
2022-08-26 14:24:00,23700.0,-19950.0,3750.0
2022-08-26 14:25:00,25875.0,-21225.0,4650.0
2022-08-26 14:26:00,29737.5,-23587.5,6150.0
2022-08-26 14:27:00,25687.5,-21337.5,4350.0
2022-08-26 14:28:00,25950.0,-21712.5,4237.5
2022-08-26 14:29:00,27112.5,-22762.5,4350.0
2022-08-26 14:30:00,25050.0,-20550.0,4500.0
2022-08-26 14:31:00,25762.5,-20962.5,4800.0
2022-08-26 14:32:00,23137.5,-20212.5,2925.0
2022-08-26 14:33:00,19987.5,-17700.0,2287.5
2022-08-26 14:34:00,25987.5,-21637.5,4350.0
2022-08-26 14:35:00,28800.0,-23550.0,5250.0
2022-08-26 14:36:00,30487.5,-24787.5,5700.0
2022-08-26 14:37:00,28200.0,-22912.5,5287.5
2022-08-26 14:38:00,30562.5,-24637.5,5925.0
2022-08-26 14:39:00,32925.0,-25837.5,7087.5
2022-08-26 14:40:00,29025.0,-24075.0,4950.0
2022-08-26 14:41:00,32212.5,-26175.0,6037.5
2022-08-26 14:42:00,29512.5,-24000.0,5512.5
2022-08-26 14:43:00,29400.0,-24300.0,5100.0
2022-08-26 14:44:00,27637.5,-21712.5,5925.0
2022-08-26 14:45:00,24450.0,-19162.5,5287.5
2022-08-26 14:46:00,25800.0,-20887.5,4912.5
2022-08-26 14:47:00,23400.0,-20512.5,2887.5
2022-08-26 14:48:00,28537.5,-23175.0,5362.5
2022-08-26 14:49:00,30187.5,-23887.5,6300.0
2022-08-26 14:50:00,28275.0,-22912.5,5362.5
2022-08-26 14:51:00,30037.5,-24000.0,6037.5
2022-08-26 14:52:00,30412.5,-24525.0,5887.5
2022-08-26 14:53:00,31050.0,-25275.0,5775.0
2022-08-26 14:54:00,27712.5,-23700.0,4012.5
2022-08-26 14:55:00,29025.0,-23587.5,5437.5
2022-08-26 14:56:00,29962.5,-25237.5,4725.0
2022-08-26 14:57:00,30787.5,-25837.5,4950.0
2022-08-26 14:58:00,27975.0,-23175.0,4800.0
2022-08-26 14:59:00,27112.5,-22350.0,4762.5
2022-08-26 15:00:00,19350.0,-18562.5,787.5
2022-08-26 15:01:00,49425.0,-37762.5,11662.5
2022-08-26 15:02:00,59325.0,-46537.5,12787.5
2022-08-26 15:03:00,58687.5,-46800.0,11887.5
2022-08-26 15:04:00,55950.0,-44325.0,11625.0
2022-08-26 15:05:00,53700.0,-43950.0,9750.0
2022-08-26 15:06:00,52200.0,-42975.0,9225.0
2022-08-26 15:07:00,39975.0,-37237.5,2737.5
2022-08-26 15:08:00,35287.5,-34800.0,487.5
2022-08-26 15:09:00,30787.5,-31500.0,-712.5
2022-08-26 15:10:00,30225.0,-31725.0,-1500.0
2022-08-26 15:11:00,34087.5,-35062.5,-975.0
2022-08-26 15:12:00,28162.5,-32962.5,-4800.0
2022-08-26 15:13:00,28237.5,-33975.0,-5737.5
2022-08-26 15:14:00,29137.5,-34350.0,-5212.5
2022-08-26 15:15:00,18712.5,-29587.5,-10875.0
2022-08-26 15:16:00,-5550.0,-17962.5,-23512.5
2022-08-26 15:17:00,-150.0,-20812.5,-20962.5
2022-08-26 15:18:00,5100.0,-23212.5,-18112.5
2022-08-26 15:19:00,8400.0,-24225.0,-15825.0
2022-08-26 15:20:00,9150.0,-24000.0,-14850.0
2022-08-26 15:21:00,18225.0,-28837.5,-10612.5
2022-08-26 15:22:00,3187.5,-23250.0,-20062.5
2022-08-26 15:23:00,6000.0,-23700.0,-17700.0
2022-08-26 15:24:00,9712.5,-23812.5,-14100.0
2022-08-26 15:25:00,8962.5,-23250.0,-14287.5
2022-08-26 15:26:00,7312.5,-23812.5,-16500.0
2022-08-26 15:27:00,15225.0,-25237.5,-10012.5
2022-08-26 15:28:00,15862.5,-25462.5,-9600.0
2022-08-26 15:29:00,15562.5,-25425.0,-9862.5
2022-08-26 15:30:00,12562.5,1950.0,14512.5
2022-08-29 09:15:00,145350.0,-101287.5,44062.5
2022-08-29 09:16:00,272362.5,-156787.5,115575.0
2022-08-29 09:17:00,472125.0,-164362.5,307762.5
2022-08-29 09:18:00,472125.0,-175087.5,297037.5
2022-08-29 09:19:00,472125.0,-172762.5,299362.5
2022-08-29 09:20:00,472125.0,-168412.5,303712.5
2022-08-29 09:21:00,472125.0,-166425.0,305700.0
2022-08-29 09:22:00,472125.0,-171187.5,300937.5
2022-08-29 09:23:00,472125.0,-172162.5,299962.5
2022-08-29 09:24:00,472125.0,-169875.0,302250.0
2022-08-29 09:25:00,472125.0,-168300.0,303825.0
2022-08-29 09:26:00,464925.0,-164137.5,300787.5
2022-08-29 09:27:00,457500.0,-164212.5,293287.5
2022-08-29 09:28:00,446250.0,-161700.0,284550.0
2022-08-29 09:29:00,425100.0,-157837.5,267262.5
2022-08-29 09:30:00,434550.0,-158175.0,276375.0
2022-08-29 09:31:00,417900.0,-155100.0,262800.0
2022-08-29 09:32:00,415875.0,-154575.0,261300.0
2022-08-29 09:33:00,401925.0,-151462.5,250462.5
2022-08-29 09:34:00,407100.0,-153562.5,253537.5
2022-08-29 09:35:00,408000.0,-152625.0,255375.0
2022-08-29 09:36:00,419475.0,-156112.5,263362.5
2022-08-29 09:37:00,397200.0,-151950.0,245250.0
2022-08-29 09:38:00,414300.0,-154950.0,259350.0
2022-08-29 09:39:00,413400.0,-157500.0,255900.0
2022-08-29 09:40:00,410025.0,-154875.0,255150.0
2022-08-29 09:41:00,406875.0,-152175.0,254700.0
2022-08-29 09:42:00,399225.0,-150750.0,248475.0
2022-08-29 09:43:00,402150.0,-154125.0,248025.0
2022-08-29 09:44:00,389550.0,-148125.0,241425.0
2022-08-29 09:45:00,389325.0,-149812.5,239512.5
2022-08-29 09:46:00,394725.0,-150150.0,244575.0
2022-08-29 09:47:00,385275.0,-146625.0,238650.0
2022-08-29 09:48:00,371775.0,-146475.0,225300.0
2022-08-29 09:49:00,376950.0,-147150.0,229800.0
2022-08-29 09:50:00,383700.0,-147675.0,236025.0
2022-08-29 09:51:00,379650.0,-146662.5,232987.5
2022-08-29 09:52:00,373125.0,-146475.0,226650.0
2022-08-29 09:53:00,368850.0,-146100.0,222750.0
2022-08-29 09:54:00,355350.0,-142987.5,212362.5
2022-08-29 09:55:00,346800.0,-139500.0,207300.0
2022-08-29 09:56:00,344100.0,-140775.0,203325.0
2022-08-29 09:57:00,329025.0,-133575.0,195450.0
2022-08-29 09:58:00,333525.0,-137025.0,196500.0
2022-08-29 09:59:00,321825.0,-130237.5,191587.5
2022-08-29 10:00:00,324300.0,-135037.5,189262.5
2022-08-29 10:01:00,336225.0,-135675.0,200550.0
2022-08-29 10:02:00,326550.0,-132862.5,193687.5
2022-08-29 10:03:00,295950.0,-120225.0,175725.0
2022-08-29 10:04:00,296625.0,-124725.0,171900.0
2022-08-29 10:05:00,325425.0,-133725.0,191700.0
2022-08-29 10:06:00,318000.0,-130125.0,187875.0
2022-08-29 10:07:00,333975.0,-136312.5,197662.5
2022-08-29 10:08:00,356025.0,-144262.5,211762.5
2022-08-29 10:09:00,344325.0,-140250.0,204075.0
2022-08-29 10:10:00,332850.0,-133387.5,199462.5
2022-08-29 10:11:00,339375.0,-138787.5,200587.5
2022-08-29 10:12:00,332400.0,-136050.0,196350.0
2022-08-29 10:13:00,330825.0,-133687.5,197137.5
2022-08-29 10:14:00,338475.0,-134887.5,203587.5
2022-08-29 10:15:00,327225.0,-137587.5,189637.5
2022-08-29 10:16:00,339375.0,-139837.5,199537.5
2022-08-29 10:17:00,321375.0,-132262.5,189112.5
2022-08-29 10:18:00,312825.0,-127050.0,185775.0
2022-08-29 10:19:00,305175.0,-125550.0,179625.0
2022-08-29 10:20:00,323850.0,-131587.5,192262.5
2022-08-29 10:21:00,327900.0,-135562.5,192337.5
2022-08-29 10:22:00,333975.0,-131737.5,202237.5
2022-08-29 10:23:00,327225.0,49312.5,376537.5
2022-08-29 10:24:00,339150.0,-136012.5,203137.5
2022-08-29 10:25:00,332625.0,-135412.5,197212.5
2022-08-29 10:26:00,338025.0,-140250.0,197775.0
2022-08-29 10:27:00,342975.0,-140137.5,202837.5
2022-08-29 10:28:00,347025.0,-139050.0,207975.0
2022-08-29 10:29:00,344100.0,-134737.5,209362.5
2022-08-29 10:30:00,326775.0,-131100.0,195675.0
2022-08-29 10:31:00,323400.0,-129525.0,193875.0
2022-08-29 10:32:00,308325.0,-125137.5,183187.5
2022-08-29 10:33:00,327225.0,-130987.5,196237.5
2022-08-29 10:34:00,331275.0,-133087.5,198187.5
2022-08-29 10:35:00,339825.0,-134250.0,205575.0
2022-08-29 10:36:00,335100.0,-135337.5,199762.5
2022-08-29 10:37:00,329700.0,-133725.0,195975.0
2022-08-29 10:38:00,344100.0,-138225.0,205875.0
2022-08-29 10:39:00,338250.0,-135487.5,202762.5
2022-08-29 10:40:00,342750.0,-133837.5,208912.5
2022-08-29 10:41:00,327675.0,-131775.0,195900.0
2022-08-29 10:42:00,342975.0,-137625.0,205350.0
2022-08-29 10:43:00,351975.0,-142500.0,209475.0
2022-08-29 10:44:00,343875.0,-140062.5,203812.5
2022-08-29 10:45:00,330150.0,-134287.5,195862.5
2022-08-29 10:46:00,332400.0,-134737.5,197662.5
2022-08-29 10:47:00,340950.0,-133425.0,207525.0
2022-08-29 10:48:00,342075.0,-135787.5,206287.5
2022-08-29 10:49:00,342750.0,-136950.0,205800.0
2022-08-29 10:50:00,340500.0,-137062.5,203437.5
2022-08-29 10:51:00,345675.0,49087.5,394762.5
2022-08-29 10:52:00,336900.0,-134362.5,202537.5
2022-08-29 10:53:00,341625.0,-139387.5,202237.5
2022-08-29 10:54:00,342300.0,48712.5,391012.5
2022-08-29 10:55:00,344775.0,-137587.5,207187.5
2022-08-29 10:56:00,349725.0,-141150.0,208575.0
2022-08-29 10:57:00,344775.0,-137475.0,207300.0
2022-08-29 10:58:00,342525.0,-137700.0,204825.0
2022-08-29 10:59:00,347250.0,-136575.0,210675.0
2022-08-29 11:00:00,350850.0,-139800.0,211050.0
2022-08-29 11:01:00,335775.0,-135675.0,200100.0
2022-08-29 11:02:00,336675.0,-133425.0,203250.0
2022-08-29 11:03:00,338925.0,-133950.0,204975.0
2022-08-29 11:04:00,340050.0,48525.0,388575.0
2022-08-29 11:05:00,339600.0,-134287.5,205312.5
2022-08-29 11:06:00,336225.0,-133162.5,203062.5
2022-08-29 11:07:00,334200.0,-133087.5,201112.5
2022-08-29 11:08:00,337575.0,-132562.5,205012.5
2022-08-29 11:09:00,331725.0,-133050.0,198675.0
2022-08-29 11:10:00,340050.0,-136162.5,203887.5
2022-08-29 11:11:00,348600.0,-137887.5,210712.5
2022-08-29 11:12:00,394500.0,-157312.5,237187.5
2022-08-29 11:13:00,400125.0,-156112.5,244012.5
2022-08-29 11:14:00,397425.0,-156937.5,240487.5
2022-08-29 11:15:00,400350.0,-157162.5,243187.5
2022-08-29 11:16:00,394725.0,-156825.0,237900.0
2022-08-29 11:17:00,390900.0,-151725.0,239175.0
2022-08-29 11:18:00,383025.0,-148987.5,234037.5
2022-08-29 11:19:00,378975.0,-147787.5,231187.5
2022-08-29 11:20:00,369300.0,-144787.5,224512.5
2022-08-29 11:21:00,332625.0,-129525.0,203100.0
2022-08-29 11:22:00,310125.0,-122587.5,187537.5
2022-08-29 11:23:00,311925.0,-123375.0,188550.0
2022-08-29 11:24:00,310800.0,-121837.5,188962.5
2022-08-29 11:25:00,307425.0,-119850.0,187575.0
2022-08-29 11:26:00,298650.0,-118650.0,180000.0
2022-08-29 11:27:00,304500.0,-121500.0,183000.0
2022-08-29 11:28:00,316425.0,-126262.5,190162.5
2022-08-29 11:29:00,331275.0,-128512.5,202762.5
2022-08-29 11:30:00,344325.0,-134925.0,209400.0
2022-08-29 11:31:00,329025.0,-128587.5,200437.5
2022-08-29 11:32:00,322050.0,-127087.5,194962.5
2022-08-29 11:33:00,328125.0,-130237.5,197887.5
2022-08-29 11:34:00,333300.0,-130650.0,202650.0
2022-08-29 11:35:00,333975.0,-132112.5,201862.5
2022-08-29 11:36:00,323175.0,-126450.0,196725.0
2022-08-29 11:37:00,319125.0,-126000.0,193125.0
2022-08-29 11:38:00,301575.0,-120262.5,181312.5
2022-08-29 11:39:00,305850.0,-121050.0,184800.0
2022-08-29 11:40:00,286950.0,-113212.5,173737.5
2022-08-29 11:41:00,286950.0,-114262.5,172687.5
2022-08-29 11:42:00,284700.0,-118087.5,166612.5
2022-08-29 11:43:00,297975.0,-119250.0,178725.0
2022-08-29 11:44:00,299325.0,-118500.0,180825.0
2022-08-29 11:45:00,296175.0,-118350.0,177825.0
2022-08-29 11:46:00,288525.0,-118162.5,170362.5
2022-08-29 11:47:00,304950.0,-121350.0,183600.0
2022-08-29 11:48:00,305625.0,-121912.5,183712.5
2022-08-29 11:49:00,305175.0,-121687.5,183487.5
2022-08-29 11:50:00,316200.0,-126375.0,189825.0
2022-08-29 11:51:00,321150.0,-125850.0,195300.0
2022-08-29 11:52:00,317100.0,-125512.5,191587.5
2022-08-29 11:53:00,317775.0,-125025.0,192750.0
2022-08-29 11:54:00,310800.0,-121312.5,189487.5
2022-08-29 11:55:00,316200.0,-125025.0,191175.0
2022-08-29 11:56:00,308775.0,-123637.5,185137.5
2022-08-29 11:57:00,309225.0,48375.0,357600.0
2022-08-29 11:58:00,310350.0,-121537.5,188812.5
2022-08-29 11:59:00,311700.0,-123825.0,187875.0
2022-08-29 12:00:00,307875.0,-121987.5,185887.5
2022-08-29 12:01:00,294150.0,-116925.0,177225.0
2022-08-29 12:02:00,308100.0,-121125.0,186975.0
2022-08-29 12:03:00,297525.0,-117600.0,179925.0
2022-08-29 12:04:00,309675.0,-121200.0,188475.0
2022-08-29 12:05:00,305400.0,-120300.0,185100.0
2022-08-29 12:06:00,305175.0,-120675.0,184500.0
2022-08-29 12:07:00,309900.0,-121612.5,188287.5
2022-08-29 12:08:00,313275.0,-121800.0,191475.0
2022-08-29 12:09:00,317100.0,-122737.5,194362.5
2022-08-29 12:10:00,304725.0,-121912.5,182812.5
2022-08-29 12:11:00,308100.0,-122325.0,185775.0
2022-08-29 12:12:00,317325.0,-123112.5,194212.5
2022-08-29 12:13:00,306075.0,-119325.0,186750.0
2022-08-29 12:14:00,307425.0,-121500.0,185925.0
2022-08-29 12:15:00,303600.0,-120375.0,183225.0
2022-08-29 12:16:00,295950.0,-117487.5,178462.5
2022-08-29 12:17:00,299325.0,-118425.0,180900.0
2022-08-29 12:18:00,298875.0,-118912.5,179962.5
2022-08-29 12:19:00,292350.0,-114937.5,177412.5
2022-08-29 12:20:00,290550.0,-115875.0,174675.0
2022-08-29 12:21:00,289425.0,-116062.5,173362.5
2022-08-29 12:22:00,295050.0,-116737.5,178312.5
2022-08-29 12:23:00,295950.0,-117375.0,178575.0
2022-08-29 12:24:00,303150.0,-118537.5,184612.5
2022-08-29 12:25:00,308100.0,-120225.0,187875.0
2022-08-29 12:26:00,297975.0,-116662.5,181312.5
2022-08-29 12:27:00,269625.0,-104287.5,165337.5
2022-08-29 12:28:00,265800.0,-106912.5,158887.5
2022-08-29 12:29:00,256800.0,-102487.5,154312.5
2022-08-29 12:30:00,258150.0,-107025.0,151125.0
2022-08-29 12:31:00,265125.0,-106275.0,158850.0
2022-08-29 12:32:00,260175.0,-104625.0,155550.0
2022-08-29 12:33:00,237675.0,-95887.5,141787.5
2022-08-29 12:34:00,215850.0,-89775.0,126075.0
2022-08-29 12:35:00,223725.0,-92662.5,131062.5
2022-08-29 12:36:00,219675.0,-89550.0,130125.0
2022-08-29 12:37:00,232275.0,-94425.0,137850.0
2022-08-29 12:38:00,233850.0,-94725.0,139125.0
2022-08-29 12:39:00,231375.0,47325.0,278700.0
2022-08-29 12:40:00,250725.0,-102075.0,148650.0
2022-08-29 12:41:00,257925.0,-108000.0,149925.0
2022-08-29 12:42:00,247350.0,-101587.5,145762.5
2022-08-29 12:43:00,251400.0,-109050.0,142350.0
2022-08-29 12:44:00,268950.0,-111712.5,157237.5
2022-08-29 12:45:00,273000.0,-111975.0,161025.0
2022-08-29 12:46:00,266025.0,-110175.0,155850.0
2022-08-29 12:47:00,274350.0,-119100.0,155250.0
2022-08-29 12:48:00,284925.0,-119662.5,165262.5
2022-08-29 12:49:00,298200.0,-127987.5,170212.5
2022-08-29 12:50:00,321600.0,-134625.0,186975.0
2022-08-29 12:51:00,321150.0,-139762.5,181387.5
2022-08-29 12:52:00,344550.0,-149700.0,194850.0
2022-08-29 12:53:00,336225.0,-146137.5,190087.5
2022-08-29 12:54:00,344100.0,-142650.0,201450.0
2022-08-29 12:55:00,335325.0,-141787.5,193537.5
2022-08-29 12:56:00,334650.0,-146400.0,188250.0
2022-08-29 12:57:00,331500.0,-143287.5,188212.5
2022-08-29 12:58:00,332175.0,-144112.5,188062.5
2022-08-29 12:59:00,330825.0,-143925.0,186900.0
2022-08-29 13:00:00,319350.0,-136650.0,182700.0
2022-08-29 13:01:00,313275.0,-131625.0,181650.0
2022-08-29 13:02:00,316425.0,-133912.5,182512.5
2022-08-29 13:03:00,323850.0,-138825.0,185025.0
2022-08-29 13:04:00,316200.0,-133687.5,182512.5
2022-08-29 13:05:00,315975.0,-134137.5,181837.5
2022-08-29 13:06:00,306075.0,-127875.0,178200.0
2022-08-29 13:07:00,306300.0,-129675.0,176625.0
2022-08-29 13:08:00,302475.0,-126000.0,176475.0
2022-08-29 13:09:00,291900.0,-119850.0,172050.0
2022-08-29 13:10:00,292800.0,-120412.5,172387.5
2022-08-29 13:11:00,297525.0,-125512.5,172012.5
2022-08-29 13:12:00,304950.0,36300.0,341250.0
2022-08-29 13:13:00,296850.0,-126225.0,170625.0
2022-08-29 13:14:00,308775.0,-130387.5,178387.5
2022-08-29 13:15:00,322275.0,-137137.5,185137.5
2022-08-29 13:16:00,320475.0,-137362.5,183112.5
2022-08-29 13:17:00,318900.0,-136575.0,182325.0
2022-08-29 13:18:00,307650.0,-131512.5,176137.5
2022-08-29 13:19:00,314400.0,35437.5,349837.5
2022-08-29 13:20:00,306075.0,-127762.5,178312.5
2022-08-29 13:21:00,298875.0,-129112.5,169762.5
2022-08-29 13:22:00,306300.0,-127950.0,178350.0
2022-08-29 13:23:00,298875.0,-126975.0,171900.0
2022-08-29 13:24:00,299775.0,-123825.0,175950.0
2022-08-29 13:25:00,287400.0,-121650.0,165750.0
2022-08-29 13:26:00,281325.0,-122962.5,158362.5
2022-08-29 13:27:00,295275.0,-123000.0,172275.0
2022-08-29 13:28:00,289650.0,-124725.0,164925.0
2022-08-29 13:29:00,303150.0,-128925.0,174225.0
2022-08-29 13:30:00,300000.0,-125850.0,174150.0
2022-08-29 13:31:00,289875.0,38287.5,328162.5
2022-08-29 13:32:00,305625.0,-129300.0,176325.0
2022-08-29 13:33:00,302475.0,-124125.0,178350.0
2022-08-29 13:34:00,300900.0,-127162.5,173737.5
2022-08-29 13:35:00,292575.0,-124612.5,167962.5
2022-08-29 13:36:00,290775.0,39112.5,329887.5
2022-08-29 13:37:00,291450.0,-122625.0,168825.0
2022-08-29 13:38:00,292575.0,-122287.5,170287.5
2022-08-29 13:39:00,295275.0,-122850.0,172425.0
2022-08-29 13:40:00,289200.0,-120787.5,168412.5
2022-08-29 13:41:00,291675.0,38437.5,330112.5
2022-08-29 13:42:00,285600.0,-119175.0,166425.0
2022-08-29 13:43:00,275025.0,-107887.5,167137.5
2022-08-29 13:44:00,282675.0,-117375.0,165300.0
2022-08-29 13:45:00,286050.0,-121575.0,164475.0
2022-08-29 13:46:00,281100.0,-115950.0,165150.0
2022-08-29 13:47:00,275475.0,-115612.5,159862.5
2022-08-29 13:48:00,273000.0,-111937.5,161062.5
2022-08-29 13:49:00,262875.0,-110437.5,152437.5
2022-08-29 13:50:00,243750.0,-99450.0,144300.0
2022-08-29 13:51:00,236100.0,-95100.0,141000.0
2022-08-29 13:52:00,217875.0,-85725.0,132150.0
2022-08-29 13:53:00,236550.0,-98062.5,138487.5
2022-08-29 13:54:00,242850.0,-98475.0,144375.0
2022-08-29 13:55:00,266025.0,-107700.0,158325.0
2022-08-29 13:56:00,264900.0,-105750.0,159150.0
2022-08-29 13:57:00,264450.0,-106912.5,157537.5
2022-08-29 13:58:00,249600.0,-100312.5,149287.5
2022-08-29 13:59:00,254550.0,-101437.5,153112.5
2022-08-29 14:00:00,251400.0,-102600.0,148800.0
2022-08-29 14:01:00,225300.0,-91500.0,133800.0
2022-08-29 14:02:00,244875.0,-100125.0,144750.0
2022-08-29 14:03:00,247125.0,-99000.0,148125.0
2022-08-29 14:04:00,256125.0,-105337.5,150787.5
2022-08-29 14:05:00,271200.0,-109650.0,161550.0
2022-08-29 14:06:00,294150.0,-126150.0,168000.0
2022-08-29 14:07:00,273000.0,-113437.5,159562.5
2022-08-29 14:08:00,266700.0,-111075.0,155625.0
2022-08-29 14:09:00,282675.0,-119925.0,162750.0
2022-08-29 14:10:00,279975.0,-118987.5,160987.5
2022-08-29 14:11:00,279300.0,-114112.5,165187.5
2022-08-29 14:12:00,271875.0,-111337.5,160537.5
2022-08-29 14:13:00,260175.0,-109312.5,150862.5
2022-08-29 14:14:00,271200.0,-109800.0,161400.0
2022-08-29 14:15:00,260625.0,-105975.0,154650.0
2022-08-29 14:16:00,253875.0,-108037.5,145837.5
2022-08-29 14:17:00,270975.0,-111825.0,159150.0
2022-08-29 14:18:00,263325.0,-107587.5,155737.5
2022-08-29 14:19:00,258825.0,-109387.5,149437.5
2022-08-29 14:20:00,270300.0,-111375.0,158925.0
2022-08-29 14:21:00,275700.0,-119737.5,155962.5
2022-08-29 14:22:00,272100.0,-118462.5,153637.5
2022-08-29 14:23:00,293925.0,-125512.5,168412.5
2022-08-29 14:24:00,302025.0,-131662.5,170362.5
2022-08-29 14:25:00,313950.0,-139162.5,174787.5
2022-08-29 14:26:00,321375.0,-140250.0,181125.0
2022-08-29 14:27:00,328575.0,-143137.5,185437.5
2022-08-29 14:28:00,317325.0,-138037.5,179287.5
2022-08-29 14:29:00,316425.0,-137812.5,178612.5
2022-08-29 14:30:00,328800.0,-147487.5,181312.5
2022-08-29 14:31:00,314175.0,-136650.0,177525.0
2022-08-29 14:32:00,307425.0,-135712.5,171712.5
2022-08-29 14:33:00,317550.0,-139087.5,178462.5
2022-08-29 14:34:00,308325.0,-140887.5,167437.5
2022-08-29 14:35:00,355800.0,-159862.5,195937.5
2022-08-29 14:36:00,341625.0,-153112.5,188512.5
2022-08-29 14:37:00,340500.0,-150300.0,190200.0
2022-08-29 14:38:00,329700.0,-144600.0,185100.0
2022-08-29 14:39:00,325200.0,-145387.5,179812.5
2022-08-29 14:40:00,325650.0,-142537.5,183112.5
2022-08-29 14:41:00,315525.0,-136912.5,178612.5
2022-08-29 14:42:00,315525.0,-137287.5,178237.5
2022-08-29 14:43:00,321150.0,-143812.5,177337.5
2022-08-29 14:44:00,318225.0,-134775.0,183450.0
2022-08-29 14:45:00,298425.0,-124087.5,174337.5
2022-08-29 14:46:00,296850.0,-132712.5,164137.5
2022-08-29 14:47:00,304950.0,-131887.5,173062.5
2022-08-29 14:48:00,307425.0,-133275.0,174150.0
2022-08-29 14:49:00,318900.0,-141562.5,177337.5
2022-08-29 14:50:00,313725.0,-138825.0,174900.0
2022-08-29 14:51:00,321825.0,-139762.5,182062.5
2022-08-29 14:52:00,324975.0,-145200.0,179775.0
2022-08-29 14:53:00,309675.0,-137475.0,172200.0
2022-08-29 14:54:00,316425.0,-137212.5,179212.5
2022-08-29 14:55:00,347700.0,-154500.0,193200.0
2022-08-29 14:56:00,369750.0,-168225.0,201525.0
2022-08-29 14:57:00,356925.0,-169312.5,187612.5
2022-08-29 14:58:00,351975.0,-160012.5,191962.5
2022-08-29 14:59:00,363000.0,-168037.5,194962.5
2022-08-29 15:00:00,362100.0,-168075.0,194025.0
2022-08-29 15:01:00,310125.0,-136387.5,173737.5
2022-08-29 15:02:00,357825.0,-162600.0,195225.0
2022-08-29 15:03:00,344325.0,-157800.0,186525.0
2022-08-29 15:04:00,356250.0,-161812.5,194437.5
2022-08-29 15:05:00,347250.0,-153862.5,193387.5
2022-08-29 15:06:00,338475.0,-150112.5,188362.5
2022-08-29 15:07:00,346575.0,-155925.0,190650.0
2022-08-29 15:08:00,345450.0,-154462.5,190987.5
2022-08-29 15:09:00,344325.0,-154725.0,189600.0
2022-08-29 15:10:00,340500.0,-151425.0,189075.0
2022-08-29 15:11:00,340950.0,-153712.5,187237.5
2022-08-29 15:12:00,336450.0,-149962.5,186487.5
2022-08-29 15:13:00,342075.0,-156300.0,185775.0
2022-08-29 15:14:00,351525.0,-159450.0,192075.0
2022-08-29 15:15:00,369750.0,-169462.5,200287.5
2022-08-29 15:16:00,355462.5,-160087.5,195375.0
2022-08-29 15:17:00,341625.0,-155737.5,185887.5
2022-08-29 15:18:00,347250.0,-155362.5,191887.5
2022-08-29 15:19:00,341550.0,-151875.0,189675.0
2022-08-29 15:20:00,339525.0,-151650.0,187875.0
2022-08-29 15:21:00,322387.5,-145237.5,177150.0
2022-08-29 15:22:00,328875.0,-146550.0,182325.0
2022-08-29 15:23:00,328837.5,-147112.5,181725.0
2022-08-29 15:24:00,327300.0,-145987.5,181312.5
2022-08-29 15:25:00,329325.0,-146475.0,182850.0
2022-08-29 15:26:00,320662.5,-144337.5,176325.0
2022-08-29 15:27:00,321337.5,-141712.5,179625.0
2022-08-29 15:28:00,317137.5,-136387.5,180750.0
2022-08-29 15:29:00,307950.0,-131362.5,176587.5
2022-08-29 15:30:00,493950.0,32400.0,526350.0
2022-08-30 09:15:00,434700.0,-42075.0,392625.0
2022-08-30 09:16:00,73162.5,-6562.5,66600.0
2022-08-30 09:17:00,78825.0,-130762.5,-51937.5
2022-08-30 09:18:00,72675.0,-130612.5,-57937.5
2022-08-30 09:19:00,78712.5,-132750.0,-54037.5
2022-08-30 09:20:00,62475.0,-127612.5,-65137.5
2022-08-30 09:21:00,27187.5,-123375.0,-96187.5
2022-08-30 09:22:00,16087.5,-120562.5,-104475.0
2022-08-30 09:23:00,22687.5,-121650.0,-98962.5
2022-08-30 09:24:00,32812.5,-123375.0,-90562.5
2022-08-30 09:25:00,9787.5,-118912.5,-109125.0
2022-08-30 09:26:00,10462.5,-121912.5,-111450.0
2022-08-30 09:27:00,19987.5,-125737.5,-105750.0
2022-08-30 09:28:00,28425.0,-132787.5,-104362.5
2022-08-30 09:29:00,16462.5,-125325.0,-108862.5
2022-08-30 09:30:00,31987.5,-131100.0,-99112.5
2022-08-30 09:31:00,16162.5,-122700.0,-106537.5
2022-08-30 09:32:00,10425.0,-119550.0,-109125.0
2022-08-30 09:33:00,-24487.5,-102750.0,-127237.5
2022-08-30 09:34:00,-21112.5,-105675.0,-126787.5
2022-08-30 09:35:00,-9637.5,-108787.5,-118425.0
2022-08-30 09:36:00,-9112.5,-110100.0,-119212.5
2022-08-30 09:37:00,-12937.5,-108337.5,-121275.0
2022-08-30 09:38:00,-8175.0,-111225.0,-119400.0
2022-08-30 09:39:00,-7987.5,-109800.0,-117787.5
2022-08-30 09:40:00,2587.5,-115200.0,-112612.5
2022-08-30 09:41:00,-1387.5,-114675.0,-116062.5
2022-08-30 09:42:00,-17025.0,-105712.5,-122737.5
2022-08-30 09:43:00,-12900.0,-108937.5,-121837.5
2022-08-30 09:44:00,-2062.5,-113700.0,-115762.5
2022-08-30 09:45:00,-10462.5,-112462.5,-122925.0
2022-08-30 09:46:00,-4875.0,-111675.0,-116550.0
2022-08-30 09:47:00,-3412.5,-110775.0,-114187.5
2022-08-30 09:48:00,-10050.0,-108937.5,-118987.5
2022-08-30 09:49:00,-17362.5,-103425.0,-120787.5
2022-08-30 09:50:00,-16575.0,-104325.0,-120900.0
2022-08-30 09:51:00,-45225.0,-89700.0,-134925.0
2022-08-30 09:52:00,-40312.5,-94237.5,-134550.0
2022-08-30 09:53:00,-31012.5,-99525.0,-130537.5
2022-08-30 09:54:00,-18487.5,-104925.0,-123412.5
2022-08-30 09:55:00,-16162.5,-108450.0,-124612.5
2022-08-30 09:56:00,-6787.5,-111300.0,-118087.5
2022-08-30 09:57:00,-7012.5,-110775.0,-117787.5
2022-08-30 09:58:00,-21600.0,-103350.0,-124950.0
2022-08-30 09:59:00,-31312.5,-99450.0,-130762.5
2022-08-30 10:00:00,-37725.0,-95437.5,-133162.5
2022-08-30 10:01:00,-39487.5,-95737.5,-135225.0
2022-08-30 10:02:00,-42487.5,-93487.5,-135975.0
2022-08-30 10:03:00,-39937.5,-95962.5,-135900.0
2022-08-30 10:04:00,-34800.0,-98400.0,-133200.0
2022-08-30 10:05:00,-36337.5,-96787.5,-133125.0
2022-08-30 10:06:00,-50437.5,-93862.5,-144300.0
2022-08-30 10:07:00,-62025.0,-84712.5,-146737.5
2022-08-30 10:08:00,-60937.5,-84787.5,-145725.0
2022-08-30 10:09:00,-62437.5,-85275.0,-147712.5
2022-08-30 10:10:00,-76575.0,-79012.5,-155587.5
2022-08-30 10:11:00,-67237.5,-82500.0,-149737.5
2022-08-30 10:12:00,-58012.5,-87262.5,-145275.0
2022-08-30 10:13:00,-61200.0,-84862.5,-146062.5
2022-08-30 10:14:00,-68287.5,-84037.5,-152325.0
2022-08-30 10:15:00,-61725.0,-85050.0,-146775.0
2022-08-30 10:16:00,-54562.5,-88612.5,-143175.0
2022-08-30 10:17:00,-43125.0,-92625.0,-135750.0
2022-08-30 10:18:00,-53325.0,-88800.0,-142125.0
2022-08-30 10:19:00,-51825.0,-89850.0,-141675.0
2022-08-30 10:20:00,-40687.5,-94275.0,-134962.5
2022-08-30 10:21:00,-48937.5,-93750.0,-142687.5
2022-08-30 10:22:00,-37612.5,-94012.5,-131625.0
2022-08-30 10:23:00,-49875.0,-93825.0,-143700.0
2022-08-30 10:24:00,-49237.5,-92475.0,-141712.5
2022-08-30 10:25:00,-38812.5,-93075.0,-131887.5
2022-08-30 10:26:00,-58012.5,-88350.0,-146362.5
2022-08-30 10:27:00,-59550.0,-84787.5,-144337.5
2022-08-30 10:28:00,-65625.0,-81487.5,-147112.5
2022-08-30 10:29:00,-69750.0,-80700.0,-150450.0
2022-08-30 10:30:00,-66225.0,-78637.5,-144862.5
2022-08-30 10:31:00,-77175.0,-76725.0,-153900.0
2022-08-30 10:32:00,-72037.5,-82012.5,-154050.0
2022-08-30 10:33:00,-66787.5,-81150.0,-147937.5
2022-08-30 10:34:00,-73462.5,-79725.0,-153187.5
2022-08-30 10:35:00,-67537.5,-81787.5,-149325.0
2022-08-30 10:36:00,-67537.5,-81075.0,-148612.5
2022-08-30 10:37:00,-65025.0,-82012.5,-147037.5
2022-08-30 10:38:00,-71925.0,-79575.0,-151500.0
2022-08-30 10:39:00,-73200.0,-78675.0,-151875.0
2022-08-30 10:40:00,-87150.0,-70725.0,-157875.0
2022-08-30 10:41:00,-106350.0,-63450.0,-169800.0
2022-08-30 10:42:00,-117712.5,-56062.5,-173775.0
2022-08-30 10:43:00,-131212.5,-53962.5,-185175.0
2022-08-30 10:44:00,-142162.5,-47362.5,-189525.0
2022-08-30 10:45:00,-151537.5,-43500.0,-195037.5
2022-08-30 10:46:00,-140587.5,-49350.0,-189937.5
2022-08-30 10:47:00,-139200.0,-49462.5,-188662.5
2022-08-30 10:48:00,-159187.5,-39637.5,-198825.0
2022-08-30 10:49:00,-172162.5,-30937.5,-203100.0
2022-08-30 10:50:00,-165075.0,-29737.5,-194812.5
2022-08-30 10:51:00,-165375.0,-32400.0,-197775.0
2022-08-30 10:52:00,-167137.5,-32137.5,-199275.0
2022-08-30 10:53:00,-166837.5,-31762.5,-198600.0
2022-08-30 10:54:00,-160762.5,-36487.5,-197250.0
2022-08-30 10:55:00,-175162.5,-29662.5,-204825.0
2022-08-30 10:56:00,-166725.0,-32662.5,-199387.5
2022-08-30 10:57:00,-156900.0,-37612.5,-194512.5
2022-08-30 10:58:00,-169087.5,-32925.0,-202012.5
2022-08-30 10:59:00,-188662.5,-21337.5,-210000.0
2022-08-30 11:00:00,-175500.0,-29587.5,-205087.5
2022-08-30 11:01:00,-160762.5,-36900.0,-197662.5
2022-08-30 11:02:00,-164062.5,-32850.0,-196912.5
2022-08-30 11:03:00,-180112.5,-27450.0,-207562.5
2022-08-30 11:04:00,-178987.5,-25162.5,-204150.0
2022-08-30 11:05:00,-175837.5,-26137.5,-201975.0
2022-08-30 11:06:00,-174675.0,-23512.5,-198187.5
2022-08-30 11:07:00,-188475.0,-20062.5,-208537.5
2022-08-30 11:08:00,-197625.0,-12975.0,-210600.0
2022-08-30 11:09:00,-205425.0,-10387.5,-215812.5
2022-08-30 11:10:00,-199800.0,-10537.5,-210337.5
2022-08-30 11:11:00,-193650.0,-16125.0,-209775.0
2022-08-30 11:12:00,-190162.5,-14925.0,-205087.5
2022-08-30 11:13:00,-193875.0,-15750.0,-209625.0
2022-08-30 11:14:00,-195487.5,-16350.0,-211837.5
2022-08-30 11:15:00,-216487.5,-4612.5,-221100.0
2022-08-30 11:16:00,-209025.0,-7050.0,-216075.0
2022-08-30 11:17:00,-205162.5,-7387.5,-212550.0
2022-08-30 11:18:00,-195600.0,-12450.0,-208050.0
2022-08-30 11:19:00,-197400.0,-13162.5,-210562.5
2022-08-30 11:20:00,-190162.5,-16650.0,-206812.5
2022-08-30 11:21:00,-204037.5,-13350.0,-217387.5
2022-08-30 11:22:00,-197400.0,-13425.0,-210825.0
2022-08-30 11:23:00,-189562.5,-15337.5,-204900.0
2022-08-30 11:24:00,-188362.5,-18562.5,-206925.0
2022-08-30 11:25:00,-199312.5,-11587.5,-210900.0
2022-08-30 11:26:00,-207075.0,-7837.5,-214912.5
2022-08-30 11:27:00,-195787.5,-14475.0,-210262.5
2022-08-30 11:28:00,-204675.0,-12412.5,-217087.5
2022-08-30 11:29:00,-195187.5,-14887.5,-210075.0
2022-08-30 11:30:00,-207787.5,-9375.0,-217162.5
2022-08-30 11:31:00,-214387.5,-2700.0,-217087.5
2022-08-30 11:32:00,-202425.0,-10875.0,-213300.0
2022-08-30 11:33:00,-217800.0,450.0,-217350.0
2022-08-30 11:34:00,-205350.0,-6712.5,-212062.5
2022-08-30 11:35:00,-212250.0,-7125.0,-219375.0
2022-08-30 11:36:00,-206287.5,-9900.0,-216187.5
2022-08-30 11:37:00,-201300.0,-17400.0,-218700.0
2022-08-30 11:38:00,-202350.0,-16912.5,-219262.5
2022-08-30 11:39:00,-186637.5,-19387.5,-206025.0
2022-08-30 11:40:00,-191025.0,-19087.5,-210112.5
2022-08-30 11:41:00,-186975.0,-21937.5,-208912.5
2022-08-30 11:42:00,-204450.0,-13500.0,-217950.0
2022-08-30 11:43:00,-217125.0,-9900.0,-227025.0
2022-08-30 11:44:00,-209550.0,-7837.5,-217387.5
2022-08-30 11:45:00,-211650.0,-6037.5,-217687.5
2022-08-30 11:46:00,-195825.0,-15862.5,-211687.5
2022-08-30 11:47:00,-191100.0,-22237.5,-213337.5
2022-08-30 11:48:00,-190237.5,-21337.5,-211575.0
2022-08-30 11:49:00,-203212.5,-17100.0,-220312.5
2022-08-30 11:50:00,-193612.5,-19162.5,-212775.0
2022-08-30 11:51:00,-201075.0,-21300.0,-222375.0
2022-08-30 11:52:00,-213037.5,-12037.5,-225075.0
2022-08-30 11:53:00,-201562.5,-12637.5,-214200.0
2022-08-30 11:54:00,-201600.0,-15525.0,-217125.0
2022-08-30 11:55:00,-207600.0,-10237.5,-217837.5
2022-08-30 11:56:00,-215587.5,-1612.5,-217200.0
2022-08-30 11:57:00,-229500.0,11287.5,-218212.5
2022-08-30 11:58:00,-235162.5,9525.0,-225637.5
2022-08-30 11:59:00,-231300.0,8437.5,-222862.5
2022-08-30 12:00:00,-239025.0,12112.5,-226912.5
2022-08-30 12:01:00,-237562.5,13612.5,-223950.0
2022-08-30 12:02:00,-238462.5,9375.0,-229087.5
2022-08-30 12:03:00,-233362.5,9562.5,-223800.0
2022-08-30 12:04:00,-237037.5,10275.0,-226762.5
2022-08-30 12:05:00,-266100.0,24787.5,-241312.5
2022-08-30 12:06:00,-252675.0,18450.0,-234225.0
2022-08-30 12:07:00,-241125.0,16575.0,-224550.0
2022-08-30 12:08:00,-241387.5,17925.0,-223462.5
2022-08-30 12:09:00,-246450.0,18712.5,-227737.5
2022-08-30 12:10:00,-259237.5,20250.0,-238987.5
2022-08-30 12:11:00,-248250.0,21337.5,-226912.5
2022-08-30 12:12:00,-257212.5,25275.0,-231937.5
2022-08-30 12:13:00,-263925.0,26625.0,-237300.0
2022-08-30 12:14:00,-253725.0,27300.0,-226425.0
2022-08-30 12:15:00,-265050.0,30862.5,-234187.5
2022-08-30 12:16:00,-270300.0,31725.0,-238575.0
2022-08-30 12:17:00,-263850.0,31087.5,-232762.5
2022-08-30 12:18:00,-265650.0,30187.5,-235462.5
2022-08-30 12:19:00,-264075.0,31087.5,-232987.5
2022-08-30 12:20:00,-261112.5,29700.0,-231412.5
2022-08-30 12:21:00,-272100.0,38625.0,-233475.0
2022-08-30 12:22:00,-269100.0,38250.0,-230850.0
2022-08-30 12:23:00,-273675.0,36787.5,-236887.5
2022-08-30 12:24:00,-292650.0,42187.5,-250462.5
2022-08-30 12:25:00,-297900.0,-11737.5,-309637.5
2022-08-30 12:26:00,-283350.0,-9825.0,-293175.0
2022-08-30 12:27:00,-290175.0,-11400.0,-301575.0
2022-08-30 12:28:00,-298500.0,-12300.0,-310800.0
2022-08-30 12:29:00,-282300.0,-11887.5,-294187.5
2022-08-30 12:30:00,-278587.5,-13237.5,-291825.0
2022-08-30 12:31:00,-291112.5,-11812.5,-302925.0
2022-08-30 12:32:00,-283162.5,-7837.5,-291000.0
2022-08-30 12:33:00,-294862.5,-3450.0,-298312.5
2022-08-30 12:34:00,-291562.5,-10500.0,-302062.5
2022-08-30 12:35:00,-281812.5,-9675.0,-291487.5
2022-08-30 12:36:00,-297825.0,-10312.5,-308137.5
2022-08-30 12:37:00,-287362.5,-10725.0,-298087.5
2022-08-30 12:38:00,-277950.0,-12825.0,-290775.0
2022-08-30 12:39:00,-307012.5,-10762.5,-317775.0
2022-08-30 12:40:00,-291225.0,-9525.0,-300750.0
2022-08-30 12:41:00,-288150.0,-8700.0,-296850.0
2022-08-30 12:42:00,-304725.0,-8850.0,-313575.0
2022-08-30 12:43:00,-291712.5,-8400.0,-300112.5
2022-08-30 12:44:00,-298612.5,-8887.5,-307500.0
2022-08-30 12:45:00,-316687.5,-3187.5,-319875.0
2022-08-30 12:46:00,-305325.0,-2175.0,-307500.0
2022-08-30 12:47:00,-308475.0,-787.5,-309262.5
2022-08-30 12:48:00,-325087.5,2212.5,-322875.0
2022-08-30 12:49:00,-313275.0,11962.5,-301312.5
2022-08-30 12:50:00,-318675.0,14925.0,-303750.0
2022-08-30 12:51:00,-329325.0,11400.0,-317925.0
2022-08-30 12:52:00,-320625.0,9225.0,-311400.0
2022-08-30 12:53:00,-315637.5,10725.0,-304912.5
2022-08-30 12:54:00,-300712.5,6600.0,-294112.5
2022-08-30 12:55:00,-314025.0,7012.5,-307012.5
2022-08-30 12:56:00,-304425.0,4012.5,-300412.5
2022-08-30 12:57:00,-307950.0,2775.0,-305175.0
2022-08-30 12:58:00,-316087.5,6600.0,-309487.5
2022-08-30 12:59:00,-333937.5,4687.5,-329250.0
2022-08-30 13:00:00,-316500.0,9225.0,-307275.0
2022-08-30 13:01:00,-341812.5,17962.5,-323850.0
2022-08-30 13:02:00,-336000.0,19350.0,-316650.0
2022-08-30 13:03:00,-346500.0,23625.0,-322875.0
2022-08-30 13:04:00,-347625.0,26662.5,-320962.5
2022-08-30 13:05:00,-348337.5,26250.0,-322087.5
2022-08-30 13:06:00,-350362.5,27487.5,-322875.0
2022-08-30 13:07:00,-338100.0,23362.5,-314737.5
2022-08-30 13:08:00,-345787.5,23512.5,-322275.0
2022-08-30 13:09:00,-350662.5,18375.0,-332287.5
2022-08-30 13:10:00,-343312.5,25800.0,-317512.5
2022-08-30 13:11:00,-340612.5,22237.5,-318375.0
2022-08-30 13:12:00,-340162.5,24262.5,-315900.0
2022-08-30 13:13:00,-342675.0,24187.5,-318487.5
2022-08-30 13:14:00,-339075.0,23700.0,-315375.0
2022-08-30 13:15:00,-333637.5,28500.0,-305137.5
2022-08-30 13:16:00,-340875.0,22237.5,-318637.5
2022-08-30 13:17:00,-344812.5,30300.0,-314512.5
2022-08-30 13:18:00,-362850.0,40762.5,-322087.5
2022-08-30 13:19:00,955387.5,35887.5,991275.0
2022-08-30 13:20:00,-375900.0,37987.5,-337912.5
2022-08-30 13:21:00,-360937.5,36862.5,-324075.0
2022-08-30 13:22:00,-367762.5,35025.0,-332737.5
2022-08-30 13:23:00,-366225.0,32812.5,-333412.5
2022-08-30 13:24:00,-357187.5,33562.5,-323625.0
2022-08-30 13:25:00,-365775.0,32775.0,-333000.0
2022-08-30 13:26:00,-355350.0,33937.5,-321412.5
2022-08-30 13:27:00,-346762.5,29362.5,-317400.0
2022-08-30 13:28:00,-348825.0,31162.5,-317662.5
2022-08-30 13:29:00,-341625.0,30412.5,-311212.5
2022-08-30 13:30:00,-361950.0,29137.5,-332812.5
2022-08-30 13:31:00,-365550.0,34762.5,-330787.5
2022-08-30 13:32:00,-368925.0,37612.5,-331312.5
2022-08-30 13:33:00,-353025.0,43575.0,-309450.0
2022-08-30 13:34:00,-365175.0,39112.5,-326062.5
2022-08-30 13:35:00,-367050.0,38850.0,-328200.0
2022-08-30 13:36:00,-362700.0,41737.5,-320962.5
2022-08-30 13:37:00,-372375.0,42262.5,-330112.5
2022-08-30 13:38:00,-366150.0,41100.0,-325050.0
2022-08-30 13:39:00,-368962.5,42525.0,-326437.5
2022-08-30 13:40:00,-365812.5,44025.0,-321787.5
2022-08-30 13:41:00,-373725.0,51487.5,-322237.5
2022-08-30 13:42:00,-390825.0,51825.0,-339000.0
2022-08-30 13:43:00,-377850.0,53587.5,-324262.5
2022-08-30 13:44:00,-385875.0,38475.0,-347400.0
2022-08-30 13:45:00,-392887.5,45787.5,-347100.0
2022-08-30 13:46:00,-370125.0,41512.5,-328612.5
2022-08-30 13:47:00,-379987.5,37125.0,-342862.5
2022-08-30 13:48:00,-386212.5,44887.5,-341325.0
2022-08-30 13:49:00,-378300.0,39675.0,-338625.0
2022-08-30 13:50:00,-379687.5,40012.5,-339675.0
2022-08-30 13:51:00,-370725.0,39712.5,-331012.5
2022-08-30 13:52:00,-370050.0,34237.5,-335812.5
2022-08-30 13:53:00,-371700.0,31575.0,-340125.0
2022-08-30 13:54:00,-365062.5,28050.0,-337012.5
2022-08-30 13:55:00,-354000.0,21450.0,-332550.0
2022-08-30 13:56:00,-373237.5,25912.5,-347325.0
2022-08-30 13:57:00,-368775.0,34537.5,-334237.5
2022-08-30 13:58:00,-367312.5,29175.0,-338137.5
2022-08-30 13:59:00,-363712.5,27525.0,-336187.5
2022-08-30 14:00:00,-371400.0,32137.5,-339262.5
2022-08-30 14:01:00,-384600.0,34650.0,-349950.0
2022-08-30 14:02:00,-376387.5,37050.0,-339337.5
2022-08-30 14:03:00,-360450.0,30675.0,-329775.0
2022-08-30 14:04:00,-375600.0,28162.5,-347437.5
2022-08-30 14:05:00,-370875.0,29662.5,-341212.5
2022-08-30 14:06:00,-354862.5,22875.0,-331987.5
2022-08-30 14:07:00,-370050.0,26925.0,-343125.0
2022-08-30 14:08:00,-360675.0,29137.5,-331537.5
2022-08-30 14:09:00,-344775.0,24000.0,-320775.0
2022-08-30 14:10:00,-352950.0,25800.0,-327150.0
2022-08-30 14:11:00,-365700.0,21075.0,-344625.0
2022-08-30 14:12:00,-367462.5,28612.5,-338850.0
2022-08-30 14:13:00,-365325.0,32625.0,-332700.0
2022-08-30 14:14:00,-390525.0,35175.0,-355350.0
2022-08-30 14:15:00,-381862.5,40312.5,-341550.0
2022-08-30 14:16:00,-410212.5,57262.5,-352950.0
2022-08-30 14:17:00,-416775.0,67087.5,-349687.5
2022-08-30 14:18:00,-415162.5,69675.0,-345487.5
2022-08-30 14:19:00,-420112.5,68850.0,-351262.5
2022-08-30 14:20:00,-424312.5,71662.5,-352650.0
2022-08-30 14:21:00,-433425.0,67537.5,-365887.5
2022-08-30 14:22:00,-415350.0,71062.5,-344287.5
2022-08-30 14:23:00,-432300.0,69862.5,-362437.5
2022-08-30 14:24:00,-414600.0,68175.0,-346425.0
2022-08-30 14:25:00,-423525.0,70200.0,-353325.0
2022-08-30 14:26:00,-448425.0,75750.0,-372675.0
2022-08-30 14:27:00,-444937.5,88162.5,-356775.0
2022-08-30 14:28:00,-458887.5,89025.0,-369862.5
2022-08-30 14:29:00,-446400.0,132337.5,-314062.5
2022-08-30 14:30:00,-463350.0,132262.5,-331087.5
2022-08-30 14:31:00,-466462.5,136425.0,-330037.5
2022-08-30 14:32:00,-467212.5,136500.0,-330712.5
2022-08-30 14:33:00,-460087.5,138937.5,-321150.0
2022-08-30 14:34:00,-481462.5,137662.5,-343800.0
2022-08-30 14:35:00,-454837.5,136912.5,-317925.0
2022-08-30 14:36:00,-453187.5,136087.5,-317100.0
2022-08-30 14:37:00,-440362.5,134737.5,-305625.0
2022-08-30 14:38:00,-446700.0,134475.0,-312225.0
2022-08-30 14:39:00,-437850.0,135450.0,-302400.0
2022-08-30 14:40:00,-435675.0,133087.5,-302587.5
2022-08-30 14:41:00,-439050.0,134625.0,-304425.0
2022-08-30 14:42:00,-444075.0,133650.0,-310425.0
2022-08-30 14:43:00,-458175.0,135300.0,-322875.0
2022-08-30 14:44:00,-450825.0,136762.5,-314062.5
2022-08-30 14:45:00,-467587.5,135375.0,-332212.5
2022-08-30 14:46:00,-454087.5,136687.5,-317400.0
2022-08-30 14:47:00,1052775.0,134587.5,1187362.5
2022-08-30 14:48:00,-430200.0,133837.5,-296362.5
2022-08-30 14:49:00,-447075.0,134325.0,-312750.0
2022-08-30 14:50:00,-454575.0,135900.0,-318675.0
2022-08-30 14:51:00,-485512.5,135562.5,-349950.0
2022-08-30 14:52:00,-490425.0,140700.0,-349725.0
2022-08-30 14:53:00,-476025.0,142125.0,-333900.0
2022-08-30 14:54:00,-481950.0,142275.0,-339675.0
2022-08-30 14:55:00,-483412.5,143662.5,-339750.0
2022-08-30 14:56:00,-496687.5,143212.5,-353475.0
2022-08-30 14:57:00,-502350.0,144412.5,-357937.5
2022-08-30 14:58:00,-487912.5,143475.0,-344437.5
2022-08-30 14:59:00,-480225.0,142612.5,-337612.5
2022-08-30 15:00:00,-473400.0,138825.0,-334575.0
2022-08-30 15:01:00,-508950.0,151387.5,-357562.5
2022-08-30 15:02:00,-503212.5,272100.0,-231112.5
2022-08-30 15:03:00,-516262.5,274612.5,-241650.0
2022-08-30 15:04:00,-517500.0,278662.5,-238837.5
2022-08-30 15:05:00,-523012.5,279450.0,-243562.5
2022-08-30 15:06:00,-549000.0,280987.5,-268012.5
2022-08-30 15:07:00,-532500.0,288562.5,-243937.5
2022-08-30 15:08:00,-528900.0,287812.5,-241087.5
2022-08-30 15:09:00,-524100.0,289762.5,-234337.5
2022-08-30 15:10:00,-508800.0,290812.5,-217987.5
2022-08-30 15:11:00,-511725.0,285900.0,-225825.0
2022-08-30 15:12:00,-520537.5,286200.0,-234337.5
2022-08-30 15:13:00,-523462.5,288187.5,-235275.0
2022-08-30 15:14:00,-519712.5,285937.5,-233775.0
2022-08-30 15:15:00,-508125.0,286725.0,-221400.0
2022-08-30 15:16:00,-509137.5,282037.5,-227100.0
2022-08-30 15:17:00,-518437.5,284550.0,-233887.5
2022-08-30 15:18:00,-517987.5,288525.0,-229462.5
2022-08-30 15:19:00,-515250.0,291000.0,-224250.0
2022-08-30 15:20:00,-520462.5,293025.0,-227437.5
2022-08-30 15:21:00,-531825.0,296475.0,-235350.0
2022-08-30 15:22:00,-517425.0,295387.5,-222037.5
2022-08-30 15:23:00,-516825.0,294000.0,-222825.0
2022-08-30 15:24:00,-531787.5,294637.5,-237150.0
2022-08-30 15:25:00,-525487.5,295500.0,-229987.5
2022-08-30 15:26:00,-525075.0,294262.5,-230812.5
2022-08-30 15:27:00,-522562.5,290437.5,-232125.0
2022-08-30 15:28:00,-512812.5,284700.0,-228112.5
2022-08-30 15:29:00,-513037.5,281137.5,-231900.0
2022-08-30 15:30:00,335325.0,281775.0,617100.0
2022-09-01 09:15:00,-809475.0,56775.0,-752700.0
2022-09-01 09:16:00,-281137.5,124312.5,-156825.0
2022-09-01 09:17:00,-291487.5,132300.0,-159187.5
2022-09-01 09:18:00,-258712.5,108862.5,-149850.0
2022-09-01 09:19:00,-225000.0,98587.5,-126412.5
2022-09-01 09:20:00,-282000.0,117712.5,-164287.5
2022-09-01 09:21:00,-283537.5,116400.0,-167137.5
2022-09-01 09:22:00,-318525.0,134475.0,-184050.0
2022-09-01 09:23:00,-306300.0,125025.0,-181275.0
2022-09-01 09:24:00,-296400.0,123600.0,-172800.0
2022-09-01 09:25:00,-268800.0,113437.5,-155362.5
2022-09-01 09:26:00,-236287.5,97462.5,-138825.0
2022-09-01 09:27:00,-266325.0,110362.5,-155962.5
2022-09-01 09:28:00,-236812.5,101775.0,-135037.5
2022-09-01 09:29:00,-279562.5,114637.5,-164925.0
2022-09-01 09:30:00,-270075.0,110850.0,-159225.0
2022-09-01 09:31:00,-305812.5,120150.0,-185662.5
2022-09-01 09:32:00,-334875.0,129600.0,-205275.0
2022-09-01 09:33:00,-359400.0,134175.0,-225225.0
2022-09-01 09:34:00,-349762.5,135000.0,-214762.5
2022-09-01 09:35:00,-315712.5,122175.0,-193537.5
2022-09-01 09:36:00,-328875.0,126862.5,-202012.5
2022-09-01 09:37:00,-390337.5,146550.0,-243787.5
2022-09-01 09:38:00,-427612.5,163275.0,-264337.5
2022-09-01 09:39:00,-454987.5,164850.0,-290137.5
2022-09-01 09:40:00,-431475.0,165637.5,-265837.5
2022-09-01 09:41:00,-477937.5,167137.5,-310800.0
2022-09-01 09:42:00,-496087.5,188062.5,-308025.0
2022-09-01 09:43:00,-478200.0,189300.0,-288900.0
2022-09-01 09:44:00,-490912.5,189825.0,-301087.5
2022-09-01 09:45:00,-481950.0,189112.5,-292837.5
2022-09-01 09:46:00,-513337.5,199050.0,-314287.5
2022-09-01 09:47:00,-518662.5,196687.5,-321975.0
2022-09-01 09:48:00,-505012.5,198487.5,-306525.0
2022-09-01 09:49:00,-477825.0,184837.5,-292987.5
2022-09-01 09:50:00,-447000.0,164512.5,-282487.5
2022-09-01 09:51:00,-389137.5,145762.5,-243375.0
2022-09-01 09:52:00,-404512.5,151800.0,-252712.5
2022-09-01 09:53:00,-465825.0,167437.5,-298387.5
2022-09-01 09:54:00,-456075.0,172800.0,-283275.0
2022-09-01 09:55:00,-460875.0,174937.5,-285937.5
2022-09-01 09:56:00,-448387.5,166837.5,-281550.0
2022-09-01 09:57:00,-443662.5,166762.5,-276900.0
2022-09-01 09:58:00,-451800.0,165787.5,-286012.5
2022-09-01 09:59:00,-439350.0,165975.0,-273375.0
2022-09-01 10:00:00,-454125.0,163462.5,-290662.5
2022-09-01 10:01:00,-443100.0,169162.5,-273937.5
2022-09-01 10:02:00,-447150.0,171825.0,-275325.0
2022-09-01 10:03:00,-472462.5,170475.0,-301987.5
2022-09-01 10:04:00,-507337.5,176550.0,-330787.5
2022-09-01 10:05:00,-501262.5,186487.5,-314775.0
2022-09-01 10:06:00,-490687.5,184912.5,-305775.0
2022-09-01 10:07:00,-531825.0,195187.5,-336637.5
2022-09-01 10:08:00,-499950.0,190612.5,-309337.5
2022-09-01 10:09:00,-527625.0,198262.5,-329362.5
2022-09-01 10:10:00,-515550.0,200962.5,-314587.5
2022-09-01 10:11:00,-580125.0,209025.0,-371100.0
2022-09-01 10:12:00,-584962.5,219450.0,-365512.5
2022-09-01 10:13:00,-600937.5,223312.5,-377625.0
2022-09-01 10:14:00,-572137.5,224362.5,-347775.0
2022-09-01 10:15:00,-585262.5,224362.5,-360900.0
2022-09-01 10:16:00,-591037.5,228675.0,-362362.5
2022-09-01 10:17:00,-576375.0,219787.5,-356587.5
2022-09-01 10:18:00,-611625.0,226125.0,-385500.0
2022-09-01 10:19:00,-570412.5,229425.0,-340987.5
2022-09-01 10:20:00,-587400.0,226725.0,-360675.0
2022-09-01 10:21:00,-589312.5,220312.5,-369000.0
2022-09-01 10:22:00,-585712.5,226387.5,-359325.0
2022-09-01 10:23:00,-598800.0,239137.5,-359662.5
2022-09-01 10:24:00,-615750.0,240825.0,-374925.0
2022-09-01 10:25:00,-621225.0,251662.5,-369562.5
2022-09-01 10:26:00,-648637.5,251887.5,-396750.0
2022-09-01 10:27:00,-604200.0,243150.0,-361050.0
2022-09-01 10:28:00,-598875.0,239962.5,-358912.5
2022-09-01 10:29:00,-622912.5,244462.5,-378450.0
2022-09-01 10:30:00,-590475.0,246525.0,-343950.0
2022-09-01 10:31:00,-597937.5,243187.5,-354750.0
2022-09-01 10:32:00,-599625.0,237637.5,-361987.5
2022-09-01 10:33:00,-598800.0,236437.5,-362362.5
2022-09-01 10:34:00,-594750.0,232575.0,-362175.0
2022-09-01 10:35:00,-573675.0,222037.5,-351637.5
2022-09-01 10:36:00,-559650.0,221737.5,-337912.5
2022-09-01 10:37:00,-564450.0,222150.0,-342300.0
2022-09-01 10:38:00,-553200.0,208350.0,-344850.0
2022-09-01 10:39:00,-521362.5,194587.5,-326775.0
2022-09-01 10:40:00,-489712.5,183862.5,-305850.0
2022-09-01 10:41:00,-551400.0,213262.5,-338137.5
2022-09-01 10:42:00,-568237.5,210825.0,-357412.5
2022-09-01 10:43:00,-554550.0,213037.5,-341512.5
2022-09-01 10:44:00,-587962.5,230287.5,-357675.0
2022-09-01 10:45:00,-584025.0,212662.5,-371362.5
2022-09-01 10:46:00,-571762.5,217312.5,-354450.0
2022-09-01 10:47:00,-589575.0,224512.5,-365062.5
2022-09-01 10:48:00,-555225.0,218175.0,-337050.0
2022-09-01 10:49:00,-560625.0,207637.5,-352987.5
2022-09-01 10:50:00,-537075.0,207000.0,-330075.0
2022-09-01 10:51:00,-552150.0,204225.0,-347925.0
2022-09-01 10:52:00,-530512.5,205462.5,-325050.0
2022-09-01 10:53:00,-530850.0,204262.5,-326587.5
2022-09-01 10:54:00,-548962.5,205162.5,-343800.0
2022-09-01 10:55:00,-551662.5,214800.0,-336862.5
2022-09-01 10:56:00,-546262.5,207487.5,-338775.0
2022-09-01 10:57:00,-556425.0,211537.5,-344887.5
2022-09-01 10:58:00,-575812.5,227175.0,-348637.5
2022-09-01 10:59:00,-591262.5,223687.5,-367575.0
2022-09-01 11:00:00,-563475.0,223125.0,-340350.0
2022-09-01 11:01:00,-543787.5,206775.0,-337012.5
2022-09-01 11:02:00,-518062.5,202612.5,-315450.0
2022-09-01 11:03:00,-510262.5,199575.0,-310687.5
2022-09-01 11:04:00,-545887.5,197550.0,-348337.5
2022-09-01 11:05:00,-531525.0,201450.0,-330075.0
2022-09-01 11:06:00,-521587.5,184425.0,-337162.5
2022-09-01 11:07:00,-506850.0,193312.5,-313537.5
2022-09-01 11:08:00,-532200.0,188400.0,-343800.0
2022-09-01 11:09:00,-504525.0,197812.5,-306712.5
2022-09-01 11:10:00,-453300.0,190575.0,-262725.0
2022-09-01 11:11:00,-512775.0,182250.0,-330525.0
2022-09-01 11:12:00,-533062.5,202725.0,-330337.5
2022-09-01 11:13:00,-581137.5,201150.0,-379987.5
2022-09-01 11:14:00,689062.5,207450.0,896512.5
2022-09-01 11:15:00,-551175.0,205650.0,-345525.0
2022-09-01 11:16:00,-561225.0,209437.5,-351787.5
2022-09-01 11:17:00,-556987.5,213150.0,-343837.5
2022-09-01 11:18:00,-596812.5,228187.5,-368625.0
2022-09-01 11:19:00,-604875.0,236100.0,-368775.0
2022-09-01 11:20:00,-551175.0,223050.0,-328125.0
2022-09-01 11:21:00,-560250.0,213075.0,-347175.0
2022-09-01 11:22:00,718950.0,221700.0,940650.0
2022-09-01 11:23:00,-585262.5,228637.5,-356625.0
2022-09-01 11:24:00,-592200.0,226725.0,-365475.0
2022-09-01 11:25:00,-574537.5,228787.5,-345750.0
2022-09-01 11:26:00,-599587.5,223500.0,-376087.5
2022-09-01 11:27:00,-569287.5,224812.5,-344475.0
2022-09-01 11:28:00,-612525.0,226087.5,-386437.5
2022-09-01 11:29:00,-586800.0,227850.0,-358950.0
2022-09-01 11:30:00,-593175.0,224250.0,-368925.0
2022-09-01 11:31:00,722325.0,230437.5,952762.5
2022-09-01 11:32:00,-577162.5,227100.0,-350062.5
2022-09-01 11:33:00,-568762.5,227362.5,-341400.0
2022-09-01 11:34:00,690112.5,216525.0,906637.5
2022-09-01 11:35:00,-552187.5,215062.5,-337125.0
2022-09-01 11:36:00,680812.5,206812.5,887625.0
2022-09-01 11:37:00,-585675.0,211650.0,-374025.0
2022-09-01 11:38:00,-537675.0,212925.0,-324750.0
2022-09-01 11:39:00,-543450.0,203512.5,-339937.5
2022-09-01 11:40:00,-561150.0,206812.5,-354337.5
2022-09-01 11:41:00,-531675.0,204600.0,-327075.0
2022-09-01 11:42:00,-550312.5,207112.5,-343200.0
2022-09-01 11:43:00,-554662.5,205350.0,-349312.5
2022-09-01 11:44:00,677700.0,204187.5,881887.5
2022-09-01 11:45:00,-531600.0,207787.5,-323812.5
2022-09-01 11:46:00,-502012.5,195412.5,-306600.0
2022-09-01 11:47:00,-467062.5,177112.5,-289950.0
2022-09-01 11:48:00,-459412.5,165562.5,-293850.0
2022-09-01 11:49:00,-444937.5,155325.0,-289612.5
2022-09-01 11:50:00,-465975.0,150412.5,-315562.5
2022-09-01 11:51:00,-450075.0,164662.5,-285412.5
2022-09-01 11:52:00,-466575.0,164175.0,-302400.0
2022-09-01 11:53:00,-460650.0,157200.0,-303450.0
2022-09-01 11:54:00,-390225.0,145050.0,-245175.0
2022-09-01 11:55:00,-383175.0,111187.5,-271987.5
2022-09-01 11:56:00,-344437.5,92737.5,-251700.0
2022-09-01 11:57:00,-338962.5,97687.5,-241275.0
2022-09-01 11:58:00,-345262.5,96600.0,-248662.5
2022-09-01 11:59:00,-405075.0,119662.5,-285412.5
2022-09-01 12:00:00,-371100.0,117187.5,-253912.5
2022-09-01 12:01:00,-390825.0,111487.5,-279337.5
2022-09-01 12:02:00,-464175.0,148575.0,-315600.0
2022-09-01 12:03:00,-441562.5,140400.0,-301162.5
2022-09-01 12:04:00,-423712.5,129562.5,-294150.0
2022-09-01 12:05:00,-452887.5,146025.0,-306862.5
2022-09-01 12:06:00,-467850.0,143287.5,-324562.5
2022-09-01 12:07:00,-465075.0,157087.5,-307987.5
2022-09-01 12:08:00,-463537.5,146737.5,-316800.0
2022-09-01 12:09:00,-460687.5,149850.0,-310837.5
2022-09-01 12:10:00,-446362.5,142762.5,-303600.0
2022-09-01 12:11:00,-471412.5,148950.0,-322462.5
2022-09-01 12:12:00,-477037.5,156487.5,-320550.0
2022-09-01 12:13:00,-473625.0,157500.0,-316125.0
2022-09-01 12:14:00,-518850.0,165037.5,-353812.5
2022-09-01 12:15:00,-508425.0,167325.0,-341100.0
2022-09-01 12:16:00,-495637.5,160237.5,-335400.0
2022-09-01 12:17:00,-508950.0,163837.5,-345112.5
2022-09-01 12:18:00,-493950.0,167362.5,-326587.5
2022-09-01 12:19:00,-465825.0,155925.0,-309900.0
2022-09-01 12:20:00,-460575.0,152025.0,-308550.0
2022-09-01 12:21:00,-490350.0,154050.0,-336300.0
2022-09-01 12:22:00,-454500.0,144075.0,-310425.0
2022-09-01 12:23:00,-461700.0,145800.0,-315900.0
2022-09-01 12:24:00,-450712.5,139912.5,-310800.0
2022-09-01 12:25:00,-455175.0,145875.0,-309300.0
2022-09-01 12:26:00,-436987.5,148237.5,-288750.0
2022-09-01 12:27:00,-452400.0,143025.0,-309375.0
2022-09-01 12:28:00,-451762.5,144975.0,-306787.5
2022-09-01 12:29:00,-425737.5,134212.5,-291525.0
2022-09-01 12:30:00,-406987.5,132075.0,-274912.5
2022-09-01 12:31:00,-386212.5,121087.5,-265125.0
2022-09-01 12:32:00,-399225.0,128512.5,-270712.5
2022-09-01 12:33:00,-436162.5,121837.5,-314325.0
2022-09-01 12:34:00,-447712.5,136537.5,-311175.0
2022-09-01 12:35:00,-422512.5,135412.5,-287100.0
2022-09-01 12:36:00,-443325.0,135562.5,-307762.5
2022-09-01 12:37:00,-435075.0,143250.0,-291825.0
2022-09-01 12:38:00,-420787.5,121200.0,-299587.5
2022-09-01 12:39:00,-407400.0,122550.0,-284850.0
2022-09-01 12:40:00,-443400.0,138750.0,-304650.0
2022-09-01 12:41:00,-442725.0,132825.0,-309900.0
2022-09-01 12:42:00,-457837.5,134775.0,-323062.5
2022-09-01 12:43:00,-465150.0,147337.5,-317812.5
2022-09-01 12:44:00,-445800.0,139875.0,-305925.0
2022-09-01 12:45:00,-480562.5,157687.5,-322875.0
2022-09-01 12:46:00,-490575.0,166087.5,-324487.5
2022-09-01 12:47:00,-484350.0,161587.5,-322762.5
2022-09-01 12:48:00,-454425.0,141937.5,-312487.5
2022-09-01 12:49:00,-437437.5,134737.5,-302700.0
2022-09-01 12:50:00,-420112.5,124275.0,-295837.5
2022-09-01 12:51:00,-401400.0,119025.0,-282375.0
2022-09-01 12:52:00,-427200.0,131512.5,-295687.5
2022-09-01 12:53:00,-461850.0,137775.0,-324075.0
2022-09-01 12:54:00,-424537.5,127837.5,-296700.0
2022-09-01 12:55:00,-419212.5,126037.5,-293175.0
2022-09-01 12:56:00,-406200.0,120112.5,-286087.5
2022-09-01 12:57:00,-428325.0,126112.5,-302212.5
2022-09-01 12:58:00,-422175.0,124837.5,-297337.5
2022-09-01 12:59:00,-338250.0,97875.0,-240375.0
2022-09-01 13:00:00,-311325.0,68137.5,-243187.5
2022-09-01 13:01:00,-286200.0,59437.5,-226762.5
2022-09-01 13:02:00,-321937.5,73687.5,-248250.0
2022-09-01 13:03:00,-320025.0,92512.5,-227512.5
2022-09-01 13:04:00,-321525.0,75862.5,-245662.5
2022-09-01 13:05:00,-345900.0,82237.5,-263662.5
2022-09-01 13:06:00,-356025.0,87075.0,-268950.0
2022-09-01 13:07:00,-360225.0,85312.5,-274912.5
2022-09-01 13:08:00,-335287.5,75375.0,-259912.5
2022-09-01 13:09:00,-309187.5,63862.5,-245325.0
2022-09-01 13:10:00,-658687.5,60000.0,-598687.5
2022-09-01 13:11:00,-1299262.5,39150.0,-1260112.5
2022-09-01 13:12:00,-1281525.0,39787.5,-1241737.5
2022-09-01 13:13:00,-1302037.5,36975.0,-1265062.5
2022-09-01 13:14:00,-1291200.0,32962.5,-1258237.5
2022-09-01 13:15:00,-1323637.5,41325.0,-1282312.5
2022-09-01 13:16:00,-1324875.0,48825.0,-1276050.0
2022-09-01 13:17:00,-1315162.5,42150.0,-1273012.5
2022-09-01 13:18:00,-1339762.5,49087.5,-1290675.0
2022-09-01 13:19:00,-1353225.0,68887.5,-1284337.5
2022-09-01 13:20:00,-1362712.5,65025.0,-1297687.5
2022-09-01 13:21:00,-1361587.5,67837.5,-1293750.0
2022-09-01 13:22:00,-1407412.5,91950.0,-1315462.5
2022-09-01 13:23:00,-1338075.0,72037.5,-1266037.5
2022-09-01 13:24:00,-1358137.5,61312.5,-1296825.0
2022-09-01 13:25:00,-1342275.0,57337.5,-1284937.5
2022-09-01 13:26:00,-1365150.0,66337.5,-1298812.5
2022-09-01 13:27:00,-1360687.5,67687.5,-1293000.0
2022-09-01 13:28:00,-1363575.0,60900.0,-1302675.0
2022-09-01 13:29:00,-1354950.0,68550.0,-1286400.0
2022-09-01 13:30:00,-1368750.0,75975.0,-1292775.0
2022-09-01 13:31:00,-1388812.5,86662.5,-1302150.0
2022-09-01 13:32:00,-1374037.5,67875.0,-1306162.5
2022-09-01 13:33:00,-1344825.0,48862.5,-1295962.5
2022-09-01 13:34:00,-1368225.0,55687.5,-1312537.5
2022-09-01 13:35:00,-1369350.0,65625.0,-1303725.0
2022-09-01 13:36:00,-1379737.5,62550.0,-1317187.5
2022-09-01 13:37:00,-1377337.5,73050.0,-1304287.5
2022-09-01 13:38:00,-1384050.0,66187.5,-1317862.5
2022-09-01 13:39:00,-1362562.5,56362.5,-1306200.0
2022-09-01 13:40:00,-1350600.0,44962.5,-1305637.5
2022-09-01 13:41:00,-1320712.5,41062.5,-1279650.0
2022-09-01 13:42:00,-1308900.0,21787.5,-1287112.5
2022-09-01 13:43:00,-1317300.0,33412.5,-1283887.5
2022-09-01 13:44:00,-1340962.5,35175.0,-1305787.5
2022-09-01 13:45:00,-1350187.5,49425.0,-1300762.5
2022-09-01 13:46:00,-1332112.5,41250.0,-1290862.5
2022-09-01 13:47:00,-1297387.5,17325.0,-1280062.5
2022-09-01 13:48:00,-1318575.0,30937.5,-1287637.5
2022-09-01 13:49:00,-1308675.0,24450.0,-1284225.0
2022-09-01 13:50:00,-1308412.5,12000.0,-1296412.5
2022-09-01 13:51:00,-1290975.0,-1350.0,-1292325.0
2022-09-01 13:52:00,-1273312.5,7312.5,-1266000.0
2022-09-01 13:53:00,-1275712.5,-14887.5,-1290600.0
2022-09-01 13:54:00,-1261387.5,-20025.0,-1281412.5
2022-09-01 13:55:00,-1165987.5,-41025.0,-1207012.5
2022-09-01 13:56:00,-1105012.5,-76012.5,-1181025.0
2022-09-01 13:57:00,-1094400.0,-75262.5,-1169662.5
2022-09-01 13:58:00,-1071675.0,-85012.5,-1156687.5
2022-09-01 13:59:00,-1042425.0,-94237.5,-1136662.5
2022-09-01 14:00:00,-1044075.0,-94312.5,-1138387.5
2022-09-01 14:01:00,-1126687.5,-68062.5,-1194750.0
2022-09-01 14:02:00,-1115737.5,-72225.0,-1187962.5
2022-09-01 14:03:00,-1104300.0,-75675.0,-1179975.0
2022-09-01 14:04:00,-1108462.5,-75600.0,-1184062.5
2022-09-01 14:05:00,-1117125.0,-73200.0,-1190325.0
2022-09-01 14:06:00,-1066950.0,-93300.0,-1160250.0
2022-09-01 14:07:00,-1096987.5,-84300.0,-1181287.5
2022-09-01 14:08:00,-1076212.5,-88012.5,-1164225.0
2022-09-01 14:09:00,-1123725.0,-71700.0,-1195425.0
2022-09-01 14:10:00,-1108237.5,-74850.0,-1183087.5
2022-09-01 14:11:00,-1112437.5,-82237.5,-1194675.0
2022-09-01 14:12:00,-1239450.0,-31050.0,-1270500.0
2022-09-01 14:13:00,-1244475.0,-20775.0,-1265250.0
2022-09-01 14:14:00,-1312162.5,-7875.0,-1320037.5
2022-09-01 14:15:00,-1269450.0,-21862.5,-1291312.5
2022-09-01 14:16:00,-1212412.5,-44362.5,-1256775.0
2022-09-01 14:17:00,-1222575.0,-41812.5,-1264387.5
2022-09-01 14:18:00,-1220287.5,-41625.0,-1261912.5
2022-09-01 14:19:00,-1215262.5,-52087.5,-1267350.0
2022-09-01 14:20:00,-1182450.0,-55912.5,-1238362.5
2022-09-01 14:21:00,-1204237.5,-52237.5,-1256475.0
2022-09-01 14:22:00,-1213237.5,-50850.0,-1264087.5
2022-09-01 14:23:00,-1198125.0,-49912.5,-1248037.5
2022-09-01 14:24:00,-1212562.5,-43725.0,-1256287.5
2022-09-01 14:25:00,-1221112.5,-43012.5,-1264125.0
2022-09-01 14:26:00,-1235175.0,-41925.0,-1277100.0
2022-09-01 14:27:00,-1339575.0,10162.5,-1329412.5
2022-09-01 14:28:00,-1354987.5,2175.0,-1352812.5
2022-09-01 14:29:00,-1321087.5,15562.5,-1305525.0
2022-09-01 14:30:00,-1332900.0,2512.5,-1330387.5
2022-09-01 14:31:00,-1398675.0,12750.0,-1385925.0
2022-09-01 14:32:00,-1430250.0,40687.5,-1389562.5
2022-09-01 14:33:00,-1477837.5,66262.5,-1411575.0
2022-09-01 14:34:00,-1522387.5,86737.5,-1435650.0
2022-09-01 14:35:00,-1500975.0,75037.5,-1425937.5
2022-09-01 14:36:00,-1503975.0,85762.5,-1418212.5
2022-09-01 14:37:00,-1489762.5,68700.0,-1421062.5
2022-09-01 14:38:00,-1483050.0,58950.0,-1424100.0
2022-09-01 14:39:00,-1442925.0,44737.5,-1398187.5
2022-09-01 14:40:00,-1454550.0,40425.0,-1414125.0
2022-09-01 14:41:00,-1461600.0,43050.0,-1418550.0
2022-09-01 14:42:00,-1497637.5,69112.5,-1428525.0
2022-09-01 14:43:00,-1494000.0,60712.5,-1433287.5
2022-09-01 14:44:00,-1500262.5,67800.0,-1432462.5
2022-09-01 14:45:00,-1508250.0,74287.5,-1433962.5
2022-09-01 14:46:00,-1502137.5,72300.0,-1429837.5
2022-09-01 14:47:00,-1489387.5,71512.5,-1417875.0
2022-09-01 14:48:00,-1468612.5,52612.5,-1416000.0
2022-09-01 14:49:00,-1436362.5,35512.5,-1400850.0
2022-09-01 14:50:00,-1425225.0,19575.0,-1405650.0
2022-09-01 14:51:00,-1380675.0,3825.0,-1376850.0
2022-09-01 14:52:00,-1316362.5,-33112.5,-1349475.0
2022-09-01 14:53:00,-1439325.0,24900.0,-1414425.0
2022-09-01 14:54:00,-1458862.5,35400.0,-1423462.5
2022-09-01 14:55:00,-1461937.5,39900.0,-1422037.5
2022-09-01 14:56:00,-1484737.5,50925.0,-1433812.5
2022-09-01 14:57:00,-1462125.0,40875.0,-1421250.0
2022-09-01 14:58:00,-1470900.0,42187.5,-1428712.5
2022-09-01 14:59:00,-1488787.5,52237.5,-1436550.0
2022-09-01 15:00:00,-1465125.0,40312.5,-1424812.5
2022-09-01 15:01:00,-1402237.5,-2925.0,-1405162.5
2022-09-01 15:02:00,-1390237.5,-12412.5,-1402650.0
2022-09-01 15:03:00,-2730825.0,-47437.5,-2778262.5
2022-09-01 15:04:00,-2733225.0,-38475.0,-2771700.0
2022-09-01 15:05:00,-2676675.0,-69900.0,-2746575.0
2022-09-01 15:06:00,-2785687.5,-12150.0,-2797837.5
2022-09-01 15:07:00,-2824350.0,7725.0,-2816625.0
2022-09-01 15:08:00,-2806537.5,-4162.5,-2810700.0
2022-09-01 15:09:00,-2825400.0,75.0,-2825325.0
2022-09-01 15:10:00,-2850750.0,19125.0,-2831625.0
2022-09-01 15:11:00,-2915025.0,54262.5,-2860762.5
2022-09-01 15:12:00,-2932087.5,111337.5,-2820750.0
2022-09-01 15:13:00,-2964112.5,140400.0,-2823712.5
2022-09-01 15:14:00,-2957550.0,132750.0,-2824800.0
2022-09-01 15:15:00,-2941237.5,118162.5,-2823075.0
2022-09-01 15:16:00,-2941387.5,101550.0,-2839837.5
2022-09-01 15:17:00,-2936362.5,103387.5,-2832975.0
2022-09-01 15:18:00,-2943300.0,108075.0,-2835225.0
2022-09-01 15:19:00,-2914612.5,97012.5,-2817600.0
2022-09-01 15:20:00,-2913975.0,93300.0,-2820675.0
2022-09-01 15:21:00,-2902125.0,84675.0,-2817450.0
2022-09-01 15:22:00,-2903512.5,87150.0,-2816362.5
2022-09-01 15:23:00,-2912512.5,87037.5,-2825475.0
2022-09-01 15:24:00,-2910600.0,91725.0,-2818875.0
2022-09-01 15:25:00,-2914575.0,92250.0,-2822325.0
2022-09-01 15:26:00,-5768062.5,639112.5,-5128950.0
2022-09-01 15:27:00,-5768062.5,639112.5,-5128950.0
2022-09-01 15:28:00,-5768062.5,639112.5,-5128950.0
2022-09-01 15:29:00,-5768062.5,639112.5,-5128950.0
2022-09-01 15:30:00,-5768062.5,639112.5,-5128950.0
